Copyright 1986-2022 Xilinx, Inc. All Rights Reserved. Copyright 2022-2023 Advanced Micro Devices, Inc. All Rights Reserved.
--------------------------------------------------------------------------------------------------------------------------------------------------------------------------------------------
| Tool Version : Vivado v.2023.2 (win64) Build 4029153 Fri Oct 13 20:14:34 MDT 2023
| Date         : Sun Dec 14 17:13:25 2025
| Host         : RHIT-PW01EG6F running 64-bit major release  (build 9200)
| Command      : report_timing_summary -max_paths 10 -file caravel_timing_summary_routed.rpt -pb caravel_timing_summary_routed.pb -rpx caravel_timing_summary_routed.rpx -warn_on_violation
| Design       : caravel
| Device       : 7a100t-csg324
| Speed File   : -1  PRODUCTION 1.23 2018-06-13
| Design State : Routed
--------------------------------------------------------------------------------------------------------------------------------------------------------------------------------------------

Timing Summary Report

------------------------------------------------------------------------------------------------
| Timer Settings
| --------------
------------------------------------------------------------------------------------------------

  Enable Multi Corner Analysis               :  Yes
  Enable Pessimism Removal                   :  Yes
  Pessimism Removal Resolution               :  Nearest Common Node
  Enable Input Delay Default Clock           :  No
  Enable Preset / Clear Arcs                 :  No
  Disable Flight Delays                      :  No
  Ignore I/O Paths                           :  No
  Timing Early Launch at Borrowing Latches   :  No
  Borrow Time for Max Delay Exceptions       :  Yes
  Merge Timing Exceptions                    :  Yes
  Inter-SLR Compensation                     :  Conservative

  Corner  Analyze    Analyze    
  Name    Max Paths  Min Paths  
  ------  ---------  ---------  
  Slow    Yes        Yes        
  Fast    Yes        Yes        


------------------------------------------------------------------------------------------------
| Report Methodology
| ------------------
------------------------------------------------------------------------------------------------

Rule       Severity          Description                                             Violations  
---------  ----------------  ------------------------------------------------------  ----------  
TIMING-17  Critical Warning  Non-clocked sequential cell                             1000        
LUTAR-1    Warning           LUT drives async reset alert                            4           
XDCC-1     Warning           Scoped Clock constraint overwritten with the same name  1           
XDCC-7     Warning           Scoped Clock constraint overwritten on the same source  1           
XDCH-2     Warning           Same min and max delay values on IO port                84          

Note: This report is based on the most recent report_methodology run and may not be up-to-date. Run report_methodology on the current design for the latest report.



check_timing report

Table of Contents
-----------------
1. checking no_clock (4005)
2. checking constant_clock (0)
3. checking pulse_width_clock (0)
4. checking unconstrained_internal_endpoints (2872)
5. checking no_input_delay (1)
6. checking no_output_delay (18)
7. checking multiple_clock (0)
8. checking generated_clocks (0)
9. checking loops (0)
10. checking partial_input_delay (0)
11. checking partial_output_delay (0)
12. checking latch_loops (0)

1. checking no_clock (4005)
---------------------------
 There are 615 register/latch pins with no clock driven by root clock pin: mprj_io[3] (HIGH)

 There are 660 register/latch pins with no clock driven by root clock pin: mprj_io[4] (HIGH)

 There are 310 register/latch pins with no clock driven by root clock pin: chip_core/housekeeping/serial_bb_clock_reg/Q (HIGH)

 There are 500 register/latch pins with no clock driven by root clock pin: chip_core/housekeeping/serial_bb_enable_reg/Q (HIGH)

 There are 190 register/latch pins with no clock driven by root clock pin: chip_core/housekeeping/serial_bb_load_reg/Q (HIGH)

 There are 310 register/latch pins with no clock driven by root clock pin: chip_core/housekeeping/serial_clock_pre_reg/Q (HIGH)

 There are 190 register/latch pins with no clock driven by root clock pin: chip_core/housekeeping/serial_load_pre_reg/Q (HIGH)

 There are 615 register/latch pins with no clock driven by root clock pin: chip_core/housekeeping/wbbd_busy_reg/Q (HIGH)

 There are 615 register/latch pins with no clock driven by root clock pin: chip_core/housekeeping/wbbd_sck_reg/Q (HIGH)


2. checking constant_clock (0)
------------------------------
 There are 0 register/latch pins with constant_clock.


3. checking pulse_width_clock (0)
---------------------------------
 There are 0 register/latch pins which need pulse_width check


4. checking unconstrained_internal_endpoints (2872)
---------------------------------------------------
 There are 2872 pins that are not constrained for maximum delay. (HIGH)

 There are 0 pins that are not constrained for maximum delay due to constant clock.


5. checking no_input_delay (1)
------------------------------
 There is 1 input port with no input delay specified. (HIGH)

 There are 0 input ports with no input delay but user has a false path constraint.


6. checking no_output_delay (18)
--------------------------------
 There are 18 ports with no output delay specified. (HIGH)

 There are 0 ports with no output delay but user has a false path constraint

 There are 0 ports with no output delay but with a timing clock defined on it or propagating through it


7. checking multiple_clock (0)
------------------------------
 There are 0 register/latch pins with multiple clocks.


8. checking generated_clocks (0)
--------------------------------
 There are 0 generated clocks that are not connected to a clock source.


9. checking loops (0)
---------------------
 There are 0 combinational loops in the design.


10. checking partial_input_delay (0)
------------------------------------
 There are 0 input ports with partial input delay specified.


11. checking partial_output_delay (0)
-------------------------------------
 There are 0 ports with partial output delay specified.


12. checking latch_loops (0)
----------------------------
 There are 0 combinational latch loops in the design through latch input



------------------------------------------------------------------------------------------------
| Design Timing Summary
| ---------------------
------------------------------------------------------------------------------------------------

    WNS(ns)      TNS(ns)  TNS Failing Endpoints  TNS Total Endpoints      WHS(ns)      THS(ns)  THS Failing Endpoints  THS Total Endpoints     WPWS(ns)     TPWS(ns)  TPWS Failing Endpoints  TPWS Total Endpoints  
    -------      -------  ---------------------  -------------------      -------      -------  ---------------------  -------------------     --------     --------  ----------------------  --------------------  
      8.262        0.000                      0                40576        0.036        0.000                      0                40576        3.000        0.000                       0                 14039  


All user specified timing constraints are met.


------------------------------------------------------------------------------------------------
| Clock Summary
| -------------
------------------------------------------------------------------------------------------------

Clock               Waveform(ns)       Period(ns)      Frequency(MHz)
-----               ------------       ----------      --------------
clock100            {0.000 5.000}      10.000          100.000         
  clkfbout_clk_fix  {0.000 25.000}     50.000          20.000          
  clock12           {0.000 41.667}     83.333          12.000          


------------------------------------------------------------------------------------------------
| Intra Clock Table
| -----------------
------------------------------------------------------------------------------------------------

Clock                   WNS(ns)      TNS(ns)  TNS Failing Endpoints  TNS Total Endpoints      WHS(ns)      THS(ns)  THS Failing Endpoints  THS Total Endpoints     WPWS(ns)     TPWS(ns)  TPWS Failing Endpoints  TPWS Total Endpoints  
-----                   -------      -------  ---------------------  -------------------      -------      -------  ---------------------  -------------------     --------     --------  ----------------------  --------------------  
clock100                                                                                                                                                              3.000        0.000                       0                     1  
  clkfbout_clk_fix                                                                                                                                                   47.845        0.000                       0                     3  
  clock12                 8.262        0.000                      0                40261        0.036        0.000                      0                40261       40.417        0.000                       0                 14035  


------------------------------------------------------------------------------------------------
| Inter Clock Table
| -----------------
------------------------------------------------------------------------------------------------

From Clock    To Clock          WNS(ns)      TNS(ns)  TNS Failing Endpoints  TNS Total Endpoints      WHS(ns)      THS(ns)  THS Failing Endpoints  THS Total Endpoints  
----------    --------          -------      -------  ---------------------  -------------------      -------      -------  ---------------------  -------------------  


------------------------------------------------------------------------------------------------
| Other Path Groups Table
| -----------------------
------------------------------------------------------------------------------------------------

Path Group         From Clock         To Clock               WNS(ns)      TNS(ns)  TNS Failing Endpoints  TNS Total Endpoints      WHS(ns)      THS(ns)  THS Failing Endpoints  THS Total Endpoints  
----------         ----------         --------               -------      -------  ---------------------  -------------------      -------      -------  ---------------------  -------------------  
**async_default**  clock12            clock12                 25.702        0.000                      0                  315        0.518        0.000                      0                  315  


------------------------------------------------------------------------------------------------
| Timing Details
| --------------
------------------------------------------------------------------------------------------------


---------------------------------------------------------------------------------------------------
From Clock:  clock100
  To Clock:  clock100

Setup :           NA  Failing Endpoints,  Worst Slack           NA  ,  Total Violation           NA
Hold  :           NA  Failing Endpoints,  Worst Slack           NA  ,  Total Violation           NA
PW    :            0  Failing Endpoints,  Worst Slack        3.000ns,  Total Violation        0.000ns
---------------------------------------------------------------------------------------------------


Pulse Width Checks
--------------------------------------------------------------------------------------
Clock Name:         clock100
Waveform(ns):       { 0.000 5.000 }
Period(ns):         10.000
Sources:            { clock100 }

Check Type        Corner  Lib Pin            Reference Pin  Required(ns)  Actual(ns)  Slack(ns)  Location         Pin
Min Period        n/a     MMCME2_ADV/CLKIN1  n/a            1.249         10.000      8.751      MMCME2_ADV_X1Y2  clk_fix/inst/mmcm_adv_inst/CLKIN1
Max Period        n/a     MMCME2_ADV/CLKIN1  n/a            100.000       10.000      90.000     MMCME2_ADV_X1Y2  clk_fix/inst/mmcm_adv_inst/CLKIN1
Low Pulse Width   Slow    MMCME2_ADV/CLKIN1  n/a            2.000         5.000       3.000      MMCME2_ADV_X1Y2  clk_fix/inst/mmcm_adv_inst/CLKIN1
Low Pulse Width   Fast    MMCME2_ADV/CLKIN1  n/a            2.000         5.000       3.000      MMCME2_ADV_X1Y2  clk_fix/inst/mmcm_adv_inst/CLKIN1
High Pulse Width  Slow    MMCME2_ADV/CLKIN1  n/a            2.000         5.000       3.000      MMCME2_ADV_X1Y2  clk_fix/inst/mmcm_adv_inst/CLKIN1
High Pulse Width  Fast    MMCME2_ADV/CLKIN1  n/a            2.000         5.000       3.000      MMCME2_ADV_X1Y2  clk_fix/inst/mmcm_adv_inst/CLKIN1



---------------------------------------------------------------------------------------------------
From Clock:  clkfbout_clk_fix
  To Clock:  clkfbout_clk_fix

Setup :           NA  Failing Endpoints,  Worst Slack           NA  ,  Total Violation           NA
Hold  :           NA  Failing Endpoints,  Worst Slack           NA  ,  Total Violation           NA
PW    :            0  Failing Endpoints,  Worst Slack       47.845ns,  Total Violation        0.000ns
---------------------------------------------------------------------------------------------------


Pulse Width Checks
--------------------------------------------------------------------------------------
Clock Name:         clkfbout_clk_fix
Waveform(ns):       { 0.000 25.000 }
Period(ns):         50.000
Sources:            { clk_fix/inst/mmcm_adv_inst/CLKFBOUT }

Check Type  Corner  Lib Pin              Reference Pin  Required(ns)  Actual(ns)  Slack(ns)  Location         Pin
Min Period  n/a     BUFG/I               n/a            2.155         50.000      47.845     BUFGCTRL_X0Y17   clk_fix/inst/clkf_buf/I
Min Period  n/a     MMCME2_ADV/CLKFBOUT  n/a            1.249         50.000      48.751     MMCME2_ADV_X1Y2  clk_fix/inst/mmcm_adv_inst/CLKFBOUT
Min Period  n/a     MMCME2_ADV/CLKFBIN   n/a            1.249         50.000      48.751     MMCME2_ADV_X1Y2  clk_fix/inst/mmcm_adv_inst/CLKFBIN
Max Period  n/a     MMCME2_ADV/CLKFBIN   n/a            100.000       50.000      50.000     MMCME2_ADV_X1Y2  clk_fix/inst/mmcm_adv_inst/CLKFBIN
Max Period  n/a     MMCME2_ADV/CLKFBOUT  n/a            213.360       50.000      163.360    MMCME2_ADV_X1Y2  clk_fix/inst/mmcm_adv_inst/CLKFBOUT



---------------------------------------------------------------------------------------------------
From Clock:  clock12
  To Clock:  clock12

Setup :            0  Failing Endpoints,  Worst Slack        8.262ns,  Total Violation        0.000ns
Hold  :            0  Failing Endpoints,  Worst Slack        0.036ns,  Total Violation        0.000ns
PW    :            0  Failing Endpoints,  Worst Slack       40.417ns,  Total Violation        0.000ns
---------------------------------------------------------------------------------------------------


Max Delay Paths
--------------------------------------------------------------------------------------
Slack (MET) :             8.262ns  (required time - arrival time)
  Source:                 chip_core/soc/core/FSM_onehot_grant_reg[1]/C
                            (rising edge-triggered cell FDRE clocked by clock12  {rise@0.000ns fall@41.667ns period=83.333ns})
  Destination:            chip_core/mprj/TopLevel/DMA/u_mm2s/sreg_reg[27]/D
                            (rising edge-triggered cell FDRE clocked by clock12  {rise@0.000ns fall@41.667ns period=83.333ns})
  Path Group:             clock12
  Path Type:              Setup (Max at Slow Process Corner)
  Requirement:            83.333ns  (clock12 rise@83.333ns - clock12 rise@0.000ns)
  Data Path Delay:        74.890ns  (logic 22.874ns (30.543%)  route 52.016ns (69.457%))
  Logic Levels:           76  (CARRY4=18 DSP48E1=2 LUT2=8 LUT3=1 LUT4=10 LUT5=10 LUT6=25 MUXF7=1 MUXF8=1)
  Clock Path Skew:        -0.123ns (DCD - SCD + CPR)
    Destination Clock Delay (DCD):    -1.359ns = ( 81.975 - 83.333 ) 
    Source Clock Delay      (SCD):    -0.740ns
    Clock Pessimism Removal (CPR):    0.496ns
  Clock Uncertainty:      0.176ns  ((TSJ^2 + DJ^2)^1/2) / 2 + PE
    Total System Jitter     (TSJ):    0.071ns
    Discrete Jitter          (DJ):    0.346ns
    Phase Error              (PE):    0.000ns

    Location             Delay type                Incr(ns)  Path(ns)    Netlist Resource(s)
  -------------------------------------------------------------------    -------------------
                         (clock clock12 rise edge)    0.000     0.000 r  
    E3                                                0.000     0.000 r  clock100 (IN)
                         net (fo=0)                   0.000     0.000    clk_fix/inst/clk_in1
    E3                   IBUF (Prop_ibuf_I_O)         1.482     1.482 r  clk_fix/inst/clkin1_ibufg/O
                         net (fo=1, routed)           1.233     2.715    clk_fix/inst/clk_in1_clk_fix
    MMCME2_ADV_X1Y2      MMCME2_ADV (Prop_mmcme2_adv_CLKIN1_CLKOUT0)
                                                     -7.070    -4.355 r  clk_fix/inst/mmcm_adv_inst/CLKOUT0
                         net (fo=1, routed)           1.719    -2.636    clk_fix/inst/clk_out1_clk_fix
    BUFGCTRL_X0Y16       BUFG (Prop_bufg_I_O)         0.096    -2.540 r  clk_fix/inst/clkout1_buf/O
                         net (fo=14035, routed)       1.800    -0.740    chip_core/soc/core/clk_out1
    SLICE_X25Y26         FDRE                                         r  chip_core/soc/core/FSM_onehot_grant_reg[1]/C
  -------------------------------------------------------------------    -------------------
    SLICE_X25Y26         FDRE (Prop_fdre_C_Q)         0.419    -0.321 r  chip_core/soc/core/FSM_onehot_grant_reg[1]/Q
                         net (fo=179, routed)         1.329     1.008    chip_core/soc/core/VexRiscv/IBusCachedPlugin_cache/grant_reg[1]
    SLICE_X20Y24         LUT5 (Prop_lut5_I1_O)        0.299     1.307 f  chip_core/soc/core/VexRiscv/IBusCachedPlugin_cache/address_reg[11]_i_3/O
                         net (fo=41, routed)          1.338     2.646    chip_core/soc/core/VexRiscv/IBusCachedPlugin_cache/dbg_uart_address_reg[9]_1
    SLICE_X18Y33         LUT4 (Prop_lut4_I0_O)        0.124     2.770 r  chip_core/soc/core/VexRiscv/IBusCachedPlugin_cache/SevenSegDisplay[31]_i_15/O
                         net (fo=1, routed)           0.669     3.439    chip_core/soc/core/VexRiscv/IBusCachedPlugin_cache/SevenSegDisplay[31]_i_15_n_0
    SLICE_X18Y33         LUT5 (Prop_lut5_I4_O)        0.124     3.563 r  chip_core/soc/core/VexRiscv/IBusCachedPlugin_cache/SevenSegDisplay[31]_i_12/O
                         net (fo=1, routed)           0.455     4.017    chip_core/soc/core/VexRiscv/IBusCachedPlugin_cache/SevenSegDisplay[31]_i_12_n_0
    SLICE_X17Y33         LUT6 (Prop_lut6_I4_O)        0.124     4.141 r  chip_core/soc/core/VexRiscv/IBusCachedPlugin_cache/SevenSegDisplay[31]_i_6/O
                         net (fo=66, routed)          0.853     4.994    chip_core/soc/core/VexRiscv/IBusCachedPlugin_cache/SevenSegDisplay[31]_i_6_n_0
    SLICE_X31Y31         LUT6 (Prop_lut6_I0_O)        0.124     5.118 r  chip_core/soc/core/VexRiscv/IBusCachedPlugin_cache/FSM_onehot_current_state[3]_inv_i_3/O
                         net (fo=93, routed)          1.102     6.221    chip_core/mprj/TopLevel/DMA/u_mm2s/b3_active
    SLICE_X41Y45         LUT6 (Prop_lut6_I1_O)        0.124     6.345 r  chip_core/mprj/TopLevel/DMA/u_mm2s/memory[29][31]_i_12/O
                         net (fo=150, routed)         2.028     8.373    chip_core/mprj/TopLevel/DMA/u_mm2s/FSM_onehot_current_state_reg[1]_inv_4
    SLICE_X41Y75         LUT4 (Prop_lut4_I2_O)        0.154     8.527 f  chip_core/mprj/TopLevel/DMA/u_mm2s/multiregimpl4_regs0_i_262/O
                         net (fo=120, routed)         1.753    10.280    chip_core/mprj/TopLevel/LUT/lut_arb/multiregimpl4_regs0_reg_i_926_7
    SLICE_X32Y60         LUT6 (Prop_lut6_I1_O)        0.327    10.607 r  chip_core/mprj/TopLevel/LUT/lut_arb/multiregimpl4_regs0_i_930/O
                         net (fo=1, routed)           0.662    11.269    chip_core/mprj/TopLevel/LUT/lut_arb/multiregimpl4_regs0_i_930_n_0
    SLICE_X31Y60         CARRY4 (Prop_carry4_DI[0]_CO[3])
                                                      0.526    11.795 r  chip_core/mprj/TopLevel/LUT/lut_arb/multiregimpl4_regs0_reg_i_537/CO[3]
                         net (fo=1, routed)           0.000    11.795    chip_core/mprj/TopLevel/LUT/lut_arb/multiregimpl4_regs0_reg_i_537_n_0
    SLICE_X31Y61         CARRY4 (Prop_carry4_CI_CO[3])
                                                      0.114    11.909 r  chip_core/mprj/TopLevel/LUT/lut_arb/multiregimpl4_regs0_reg_i_271/CO[3]
                         net (fo=1, routed)           1.222    13.131    chip_core/mprj/TopLevel/LUT/lut_arb/indexing_unit/f22/result2
    SLICE_X31Y81         LUT5 (Prop_lut5_I1_O)        0.124    13.255 r  chip_core/mprj/TopLevel/LUT/lut_arb/multiregimpl4_regs0_i_118/O
                         net (fo=1, routed)           0.620    13.875    chip_core/mprj/TopLevel/LUT/lut_arb/multiregimpl4_regs0_i_118_n_0
    SLICE_X31Y82         LUT6 (Prop_lut6_I5_O)        0.124    13.999 r  chip_core/mprj/TopLevel/LUT/lut_arb/multiregimpl4_regs0_i_39/O
                         net (fo=13, routed)          1.255    15.254    chip_core/mprj/TopLevel/LUT/lut_arb/indexing_unit/D[21]_26
    SLICE_X40Y78         LUT4 (Prop_lut4_I2_O)        0.152    15.406 f  chip_core/mprj/TopLevel/LUT/lut_arb/memory[29][31]_i_76/O
                         net (fo=7, routed)           0.893    16.299    chip_core/mprj/TopLevel/LUT/lut_arb/memory[29][31]_i_76_n_0
    SLICE_X44Y78         LUT5 (Prop_lut5_I2_O)        0.352    16.651 f  chip_core/mprj/TopLevel/LUT/lut_arb/memory[29][31]_i_79/O
                         net (fo=1, routed)           1.114    17.765    chip_core/mprj/TopLevel/LUT/lut_arb/memory[29][31]_i_79_n_0
    SLICE_X42Y76         LUT6 (Prop_lut6_I0_O)        0.326    18.091 r  chip_core/mprj/TopLevel/LUT/lut_arb/memory[29][31]_i_36/O
                         net (fo=1, routed)           0.590    18.681    chip_core/mprj/TopLevel/LUT/lut_arb/memory[29][31]_i_36_n_0
    SLICE_X42Y77         LUT6 (Prop_lut6_I4_O)        0.124    18.805 r  chip_core/mprj/TopLevel/LUT/lut_arb/memory[29][31]_i_14/O
                         net (fo=2, routed)           1.151    19.956    chip_core/mprj/TopLevel/LUT/lut_arb/Index[1]
    SLICE_X44Y56         LUT6 (Prop_lut6_I3_O)        0.124    20.080 r  chip_core/mprj/TopLevel/LUT/lut_arb/memory[29][31]_i_3/O
                         net (fo=1123, routed)        2.807    22.886    chip_core/mprj/TopLevel/LUT/M_Unit_3/memory[31][0]_i_4__6_0
    SLICE_X60Y101        LUT6 (Prop_lut6_I4_O)        0.124    23.010 r  chip_core/mprj/TopLevel/LUT/M_Unit_3/memory[31][30]_i_5__6/O
                         net (fo=1, routed)           0.000    23.010    chip_core/mprj/TopLevel/LUT/M_Unit_3/memory[31][30]_i_5__6_n_0
    SLICE_X60Y101        MUXF7 (Prop_muxf7_I0_O)      0.241    23.251 r  chip_core/mprj/TopLevel/LUT/M_Unit_3/memory_reg[31][30]_i_3__1/O
                         net (fo=1, routed)           0.000    23.251    chip_core/mprj/TopLevel/LUT/M_Unit_3/memory_reg[31][30]_i_3__1_n_0
    SLICE_X60Y101        MUXF8 (Prop_muxf8_I0_O)      0.098    23.349 r  chip_core/mprj/TopLevel/LUT/M_Unit_3/memory_reg[31][30]_i_2__6/O
                         net (fo=4, routed)           1.088    24.438    chip_core/mprj/TopLevel/DMA/u_mm2s/memory__1087_2[30]
    SLICE_X60Y85         LUT6 (Prop_lut6_I5_O)        0.319    24.757 r  chip_core/mprj/TopLevel/DMA/u_mm2s/Exponent_carry__0_i_13/O
                         net (fo=1, routed)           0.801    25.558    chip_core/mprj/TopLevel/DMA/u_mm2s/Exponent_carry__0_i_13_n_0
    SLICE_X60Y77         LUT2 (Prop_lut2_I0_O)        0.150    25.708 r  chip_core/mprj/TopLevel/DMA/u_mm2s/Exponent_carry__0_i_9/O
                         net (fo=5, routed)           0.625    26.332    chip_core/mprj/TopLevel/DMA/u_mm2s/address_reg_reg[15]_7
    SLICE_X59Y73         LUT5 (Prop_lut5_I4_O)        0.328    26.660 r  chip_core/mprj/TopLevel/DMA/u_mm2s/Product_i_65/O
                         net (fo=1, routed)           0.407    27.067    chip_core/mprj/TopLevel/DMA/u_mm2s/Product_i_65_n_0
    SLICE_X59Y73         LUT6 (Prop_lut6_I5_O)        0.124    27.191 r  chip_core/mprj/TopLevel/DMA/u_mm2s/Product_i_18/O
                         net (fo=1, routed)           1.164    28.356    chip_core/mprj/TopLevel/LUT/MAC_Unit/multiplier/A[23]
    DSP48_X1Y22          DSP48E1 (Prop_dsp48e1_A[23]_PCOUT[47])
                                                      4.036    32.392 r  chip_core/mprj/TopLevel/LUT/MAC_Unit/multiplier/Product/PCOUT[47]
                         net (fo=1, routed)           0.002    32.394    chip_core/mprj/TopLevel/LUT/MAC_Unit/multiplier/Product_n_106
    DSP48_X1Y23          DSP48E1 (Prop_dsp48e1_PCIN[47]_P[3])
                                                      1.518    33.912 r  chip_core/mprj/TopLevel/LUT/MAC_Unit/multiplier/Product__0/P[3]
                         net (fo=1, routed)           0.744    34.656    chip_core/mprj/TopLevel/LUT/MAC_Unit/multiplier/Product__0_n_102
    SLICE_X57Y56         LUT4 (Prop_lut4_I2_O)        0.124    34.780 r  chip_core/mprj/TopLevel/LUT/MAC_Unit/multiplier/A_swap2_carry_i_49/O
                         net (fo=1, routed)           0.407    35.187    chip_core/mprj/TopLevel/LUT/MAC_Unit/multiplier/A_swap2_carry_i_49_n_0
    SLICE_X57Y56         LUT5 (Prop_lut5_I4_O)        0.124    35.311 r  chip_core/mprj/TopLevel/LUT/MAC_Unit/multiplier/A_swap2_carry_i_48/O
                         net (fo=1, routed)           0.433    35.744    chip_core/mprj/TopLevel/LUT/MAC_Unit/multiplier/A_swap2_carry_i_48_n_0
    SLICE_X57Y56         LUT6 (Prop_lut6_I5_O)        0.124    35.868 r  chip_core/mprj/TopLevel/LUT/MAC_Unit/multiplier/A_swap2_carry_i_45/O
                         net (fo=1, routed)           0.436    36.304    chip_core/mprj/TopLevel/LUT/MAC_Unit/multiplier/A_swap2_carry_i_45_n_0
    SLICE_X57Y57         LUT6 (Prop_lut6_I5_O)        0.124    36.428 r  chip_core/mprj/TopLevel/LUT/MAC_Unit/multiplier/A_swap2_carry_i_43/O
                         net (fo=1, routed)           0.000    36.428    chip_core/mprj/TopLevel/LUT/MAC_Unit/multiplier/A_swap2_carry_i_43_n_0
    SLICE_X57Y57         CARRY4 (Prop_carry4_S[0]_CO[3])
                                                      0.532    36.960 r  chip_core/mprj/TopLevel/LUT/MAC_Unit/multiplier/A_swap2_carry_i_30/CO[3]
                         net (fo=1, routed)           0.000    36.960    chip_core/mprj/TopLevel/LUT/MAC_Unit/multiplier/A_swap2_carry_i_30_n_0
    SLICE_X57Y58         CARRY4 (Prop_carry4_CI_CO[3])
                                                      0.114    37.074 r  chip_core/mprj/TopLevel/LUT/MAC_Unit/multiplier/A_swap2_carry_i_25/CO[3]
                         net (fo=1, routed)           0.000    37.074    chip_core/mprj/TopLevel/LUT/MAC_Unit/multiplier/A_swap2_carry_i_25_n_0
    SLICE_X57Y59         CARRY4 (Prop_carry4_CI_CO[3])
                                                      0.114    37.188 r  chip_core/mprj/TopLevel/LUT/MAC_Unit/multiplier/A_swap2_carry__0_i_30/CO[3]
                         net (fo=1, routed)           0.000    37.188    chip_core/mprj/TopLevel/LUT/MAC_Unit/multiplier/A_swap2_carry__0_i_30_n_0
    SLICE_X57Y60         CARRY4 (Prop_carry4_CI_O[3])
                                                      0.313    37.501 r  chip_core/mprj/TopLevel/LUT/MAC_Unit/multiplier/A_swap2_carry__0_i_25/O[3]
                         net (fo=2, routed)           0.976    38.478    chip_core/mprj/TopLevel/LUT/MAC_Unit/multiplier/Mantissa__0[15]
    SLICE_X58Y62         LUT4 (Prop_lut4_I0_O)        0.328    38.806 r  chip_core/mprj/TopLevel/LUT/MAC_Unit/multiplier/A_swap2_carry__1_i_40/O
                         net (fo=1, routed)           0.718    39.524    chip_core/mprj/TopLevel/LUT/MAC_Unit/multiplier/A_swap2_carry__1_i_40_n_0
    SLICE_X58Y62         LUT6 (Prop_lut6_I2_O)        0.328    39.852 r  chip_core/mprj/TopLevel/LUT/MAC_Unit/multiplier/A_swap2_carry__1_i_28/O
                         net (fo=1, routed)           0.595    40.447    chip_core/mprj/TopLevel/LUT/MAC_Unit/multiplier/A_swap2_carry__1_i_28_n_0
    SLICE_X56Y61         LUT6 (Prop_lut6_I5_O)        0.124    40.571 f  chip_core/mprj/TopLevel/LUT/MAC_Unit/multiplier/A_swap2_carry__1_i_13/O
                         net (fo=40, routed)          1.159    41.730    chip_core/mprj/TopLevel/LUT/MAC_Unit/multiplier/A_swap2_carry__1_i_13_n_0
    SLICE_X60Y69         LUT3 (Prop_lut3_I1_O)        0.150    41.880 f  chip_core/mprj/TopLevel/LUT/MAC_Unit/multiplier/A_swap2_carry__1_i_18/O
                         net (fo=38, routed)          1.476    43.357    chip_core/mprj/TopLevel/LUT/MAC_Unit/multiplier/A_swap2_carry__1_i_18_n_0
    SLICE_X56Y61         LUT2 (Prop_lut2_I1_O)        0.374    43.731 r  chip_core/mprj/TopLevel/LUT/MAC_Unit/multiplier/A_swap2_carry_i_17/O
                         net (fo=4, routed)           0.758    44.488    chip_core/mprj/TopLevel/LUT/MAC_Unit/multiplier/A_swap2_carry_i_17_n_0
    SLICE_X57Y65         LUT4 (Prop_lut4_I2_O)        0.328    44.816 r  chip_core/mprj/TopLevel/LUT/MAC_Unit/multiplier/A_swap2_carry_i_7/O
                         net (fo=1, routed)           0.000    44.816    chip_core/mprj/TopLevel/LUT/MAC_Unit/adder/S[1]
    SLICE_X57Y65         CARRY4 (Prop_carry4_S[1]_CO[3])
                                                      0.550    45.366 r  chip_core/mprj/TopLevel/LUT/MAC_Unit/adder/A_swap2_carry/CO[3]
                         net (fo=1, routed)           0.000    45.366    chip_core/mprj/TopLevel/LUT/MAC_Unit/adder/A_swap2_carry_n_0
    SLICE_X57Y66         CARRY4 (Prop_carry4_CI_CO[3])
                                                      0.114    45.480 r  chip_core/mprj/TopLevel/LUT/MAC_Unit/adder/A_swap2_carry__0/CO[3]
                         net (fo=1, routed)           0.000    45.480    chip_core/mprj/TopLevel/LUT/MAC_Unit/adder/A_swap2_carry__0_n_0
    SLICE_X57Y67         CARRY4 (Prop_carry4_CI_CO[3])
                                                      0.114    45.594 r  chip_core/mprj/TopLevel/LUT/MAC_Unit/adder/A_swap2_carry__1/CO[3]
                         net (fo=1, routed)           0.000    45.594    chip_core/mprj/TopLevel/LUT/MAC_Unit/adder/A_swap2_carry__1_n_0
    SLICE_X57Y68         CARRY4 (Prop_carry4_CI_CO[3])
                                                      0.114    45.708 r  chip_core/mprj/TopLevel/LUT/MAC_Unit/adder/A_swap2_carry__2/CO[3]
                         net (fo=83, routed)          1.252    46.960    chip_core/mprj/TopLevel/LUT/MAC_Unit/multiplier/CO[0]
    SLICE_X62Y72         LUT6 (Prop_lut6_I4_O)        0.124    47.084 r  chip_core/mprj/TopLevel/LUT/MAC_Unit/multiplier/exponent_diff_carry_i_14/O
                         net (fo=5, routed)           0.719    47.803    chip_core/mprj/TopLevel/LUT/MAC_Unit/multiplier/B_Exponent[0]
    SLICE_X62Y68         LUT2 (Prop_lut2_I1_O)        0.124    47.927 r  chip_core/mprj/TopLevel/LUT/MAC_Unit/multiplier/exponent_diff_carry_i_8/O
                         net (fo=1, routed)           0.000    47.927    chip_core/mprj/TopLevel/LUT/MAC_Unit/adder/Exponent_sub_carry_i_69_0[0]
    SLICE_X62Y68         CARRY4 (Prop_carry4_S[0]_CO[3])
                                                      0.513    48.440 r  chip_core/mprj/TopLevel/LUT/MAC_Unit/adder/exponent_diff_carry/CO[3]
                         net (fo=1, routed)           0.000    48.440    chip_core/mprj/TopLevel/LUT/MAC_Unit/adder/exponent_diff_carry_n_0
    SLICE_X62Y69         CARRY4 (Prop_carry4_CI_O[0])
                                                      0.219    48.659 r  chip_core/mprj/TopLevel/LUT/MAC_Unit/adder/exponent_diff_carry__0/O[0]
                         net (fo=41, routed)          0.692    49.351    chip_core/mprj/TopLevel/LUT/MAC_Unit/multiplier/p_1_in[4]
    SLICE_X63Y71         LUT2 (Prop_lut2_I1_O)        0.295    49.646 r  chip_core/mprj/TopLevel/LUT/MAC_Unit/multiplier/B_Exponent_shifted_carry__0_i_7/O
                         net (fo=1, routed)           0.000    49.646    chip_core/mprj/TopLevel/LUT/MAC_Unit/adder/wait_reg[21]_i_40[0]
    SLICE_X63Y71         CARRY4 (Prop_carry4_S[0]_O[3])
                                                      0.606    50.252 r  chip_core/mprj/TopLevel/LUT/MAC_Unit/adder/B_Exponent_shifted_carry__0/O[3]
                         net (fo=1, routed)           0.585    50.837    chip_core/mprj/TopLevel/LUT/MAC_Unit/multiplier/B_Exponent_shifted[7]
    SLICE_X65Y71         LUT4 (Prop_lut4_I1_O)        0.306    51.143 f  chip_core/mprj/TopLevel/LUT/MAC_Unit/multiplier/Exponent_sub_carry_i_41/O
                         net (fo=76, routed)          1.819    52.962    chip_core/mprj/TopLevel/LUT/MAC_Unit/multiplier/Exponent_sub_carry_i_41_n_0
    SLICE_X79Y65         LUT4 (Prop_lut4_I0_O)        0.124    53.086 f  chip_core/mprj/TopLevel/LUT/MAC_Unit/multiplier/Exponent_sub_carry_i_38/O
                         net (fo=88, routed)          1.174    54.260    chip_core/mprj/TopLevel/DMA/u_mm2s/Exponent_sub_carry_i_68
    SLICE_X69Y62         LUT2 (Prop_lut2_I1_O)        0.124    54.384 r  chip_core/mprj/TopLevel/DMA/u_mm2s/Exponent_sub_carry_i_89/O
                         net (fo=26, routed)          0.790    55.174    chip_core/mprj/TopLevel/LUT/MAC_Unit/multiplier/Exponent_sub_carry_i_32_1
    SLICE_X64Y66         LUT4 (Prop_lut4_I0_O)        0.124    55.298 r  chip_core/mprj/TopLevel/LUT/MAC_Unit/multiplier/Exponent_sub_carry_i_118/O
                         net (fo=23, routed)          0.667    55.965    chip_core/mprj/TopLevel/LUT/MAC_Unit/multiplier/exponent_diff_carry__0
    SLICE_X63Y63         LUT5 (Prop_lut5_I4_O)        0.124    56.089 r  chip_core/mprj/TopLevel/LUT/MAC_Unit/multiplier/Exponent_sub_carry_i_92/O
                         net (fo=1, routed)           0.000    56.089    chip_core/mprj/TopLevel/LUT/MAC_Unit/multiplier/Exponent_sub_carry_i_92_n_0
    SLICE_X63Y63         CARRY4 (Prop_carry4_S[1]_O[3])
                                                      0.640    56.729 r  chip_core/mprj/TopLevel/LUT/MAC_Unit/multiplier/Exponent_sub_carry_i_50/O[3]
                         net (fo=2, routed)           0.722    57.450    chip_core/mprj/TopLevel/LUT/MAC_Unit/adder/Exponent_sub_carry_i_17_0[3]
    SLICE_X61Y63         LUT2 (Prop_lut2_I1_O)        0.306    57.756 r  chip_core/mprj/TopLevel/LUT/MAC_Unit/adder/Exponent_sub_carry_i_51/O
                         net (fo=1, routed)           0.000    57.756    chip_core/mprj/TopLevel/LUT/MAC_Unit/multiplier/wait_reg[1]_i_6_0[3]
    SLICE_X61Y63         CARRY4 (Prop_carry4_S[3]_CO[3])
                                                      0.401    58.157 r  chip_core/mprj/TopLevel/LUT/MAC_Unit/multiplier/Exponent_sub_carry_i_25/CO[3]
                         net (fo=1, routed)           0.000    58.157    chip_core/mprj/TopLevel/LUT/MAC_Unit/multiplier/Exponent_sub_carry_i_25_n_0
    SLICE_X61Y64         CARRY4 (Prop_carry4_CI_O[1])
                                                      0.334    58.491 r  chip_core/mprj/TopLevel/LUT/MAC_Unit/multiplier/Exponent_sub_carry_i_26/O[1]
                         net (fo=27, routed)          1.178    59.670    chip_core/mprj/TopLevel/LUT/MAC_Unit/multiplier/Mantissa_sub0[5]
    SLICE_X65Y64         LUT4 (Prop_lut4_I1_O)        0.331    60.001 f  chip_core/mprj/TopLevel/LUT/MAC_Unit/multiplier/Exponent_sub_carry_i_189/O
                         net (fo=1, routed)           0.626    60.627    chip_core/mprj/TopLevel/LUT/MAC_Unit/multiplier/Exponent_sub_carry_i_189_n_0
    SLICE_X69Y64         LUT6 (Prop_lut6_I2_O)        0.332    60.959 r  chip_core/mprj/TopLevel/LUT/MAC_Unit/multiplier/Exponent_sub_carry_i_154/O
                         net (fo=1, routed)           0.927    61.885    chip_core/mprj/TopLevel/LUT/MAC_Unit/multiplier/Exponent_sub_carry_i_154_n_0
    SLICE_X70Y66         LUT6 (Prop_lut6_I0_O)        0.124    62.009 r  chip_core/mprj/TopLevel/LUT/MAC_Unit/multiplier/Exponent_sub_carry_i_124/O
                         net (fo=1, routed)           0.493    62.503    chip_core/mprj/TopLevel/LUT/MAC_Unit/multiplier/Exponent_sub_carry_i_124_n_0
    SLICE_X71Y66         LUT6 (Prop_lut6_I0_O)        0.124    62.627 r  chip_core/mprj/TopLevel/LUT/MAC_Unit/multiplier/Exponent_sub_carry_i_75/O
                         net (fo=1, routed)           0.402    63.029    chip_core/mprj/TopLevel/LUT/MAC_Unit/multiplier/Exponent_sub_carry_i_75_n_0
    SLICE_X71Y67         LUT6 (Prop_lut6_I5_O)        0.124    63.153 r  chip_core/mprj/TopLevel/LUT/MAC_Unit/multiplier/Exponent_sub_carry_i_39/O
                         net (fo=1, routed)           0.700    63.853    chip_core/mprj/TopLevel/LUT/MAC_Unit/multiplier/Exponent_sub_carry_i_39_n_0
    SLICE_X60Y67         LUT6 (Prop_lut6_I1_O)        0.124    63.977 r  chip_core/mprj/TopLevel/LUT/MAC_Unit/multiplier/Exponent_sub_carry_i_19/O
                         net (fo=1, routed)           0.408    64.385    chip_core/mprj/TopLevel/LUT/MAC_Unit/multiplier/Exponent_sub_carry_i_19_n_0
    SLICE_X59Y68         LUT2 (Prop_lut2_I1_O)        0.124    64.509 r  chip_core/mprj/TopLevel/LUT/MAC_Unit/multiplier/Exponent_sub_carry_i_8/O
                         net (fo=1, routed)           0.000    64.509    chip_core/mprj/TopLevel/LUT/MAC_Unit/adder/pe/wait_reg[23]_i_7_0[0]
    SLICE_X59Y68         CARRY4 (Prop_carry4_S[0]_CO[3])
                                                      0.532    65.041 r  chip_core/mprj/TopLevel/LUT/MAC_Unit/adder/pe/Exponent_sub_carry/CO[3]
                         net (fo=1, routed)           0.000    65.041    chip_core/mprj/TopLevel/LUT/MAC_Unit/adder/pe/Exponent_sub_carry_n_0
    SLICE_X59Y69         CARRY4 (Prop_carry4_CI_O[0])
                                                      0.222    65.263 r  chip_core/mprj/TopLevel/LUT/MAC_Unit/adder/pe/Exponent_sub_carry__0/O[0]
                         net (fo=1, routed)           0.594    65.857    chip_core/mprj/TopLevel/LUT/MAC_Unit/multiplier/wait_reg[30]_i_3[3]
    SLICE_X58Y68         LUT2 (Prop_lut2_I0_O)        0.328    66.185 r  chip_core/mprj/TopLevel/LUT/MAC_Unit/multiplier/wait_reg[27]_i_7/O
                         net (fo=1, routed)           0.496    66.681    chip_core/mprj/TopLevel/LUT/MAC_Unit/multiplier/wait_reg[27]_i_7_n_0
    SLICE_X58Y69         LUT6 (Prop_lut6_I0_O)        0.331    67.012 r  chip_core/mprj/TopLevel/LUT/MAC_Unit/multiplier/wait_reg[27]_i_6/O
                         net (fo=3, routed)           0.893    67.905    chip_core/mprj/TopLevel/LUT/B_Unit_1/MACresult[22]
    SLICE_X57Y82         LUT6 (Prop_lut6_I5_O)        0.124    68.029 r  chip_core/mprj/TopLevel/LUT/B_Unit_1/wait_reg[27]_i_3/O
                         net (fo=1, routed)           0.433    68.462    chip_core/mprj/TopLevel/LUT/B_Unit_1/wait_reg[27]_i_3_n_0
    SLICE_X57Y82         LUT6 (Prop_lut6_I0_O)        0.124    68.586 r  chip_core/mprj/TopLevel/LUT/B_Unit_1/wait_reg[27]_i_2/O
                         net (fo=3, routed)           2.060    70.646    chip_core/mprj/TopLevel/LUT/lut_arb/sreg[27]_i_7
    SLICE_X32Y40         LUT5 (Prop_lut5_I3_O)        0.124    70.770 r  chip_core/mprj/TopLevel/LUT/lut_arb/sreg[27]_i_10/O
                         net (fo=1, routed)           1.206    71.976    chip_core/mprj/TopLevel/LUT/wb4_intf/b4_dataOut[4]
    SLICE_X52Y37         LUT5 (Prop_lut5_I1_O)        0.150    72.126 r  chip_core/mprj/TopLevel/LUT/wb4_intf/sreg[27]_i_7/O
                         net (fo=1, routed)           0.794    72.920    chip_core/mprj/TopLevel/DMA/u_mm2s/sreg_reg[27]_1
    SLICE_X57Y29         LUT6 (Prop_lut6_I3_O)        0.326    73.246 r  chip_core/mprj/TopLevel/DMA/u_mm2s/sreg[27]_i_4/O
                         net (fo=1, routed)           0.754    74.000    chip_core/mprj/TopLevel/DMA/u_mm2s/sreg[27]_i_4_n_0
    SLICE_X58Y28         LUT5 (Prop_lut5_I4_O)        0.150    74.150 r  chip_core/mprj/TopLevel/DMA/u_mm2s/sreg[27]_i_1/O
                         net (fo=1, routed)           0.000    74.150    chip_core/mprj/TopLevel/DMA/u_mm2s/pre_shifted_data[27]
    SLICE_X58Y28         FDRE                                         r  chip_core/mprj/TopLevel/DMA/u_mm2s/sreg_reg[27]/D
  -------------------------------------------------------------------    -------------------

                         (clock clock12 rise edge)   83.333    83.333 r  
    E3                                                0.000    83.333 r  clock100 (IN)
                         net (fo=0)                   0.000    83.333    clk_fix/inst/clk_in1
    E3                   IBUF (Prop_ibuf_I_O)         1.411    84.745 r  clk_fix/inst/clkin1_ibufg/O
                         net (fo=1, routed)           1.162    85.906    clk_fix/inst/clk_in1_clk_fix
    MMCME2_ADV_X1Y2      MMCME2_ADV (Prop_mmcme2_adv_CLKIN1_CLKOUT0)
                                                     -7.324    78.583 r  clk_fix/inst/mmcm_adv_inst/CLKOUT0
                         net (fo=1, routed)           1.639    80.222    clk_fix/inst/clk_out1_clk_fix
    BUFGCTRL_X0Y16       BUFG (Prop_bufg_I_O)         0.091    80.313 r  clk_fix/inst/clkout1_buf/O
                         net (fo=14035, routed)       1.662    81.975    chip_core/mprj/TopLevel/DMA/u_mm2s/clk_out1
    SLICE_X58Y28         FDRE                                         r  chip_core/mprj/TopLevel/DMA/u_mm2s/sreg_reg[27]/C
                         clock pessimism              0.496    82.471    
                         clock uncertainty           -0.176    82.294    
    SLICE_X58Y28         FDRE (Setup_fdre_C_D)        0.118    82.412    chip_core/mprj/TopLevel/DMA/u_mm2s/sreg_reg[27]
  -------------------------------------------------------------------
                         required time                         82.412    
                         arrival time                         -74.150    
  -------------------------------------------------------------------
                         slack                                  8.262    

Slack (MET) :             9.074ns  (required time - arrival time)
  Source:                 chip_core/soc/core/FSM_onehot_grant_reg[1]/C
                            (rising edge-triggered cell FDRE clocked by clock12  {rise@0.000ns fall@41.667ns period=83.333ns})
  Destination:            chip_core/mprj/TopLevel/DMA/u_mm2s/sreg_reg[30]/D
                            (rising edge-triggered cell FDRE clocked by clock12  {rise@0.000ns fall@41.667ns period=83.333ns})
  Path Group:             clock12
  Path Type:              Setup (Max at Slow Process Corner)
  Requirement:            83.333ns  (clock12 rise@83.333ns - clock12 rise@0.000ns)
  Data Path Delay:        74.076ns  (logic 22.384ns (30.218%)  route 51.692ns (69.782%))
  Logic Levels:           75  (CARRY4=18 DSP48E1=2 LUT2=7 LUT3=1 LUT4=10 LUT5=10 LUT6=25 MUXF7=1 MUXF8=1)
  Clock Path Skew:        -0.125ns (DCD - SCD + CPR)
    Destination Clock Delay (DCD):    -1.361ns = ( 81.973 - 83.333 ) 
    Source Clock Delay      (SCD):    -0.740ns
    Clock Pessimism Removal (CPR):    0.496ns
  Clock Uncertainty:      0.176ns  ((TSJ^2 + DJ^2)^1/2) / 2 + PE
    Total System Jitter     (TSJ):    0.071ns
    Discrete Jitter          (DJ):    0.346ns
    Phase Error              (PE):    0.000ns

    Location             Delay type                Incr(ns)  Path(ns)    Netlist Resource(s)
  -------------------------------------------------------------------    -------------------
                         (clock clock12 rise edge)    0.000     0.000 r  
    E3                                                0.000     0.000 r  clock100 (IN)
                         net (fo=0)                   0.000     0.000    clk_fix/inst/clk_in1
    E3                   IBUF (Prop_ibuf_I_O)         1.482     1.482 r  clk_fix/inst/clkin1_ibufg/O
                         net (fo=1, routed)           1.233     2.715    clk_fix/inst/clk_in1_clk_fix
    MMCME2_ADV_X1Y2      MMCME2_ADV (Prop_mmcme2_adv_CLKIN1_CLKOUT0)
                                                     -7.070    -4.355 r  clk_fix/inst/mmcm_adv_inst/CLKOUT0
                         net (fo=1, routed)           1.719    -2.636    clk_fix/inst/clk_out1_clk_fix
    BUFGCTRL_X0Y16       BUFG (Prop_bufg_I_O)         0.096    -2.540 r  clk_fix/inst/clkout1_buf/O
                         net (fo=14035, routed)       1.800    -0.740    chip_core/soc/core/clk_out1
    SLICE_X25Y26         FDRE                                         r  chip_core/soc/core/FSM_onehot_grant_reg[1]/C
  -------------------------------------------------------------------    -------------------
    SLICE_X25Y26         FDRE (Prop_fdre_C_Q)         0.419    -0.321 r  chip_core/soc/core/FSM_onehot_grant_reg[1]/Q
                         net (fo=179, routed)         1.329     1.008    chip_core/soc/core/VexRiscv/IBusCachedPlugin_cache/grant_reg[1]
    SLICE_X20Y24         LUT5 (Prop_lut5_I1_O)        0.299     1.307 f  chip_core/soc/core/VexRiscv/IBusCachedPlugin_cache/address_reg[11]_i_3/O
                         net (fo=41, routed)          1.338     2.646    chip_core/soc/core/VexRiscv/IBusCachedPlugin_cache/dbg_uart_address_reg[9]_1
    SLICE_X18Y33         LUT4 (Prop_lut4_I0_O)        0.124     2.770 r  chip_core/soc/core/VexRiscv/IBusCachedPlugin_cache/SevenSegDisplay[31]_i_15/O
                         net (fo=1, routed)           0.669     3.439    chip_core/soc/core/VexRiscv/IBusCachedPlugin_cache/SevenSegDisplay[31]_i_15_n_0
    SLICE_X18Y33         LUT5 (Prop_lut5_I4_O)        0.124     3.563 r  chip_core/soc/core/VexRiscv/IBusCachedPlugin_cache/SevenSegDisplay[31]_i_12/O
                         net (fo=1, routed)           0.455     4.017    chip_core/soc/core/VexRiscv/IBusCachedPlugin_cache/SevenSegDisplay[31]_i_12_n_0
    SLICE_X17Y33         LUT6 (Prop_lut6_I4_O)        0.124     4.141 r  chip_core/soc/core/VexRiscv/IBusCachedPlugin_cache/SevenSegDisplay[31]_i_6/O
                         net (fo=66, routed)          0.853     4.994    chip_core/soc/core/VexRiscv/IBusCachedPlugin_cache/SevenSegDisplay[31]_i_6_n_0
    SLICE_X31Y31         LUT6 (Prop_lut6_I0_O)        0.124     5.118 r  chip_core/soc/core/VexRiscv/IBusCachedPlugin_cache/FSM_onehot_current_state[3]_inv_i_3/O
                         net (fo=93, routed)          1.102     6.221    chip_core/mprj/TopLevel/DMA/u_mm2s/b3_active
    SLICE_X41Y45         LUT6 (Prop_lut6_I1_O)        0.124     6.345 r  chip_core/mprj/TopLevel/DMA/u_mm2s/memory[29][31]_i_12/O
                         net (fo=150, routed)         2.028     8.373    chip_core/mprj/TopLevel/DMA/u_mm2s/FSM_onehot_current_state_reg[1]_inv_4
    SLICE_X41Y75         LUT4 (Prop_lut4_I2_O)        0.154     8.527 f  chip_core/mprj/TopLevel/DMA/u_mm2s/multiregimpl4_regs0_i_262/O
                         net (fo=120, routed)         1.753    10.280    chip_core/mprj/TopLevel/LUT/lut_arb/multiregimpl4_regs0_reg_i_926_7
    SLICE_X32Y60         LUT6 (Prop_lut6_I1_O)        0.327    10.607 r  chip_core/mprj/TopLevel/LUT/lut_arb/multiregimpl4_regs0_i_930/O
                         net (fo=1, routed)           0.662    11.269    chip_core/mprj/TopLevel/LUT/lut_arb/multiregimpl4_regs0_i_930_n_0
    SLICE_X31Y60         CARRY4 (Prop_carry4_DI[0]_CO[3])
                                                      0.526    11.795 r  chip_core/mprj/TopLevel/LUT/lut_arb/multiregimpl4_regs0_reg_i_537/CO[3]
                         net (fo=1, routed)           0.000    11.795    chip_core/mprj/TopLevel/LUT/lut_arb/multiregimpl4_regs0_reg_i_537_n_0
    SLICE_X31Y61         CARRY4 (Prop_carry4_CI_CO[3])
                                                      0.114    11.909 r  chip_core/mprj/TopLevel/LUT/lut_arb/multiregimpl4_regs0_reg_i_271/CO[3]
                         net (fo=1, routed)           1.222    13.131    chip_core/mprj/TopLevel/LUT/lut_arb/indexing_unit/f22/result2
    SLICE_X31Y81         LUT5 (Prop_lut5_I1_O)        0.124    13.255 r  chip_core/mprj/TopLevel/LUT/lut_arb/multiregimpl4_regs0_i_118/O
                         net (fo=1, routed)           0.620    13.875    chip_core/mprj/TopLevel/LUT/lut_arb/multiregimpl4_regs0_i_118_n_0
    SLICE_X31Y82         LUT6 (Prop_lut6_I5_O)        0.124    13.999 r  chip_core/mprj/TopLevel/LUT/lut_arb/multiregimpl4_regs0_i_39/O
                         net (fo=13, routed)          1.255    15.254    chip_core/mprj/TopLevel/LUT/lut_arb/indexing_unit/D[21]_26
    SLICE_X40Y78         LUT4 (Prop_lut4_I2_O)        0.152    15.406 f  chip_core/mprj/TopLevel/LUT/lut_arb/memory[29][31]_i_76/O
                         net (fo=7, routed)           0.893    16.299    chip_core/mprj/TopLevel/LUT/lut_arb/memory[29][31]_i_76_n_0
    SLICE_X44Y78         LUT5 (Prop_lut5_I2_O)        0.352    16.651 f  chip_core/mprj/TopLevel/LUT/lut_arb/memory[29][31]_i_79/O
                         net (fo=1, routed)           1.114    17.765    chip_core/mprj/TopLevel/LUT/lut_arb/memory[29][31]_i_79_n_0
    SLICE_X42Y76         LUT6 (Prop_lut6_I0_O)        0.326    18.091 r  chip_core/mprj/TopLevel/LUT/lut_arb/memory[29][31]_i_36/O
                         net (fo=1, routed)           0.590    18.681    chip_core/mprj/TopLevel/LUT/lut_arb/memory[29][31]_i_36_n_0
    SLICE_X42Y77         LUT6 (Prop_lut6_I4_O)        0.124    18.805 r  chip_core/mprj/TopLevel/LUT/lut_arb/memory[29][31]_i_14/O
                         net (fo=2, routed)           1.151    19.956    chip_core/mprj/TopLevel/LUT/lut_arb/Index[1]
    SLICE_X44Y56         LUT6 (Prop_lut6_I3_O)        0.124    20.080 r  chip_core/mprj/TopLevel/LUT/lut_arb/memory[29][31]_i_3/O
                         net (fo=1123, routed)        2.807    22.886    chip_core/mprj/TopLevel/LUT/M_Unit_3/memory[31][0]_i_4__6_0
    SLICE_X60Y101        LUT6 (Prop_lut6_I4_O)        0.124    23.010 r  chip_core/mprj/TopLevel/LUT/M_Unit_3/memory[31][30]_i_5__6/O
                         net (fo=1, routed)           0.000    23.010    chip_core/mprj/TopLevel/LUT/M_Unit_3/memory[31][30]_i_5__6_n_0
    SLICE_X60Y101        MUXF7 (Prop_muxf7_I0_O)      0.241    23.251 r  chip_core/mprj/TopLevel/LUT/M_Unit_3/memory_reg[31][30]_i_3__1/O
                         net (fo=1, routed)           0.000    23.251    chip_core/mprj/TopLevel/LUT/M_Unit_3/memory_reg[31][30]_i_3__1_n_0
    SLICE_X60Y101        MUXF8 (Prop_muxf8_I0_O)      0.098    23.349 r  chip_core/mprj/TopLevel/LUT/M_Unit_3/memory_reg[31][30]_i_2__6/O
                         net (fo=4, routed)           1.088    24.438    chip_core/mprj/TopLevel/DMA/u_mm2s/memory__1087_2[30]
    SLICE_X60Y85         LUT6 (Prop_lut6_I5_O)        0.319    24.757 r  chip_core/mprj/TopLevel/DMA/u_mm2s/Exponent_carry__0_i_13/O
                         net (fo=1, routed)           0.801    25.558    chip_core/mprj/TopLevel/DMA/u_mm2s/Exponent_carry__0_i_13_n_0
    SLICE_X60Y77         LUT2 (Prop_lut2_I0_O)        0.150    25.708 r  chip_core/mprj/TopLevel/DMA/u_mm2s/Exponent_carry__0_i_9/O
                         net (fo=5, routed)           0.625    26.332    chip_core/mprj/TopLevel/DMA/u_mm2s/address_reg_reg[15]_7
    SLICE_X59Y73         LUT5 (Prop_lut5_I4_O)        0.328    26.660 r  chip_core/mprj/TopLevel/DMA/u_mm2s/Product_i_65/O
                         net (fo=1, routed)           0.407    27.067    chip_core/mprj/TopLevel/DMA/u_mm2s/Product_i_65_n_0
    SLICE_X59Y73         LUT6 (Prop_lut6_I5_O)        0.124    27.191 r  chip_core/mprj/TopLevel/DMA/u_mm2s/Product_i_18/O
                         net (fo=1, routed)           1.164    28.356    chip_core/mprj/TopLevel/LUT/MAC_Unit/multiplier/A[23]
    DSP48_X1Y22          DSP48E1 (Prop_dsp48e1_A[23]_PCOUT[47])
                                                      4.036    32.392 r  chip_core/mprj/TopLevel/LUT/MAC_Unit/multiplier/Product/PCOUT[47]
                         net (fo=1, routed)           0.002    32.394    chip_core/mprj/TopLevel/LUT/MAC_Unit/multiplier/Product_n_106
    DSP48_X1Y23          DSP48E1 (Prop_dsp48e1_PCIN[47]_P[3])
                                                      1.518    33.912 r  chip_core/mprj/TopLevel/LUT/MAC_Unit/multiplier/Product__0/P[3]
                         net (fo=1, routed)           0.744    34.656    chip_core/mprj/TopLevel/LUT/MAC_Unit/multiplier/Product__0_n_102
    SLICE_X57Y56         LUT4 (Prop_lut4_I2_O)        0.124    34.780 r  chip_core/mprj/TopLevel/LUT/MAC_Unit/multiplier/A_swap2_carry_i_49/O
                         net (fo=1, routed)           0.407    35.187    chip_core/mprj/TopLevel/LUT/MAC_Unit/multiplier/A_swap2_carry_i_49_n_0
    SLICE_X57Y56         LUT5 (Prop_lut5_I4_O)        0.124    35.311 r  chip_core/mprj/TopLevel/LUT/MAC_Unit/multiplier/A_swap2_carry_i_48/O
                         net (fo=1, routed)           0.433    35.744    chip_core/mprj/TopLevel/LUT/MAC_Unit/multiplier/A_swap2_carry_i_48_n_0
    SLICE_X57Y56         LUT6 (Prop_lut6_I5_O)        0.124    35.868 r  chip_core/mprj/TopLevel/LUT/MAC_Unit/multiplier/A_swap2_carry_i_45/O
                         net (fo=1, routed)           0.436    36.304    chip_core/mprj/TopLevel/LUT/MAC_Unit/multiplier/A_swap2_carry_i_45_n_0
    SLICE_X57Y57         LUT6 (Prop_lut6_I5_O)        0.124    36.428 r  chip_core/mprj/TopLevel/LUT/MAC_Unit/multiplier/A_swap2_carry_i_43/O
                         net (fo=1, routed)           0.000    36.428    chip_core/mprj/TopLevel/LUT/MAC_Unit/multiplier/A_swap2_carry_i_43_n_0
    SLICE_X57Y57         CARRY4 (Prop_carry4_S[0]_CO[3])
                                                      0.532    36.960 r  chip_core/mprj/TopLevel/LUT/MAC_Unit/multiplier/A_swap2_carry_i_30/CO[3]
                         net (fo=1, routed)           0.000    36.960    chip_core/mprj/TopLevel/LUT/MAC_Unit/multiplier/A_swap2_carry_i_30_n_0
    SLICE_X57Y58         CARRY4 (Prop_carry4_CI_CO[3])
                                                      0.114    37.074 r  chip_core/mprj/TopLevel/LUT/MAC_Unit/multiplier/A_swap2_carry_i_25/CO[3]
                         net (fo=1, routed)           0.000    37.074    chip_core/mprj/TopLevel/LUT/MAC_Unit/multiplier/A_swap2_carry_i_25_n_0
    SLICE_X57Y59         CARRY4 (Prop_carry4_CI_CO[3])
                                                      0.114    37.188 r  chip_core/mprj/TopLevel/LUT/MAC_Unit/multiplier/A_swap2_carry__0_i_30/CO[3]
                         net (fo=1, routed)           0.000    37.188    chip_core/mprj/TopLevel/LUT/MAC_Unit/multiplier/A_swap2_carry__0_i_30_n_0
    SLICE_X57Y60         CARRY4 (Prop_carry4_CI_O[3])
                                                      0.313    37.501 r  chip_core/mprj/TopLevel/LUT/MAC_Unit/multiplier/A_swap2_carry__0_i_25/O[3]
                         net (fo=2, routed)           0.976    38.478    chip_core/mprj/TopLevel/LUT/MAC_Unit/multiplier/Mantissa__0[15]
    SLICE_X58Y62         LUT4 (Prop_lut4_I0_O)        0.328    38.806 r  chip_core/mprj/TopLevel/LUT/MAC_Unit/multiplier/A_swap2_carry__1_i_40/O
                         net (fo=1, routed)           0.718    39.524    chip_core/mprj/TopLevel/LUT/MAC_Unit/multiplier/A_swap2_carry__1_i_40_n_0
    SLICE_X58Y62         LUT6 (Prop_lut6_I2_O)        0.328    39.852 r  chip_core/mprj/TopLevel/LUT/MAC_Unit/multiplier/A_swap2_carry__1_i_28/O
                         net (fo=1, routed)           0.595    40.447    chip_core/mprj/TopLevel/LUT/MAC_Unit/multiplier/A_swap2_carry__1_i_28_n_0
    SLICE_X56Y61         LUT6 (Prop_lut6_I5_O)        0.124    40.571 f  chip_core/mprj/TopLevel/LUT/MAC_Unit/multiplier/A_swap2_carry__1_i_13/O
                         net (fo=40, routed)          1.159    41.730    chip_core/mprj/TopLevel/LUT/MAC_Unit/multiplier/A_swap2_carry__1_i_13_n_0
    SLICE_X60Y69         LUT3 (Prop_lut3_I1_O)        0.150    41.880 f  chip_core/mprj/TopLevel/LUT/MAC_Unit/multiplier/A_swap2_carry__1_i_18/O
                         net (fo=38, routed)          1.476    43.357    chip_core/mprj/TopLevel/LUT/MAC_Unit/multiplier/A_swap2_carry__1_i_18_n_0
    SLICE_X56Y61         LUT2 (Prop_lut2_I1_O)        0.374    43.731 r  chip_core/mprj/TopLevel/LUT/MAC_Unit/multiplier/A_swap2_carry_i_17/O
                         net (fo=4, routed)           0.758    44.488    chip_core/mprj/TopLevel/LUT/MAC_Unit/multiplier/A_swap2_carry_i_17_n_0
    SLICE_X57Y65         LUT4 (Prop_lut4_I2_O)        0.328    44.816 r  chip_core/mprj/TopLevel/LUT/MAC_Unit/multiplier/A_swap2_carry_i_7/O
                         net (fo=1, routed)           0.000    44.816    chip_core/mprj/TopLevel/LUT/MAC_Unit/adder/S[1]
    SLICE_X57Y65         CARRY4 (Prop_carry4_S[1]_CO[3])
                                                      0.550    45.366 r  chip_core/mprj/TopLevel/LUT/MAC_Unit/adder/A_swap2_carry/CO[3]
                         net (fo=1, routed)           0.000    45.366    chip_core/mprj/TopLevel/LUT/MAC_Unit/adder/A_swap2_carry_n_0
    SLICE_X57Y66         CARRY4 (Prop_carry4_CI_CO[3])
                                                      0.114    45.480 r  chip_core/mprj/TopLevel/LUT/MAC_Unit/adder/A_swap2_carry__0/CO[3]
                         net (fo=1, routed)           0.000    45.480    chip_core/mprj/TopLevel/LUT/MAC_Unit/adder/A_swap2_carry__0_n_0
    SLICE_X57Y67         CARRY4 (Prop_carry4_CI_CO[3])
                                                      0.114    45.594 r  chip_core/mprj/TopLevel/LUT/MAC_Unit/adder/A_swap2_carry__1/CO[3]
                         net (fo=1, routed)           0.000    45.594    chip_core/mprj/TopLevel/LUT/MAC_Unit/adder/A_swap2_carry__1_n_0
    SLICE_X57Y68         CARRY4 (Prop_carry4_CI_CO[3])
                                                      0.114    45.708 r  chip_core/mprj/TopLevel/LUT/MAC_Unit/adder/A_swap2_carry__2/CO[3]
                         net (fo=83, routed)          1.252    46.960    chip_core/mprj/TopLevel/LUT/MAC_Unit/multiplier/CO[0]
    SLICE_X62Y72         LUT6 (Prop_lut6_I4_O)        0.124    47.084 r  chip_core/mprj/TopLevel/LUT/MAC_Unit/multiplier/exponent_diff_carry_i_14/O
                         net (fo=5, routed)           0.719    47.803    chip_core/mprj/TopLevel/LUT/MAC_Unit/multiplier/B_Exponent[0]
    SLICE_X62Y68         LUT2 (Prop_lut2_I1_O)        0.124    47.927 r  chip_core/mprj/TopLevel/LUT/MAC_Unit/multiplier/exponent_diff_carry_i_8/O
                         net (fo=1, routed)           0.000    47.927    chip_core/mprj/TopLevel/LUT/MAC_Unit/adder/Exponent_sub_carry_i_69_0[0]
    SLICE_X62Y68         CARRY4 (Prop_carry4_S[0]_CO[3])
                                                      0.513    48.440 r  chip_core/mprj/TopLevel/LUT/MAC_Unit/adder/exponent_diff_carry/CO[3]
                         net (fo=1, routed)           0.000    48.440    chip_core/mprj/TopLevel/LUT/MAC_Unit/adder/exponent_diff_carry_n_0
    SLICE_X62Y69         CARRY4 (Prop_carry4_CI_O[0])
                                                      0.219    48.659 r  chip_core/mprj/TopLevel/LUT/MAC_Unit/adder/exponent_diff_carry__0/O[0]
                         net (fo=41, routed)          0.692    49.351    chip_core/mprj/TopLevel/LUT/MAC_Unit/multiplier/p_1_in[4]
    SLICE_X63Y71         LUT2 (Prop_lut2_I1_O)        0.295    49.646 r  chip_core/mprj/TopLevel/LUT/MAC_Unit/multiplier/B_Exponent_shifted_carry__0_i_7/O
                         net (fo=1, routed)           0.000    49.646    chip_core/mprj/TopLevel/LUT/MAC_Unit/adder/wait_reg[21]_i_40[0]
    SLICE_X63Y71         CARRY4 (Prop_carry4_S[0]_O[3])
                                                      0.606    50.252 r  chip_core/mprj/TopLevel/LUT/MAC_Unit/adder/B_Exponent_shifted_carry__0/O[3]
                         net (fo=1, routed)           0.585    50.837    chip_core/mprj/TopLevel/LUT/MAC_Unit/multiplier/B_Exponent_shifted[7]
    SLICE_X65Y71         LUT4 (Prop_lut4_I1_O)        0.306    51.143 f  chip_core/mprj/TopLevel/LUT/MAC_Unit/multiplier/Exponent_sub_carry_i_41/O
                         net (fo=76, routed)          1.819    52.962    chip_core/mprj/TopLevel/LUT/MAC_Unit/multiplier/Exponent_sub_carry_i_41_n_0
    SLICE_X79Y65         LUT4 (Prop_lut4_I0_O)        0.124    53.086 f  chip_core/mprj/TopLevel/LUT/MAC_Unit/multiplier/Exponent_sub_carry_i_38/O
                         net (fo=88, routed)          1.174    54.260    chip_core/mprj/TopLevel/DMA/u_mm2s/Exponent_sub_carry_i_68
    SLICE_X69Y62         LUT2 (Prop_lut2_I1_O)        0.124    54.384 r  chip_core/mprj/TopLevel/DMA/u_mm2s/Exponent_sub_carry_i_89/O
                         net (fo=26, routed)          0.790    55.174    chip_core/mprj/TopLevel/LUT/MAC_Unit/multiplier/Exponent_sub_carry_i_32_1
    SLICE_X64Y66         LUT4 (Prop_lut4_I0_O)        0.124    55.298 r  chip_core/mprj/TopLevel/LUT/MAC_Unit/multiplier/Exponent_sub_carry_i_118/O
                         net (fo=23, routed)          0.667    55.965    chip_core/mprj/TopLevel/LUT/MAC_Unit/multiplier/exponent_diff_carry__0
    SLICE_X63Y63         LUT5 (Prop_lut5_I4_O)        0.124    56.089 r  chip_core/mprj/TopLevel/LUT/MAC_Unit/multiplier/Exponent_sub_carry_i_92/O
                         net (fo=1, routed)           0.000    56.089    chip_core/mprj/TopLevel/LUT/MAC_Unit/multiplier/Exponent_sub_carry_i_92_n_0
    SLICE_X63Y63         CARRY4 (Prop_carry4_S[1]_O[3])
                                                      0.640    56.729 r  chip_core/mprj/TopLevel/LUT/MAC_Unit/multiplier/Exponent_sub_carry_i_50/O[3]
                         net (fo=2, routed)           0.722    57.450    chip_core/mprj/TopLevel/LUT/MAC_Unit/adder/Exponent_sub_carry_i_17_0[3]
    SLICE_X61Y63         LUT2 (Prop_lut2_I1_O)        0.306    57.756 r  chip_core/mprj/TopLevel/LUT/MAC_Unit/adder/Exponent_sub_carry_i_51/O
                         net (fo=1, routed)           0.000    57.756    chip_core/mprj/TopLevel/LUT/MAC_Unit/multiplier/wait_reg[1]_i_6_0[3]
    SLICE_X61Y63         CARRY4 (Prop_carry4_S[3]_CO[3])
                                                      0.401    58.157 r  chip_core/mprj/TopLevel/LUT/MAC_Unit/multiplier/Exponent_sub_carry_i_25/CO[3]
                         net (fo=1, routed)           0.000    58.157    chip_core/mprj/TopLevel/LUT/MAC_Unit/multiplier/Exponent_sub_carry_i_25_n_0
    SLICE_X61Y64         CARRY4 (Prop_carry4_CI_O[1])
                                                      0.334    58.491 r  chip_core/mprj/TopLevel/LUT/MAC_Unit/multiplier/Exponent_sub_carry_i_26/O[1]
                         net (fo=27, routed)          1.178    59.670    chip_core/mprj/TopLevel/LUT/MAC_Unit/multiplier/Mantissa_sub0[5]
    SLICE_X65Y64         LUT4 (Prop_lut4_I1_O)        0.331    60.001 f  chip_core/mprj/TopLevel/LUT/MAC_Unit/multiplier/Exponent_sub_carry_i_189/O
                         net (fo=1, routed)           0.626    60.627    chip_core/mprj/TopLevel/LUT/MAC_Unit/multiplier/Exponent_sub_carry_i_189_n_0
    SLICE_X69Y64         LUT6 (Prop_lut6_I2_O)        0.332    60.959 r  chip_core/mprj/TopLevel/LUT/MAC_Unit/multiplier/Exponent_sub_carry_i_154/O
                         net (fo=1, routed)           0.927    61.885    chip_core/mprj/TopLevel/LUT/MAC_Unit/multiplier/Exponent_sub_carry_i_154_n_0
    SLICE_X70Y66         LUT6 (Prop_lut6_I0_O)        0.124    62.009 r  chip_core/mprj/TopLevel/LUT/MAC_Unit/multiplier/Exponent_sub_carry_i_124/O
                         net (fo=1, routed)           0.493    62.503    chip_core/mprj/TopLevel/LUT/MAC_Unit/multiplier/Exponent_sub_carry_i_124_n_0
    SLICE_X71Y66         LUT6 (Prop_lut6_I0_O)        0.124    62.627 r  chip_core/mprj/TopLevel/LUT/MAC_Unit/multiplier/Exponent_sub_carry_i_75/O
                         net (fo=1, routed)           0.402    63.029    chip_core/mprj/TopLevel/LUT/MAC_Unit/multiplier/Exponent_sub_carry_i_75_n_0
    SLICE_X71Y67         LUT6 (Prop_lut6_I5_O)        0.124    63.153 r  chip_core/mprj/TopLevel/LUT/MAC_Unit/multiplier/Exponent_sub_carry_i_39/O
                         net (fo=1, routed)           0.700    63.853    chip_core/mprj/TopLevel/LUT/MAC_Unit/multiplier/Exponent_sub_carry_i_39_n_0
    SLICE_X60Y67         LUT6 (Prop_lut6_I1_O)        0.124    63.977 r  chip_core/mprj/TopLevel/LUT/MAC_Unit/multiplier/Exponent_sub_carry_i_19/O
                         net (fo=1, routed)           0.408    64.385    chip_core/mprj/TopLevel/LUT/MAC_Unit/multiplier/Exponent_sub_carry_i_19_n_0
    SLICE_X59Y68         LUT2 (Prop_lut2_I1_O)        0.124    64.509 r  chip_core/mprj/TopLevel/LUT/MAC_Unit/multiplier/Exponent_sub_carry_i_8/O
                         net (fo=1, routed)           0.000    64.509    chip_core/mprj/TopLevel/LUT/MAC_Unit/adder/pe/wait_reg[23]_i_7_0[0]
    SLICE_X59Y68         CARRY4 (Prop_carry4_S[0]_CO[3])
                                                      0.532    65.041 r  chip_core/mprj/TopLevel/LUT/MAC_Unit/adder/pe/Exponent_sub_carry/CO[3]
                         net (fo=1, routed)           0.000    65.041    chip_core/mprj/TopLevel/LUT/MAC_Unit/adder/pe/Exponent_sub_carry_n_0
    SLICE_X59Y69         CARRY4 (Prop_carry4_CI_O[3])
                                                      0.313    65.354 r  chip_core/mprj/TopLevel/LUT/MAC_Unit/adder/pe/Exponent_sub_carry__0/O[3]
                         net (fo=1, routed)           0.295    65.649    chip_core/mprj/TopLevel/LUT/MAC_Unit/multiplier/wait_reg[30]_i_3[6]
    SLICE_X59Y71         LUT6 (Prop_lut6_I1_O)        0.306    65.955 r  chip_core/mprj/TopLevel/LUT/MAC_Unit/multiplier/wait_reg[30]_i_6/O
                         net (fo=3, routed)           1.061    67.016    chip_core/mprj/TopLevel/LUT/B_Unit_3/MACresult[25]
    SLICE_X56Y86         LUT6 (Prop_lut6_I5_O)        0.124    67.140 r  chip_core/mprj/TopLevel/LUT/B_Unit_3/wait_reg[30]_i_5/O
                         net (fo=1, routed)           0.602    67.742    chip_core/mprj/TopLevel/LUT/B_Unit_1/wait_reg_reg[30]_0
    SLICE_X55Y86         LUT6 (Prop_lut6_I4_O)        0.124    67.866 r  chip_core/mprj/TopLevel/LUT/B_Unit_1/wait_reg[30]_i_2/O
                         net (fo=2, routed)           2.346    70.212    chip_core/mprj/TopLevel/LUT/lut_arb/dbg_uart_data[30]_i_4
    SLICE_X30Y40         LUT5 (Prop_lut5_I3_O)        0.124    70.336 r  chip_core/mprj/TopLevel/LUT/lut_arb/sreg[30]_i_10/O
                         net (fo=2, routed)           0.872    71.208    chip_core/mprj/TopLevel/LUT/wb4_intf/sreg[31]_i_7_0[17]
    SLICE_X52Y36         LUT5 (Prop_lut5_I1_O)        0.124    71.332 r  chip_core/mprj/TopLevel/LUT/wb4_intf/sreg[30]_i_7/O
                         net (fo=1, routed)           0.704    72.036    chip_core/mprj/TopLevel/DMA/u_mm2s/sreg_reg[30]_1
    SLICE_X54Y29         LUT6 (Prop_lut6_I3_O)        0.124    72.160 r  chip_core/mprj/TopLevel/DMA/u_mm2s/sreg[30]_i_4/O
                         net (fo=1, routed)           1.026    73.186    chip_core/mprj/TopLevel/DMA/u_mm2s/sreg[30]_i_4_n_0
    SLICE_X58Y27         LUT5 (Prop_lut5_I4_O)        0.150    73.336 r  chip_core/mprj/TopLevel/DMA/u_mm2s/sreg[30]_i_1/O
                         net (fo=1, routed)           0.000    73.336    chip_core/mprj/TopLevel/DMA/u_mm2s/pre_shifted_data[30]
    SLICE_X58Y27         FDRE                                         r  chip_core/mprj/TopLevel/DMA/u_mm2s/sreg_reg[30]/D
  -------------------------------------------------------------------    -------------------

                         (clock clock12 rise edge)   83.333    83.333 r  
    E3                                                0.000    83.333 r  clock100 (IN)
                         net (fo=0)                   0.000    83.333    clk_fix/inst/clk_in1
    E3                   IBUF (Prop_ibuf_I_O)         1.411    84.745 r  clk_fix/inst/clkin1_ibufg/O
                         net (fo=1, routed)           1.162    85.906    clk_fix/inst/clk_in1_clk_fix
    MMCME2_ADV_X1Y2      MMCME2_ADV (Prop_mmcme2_adv_CLKIN1_CLKOUT0)
                                                     -7.324    78.583 r  clk_fix/inst/mmcm_adv_inst/CLKOUT0
                         net (fo=1, routed)           1.639    80.222    clk_fix/inst/clk_out1_clk_fix
    BUFGCTRL_X0Y16       BUFG (Prop_bufg_I_O)         0.091    80.313 r  clk_fix/inst/clkout1_buf/O
                         net (fo=14035, routed)       1.660    81.973    chip_core/mprj/TopLevel/DMA/u_mm2s/clk_out1
    SLICE_X58Y27         FDRE                                         r  chip_core/mprj/TopLevel/DMA/u_mm2s/sreg_reg[30]/C
                         clock pessimism              0.496    82.469    
                         clock uncertainty           -0.176    82.292    
    SLICE_X58Y27         FDRE (Setup_fdre_C_D)        0.118    82.410    chip_core/mprj/TopLevel/DMA/u_mm2s/sreg_reg[30]
  -------------------------------------------------------------------
                         required time                         82.410    
                         arrival time                         -73.336    
  -------------------------------------------------------------------
                         slack                                  9.074    

Slack (MET) :             9.245ns  (required time - arrival time)
  Source:                 chip_core/soc/core/FSM_onehot_grant_reg[1]/C
                            (rising edge-triggered cell FDRE clocked by clock12  {rise@0.000ns fall@41.667ns period=83.333ns})
  Destination:            chip_core/mprj/TopLevel/DMA/u_mm2s/sreg_reg[25]/D
                            (rising edge-triggered cell FDRE clocked by clock12  {rise@0.000ns fall@41.667ns period=83.333ns})
  Path Group:             clock12
  Path Type:              Setup (Max at Slow Process Corner)
  Requirement:            83.333ns  (clock12 rise@83.333ns - clock12 rise@0.000ns)
  Data Path Delay:        73.864ns  (logic 22.082ns (29.896%)  route 51.782ns (70.104%))
  Logic Levels:           74  (CARRY4=17 DSP48E1=2 LUT2=7 LUT3=1 LUT4=10 LUT5=11 LUT6=24 MUXF7=1 MUXF8=1)
  Clock Path Skew:        -0.123ns (DCD - SCD + CPR)
    Destination Clock Delay (DCD):    -1.359ns = ( 81.975 - 83.333 ) 
    Source Clock Delay      (SCD):    -0.740ns
    Clock Pessimism Removal (CPR):    0.496ns
  Clock Uncertainty:      0.176ns  ((TSJ^2 + DJ^2)^1/2) / 2 + PE
    Total System Jitter     (TSJ):    0.071ns
    Discrete Jitter          (DJ):    0.346ns
    Phase Error              (PE):    0.000ns

    Location             Delay type                Incr(ns)  Path(ns)    Netlist Resource(s)
  -------------------------------------------------------------------    -------------------
                         (clock clock12 rise edge)    0.000     0.000 r  
    E3                                                0.000     0.000 r  clock100 (IN)
                         net (fo=0)                   0.000     0.000    clk_fix/inst/clk_in1
    E3                   IBUF (Prop_ibuf_I_O)         1.482     1.482 r  clk_fix/inst/clkin1_ibufg/O
                         net (fo=1, routed)           1.233     2.715    clk_fix/inst/clk_in1_clk_fix
    MMCME2_ADV_X1Y2      MMCME2_ADV (Prop_mmcme2_adv_CLKIN1_CLKOUT0)
                                                     -7.070    -4.355 r  clk_fix/inst/mmcm_adv_inst/CLKOUT0
                         net (fo=1, routed)           1.719    -2.636    clk_fix/inst/clk_out1_clk_fix
    BUFGCTRL_X0Y16       BUFG (Prop_bufg_I_O)         0.096    -2.540 r  clk_fix/inst/clkout1_buf/O
                         net (fo=14035, routed)       1.800    -0.740    chip_core/soc/core/clk_out1
    SLICE_X25Y26         FDRE                                         r  chip_core/soc/core/FSM_onehot_grant_reg[1]/C
  -------------------------------------------------------------------    -------------------
    SLICE_X25Y26         FDRE (Prop_fdre_C_Q)         0.419    -0.321 r  chip_core/soc/core/FSM_onehot_grant_reg[1]/Q
                         net (fo=179, routed)         1.329     1.008    chip_core/soc/core/VexRiscv/IBusCachedPlugin_cache/grant_reg[1]
    SLICE_X20Y24         LUT5 (Prop_lut5_I1_O)        0.299     1.307 f  chip_core/soc/core/VexRiscv/IBusCachedPlugin_cache/address_reg[11]_i_3/O
                         net (fo=41, routed)          1.338     2.646    chip_core/soc/core/VexRiscv/IBusCachedPlugin_cache/dbg_uart_address_reg[9]_1
    SLICE_X18Y33         LUT4 (Prop_lut4_I0_O)        0.124     2.770 r  chip_core/soc/core/VexRiscv/IBusCachedPlugin_cache/SevenSegDisplay[31]_i_15/O
                         net (fo=1, routed)           0.669     3.439    chip_core/soc/core/VexRiscv/IBusCachedPlugin_cache/SevenSegDisplay[31]_i_15_n_0
    SLICE_X18Y33         LUT5 (Prop_lut5_I4_O)        0.124     3.563 r  chip_core/soc/core/VexRiscv/IBusCachedPlugin_cache/SevenSegDisplay[31]_i_12/O
                         net (fo=1, routed)           0.455     4.017    chip_core/soc/core/VexRiscv/IBusCachedPlugin_cache/SevenSegDisplay[31]_i_12_n_0
    SLICE_X17Y33         LUT6 (Prop_lut6_I4_O)        0.124     4.141 r  chip_core/soc/core/VexRiscv/IBusCachedPlugin_cache/SevenSegDisplay[31]_i_6/O
                         net (fo=66, routed)          0.853     4.994    chip_core/soc/core/VexRiscv/IBusCachedPlugin_cache/SevenSegDisplay[31]_i_6_n_0
    SLICE_X31Y31         LUT6 (Prop_lut6_I0_O)        0.124     5.118 r  chip_core/soc/core/VexRiscv/IBusCachedPlugin_cache/FSM_onehot_current_state[3]_inv_i_3/O
                         net (fo=93, routed)          1.102     6.221    chip_core/mprj/TopLevel/DMA/u_mm2s/b3_active
    SLICE_X41Y45         LUT6 (Prop_lut6_I1_O)        0.124     6.345 r  chip_core/mprj/TopLevel/DMA/u_mm2s/memory[29][31]_i_12/O
                         net (fo=150, routed)         2.028     8.373    chip_core/mprj/TopLevel/DMA/u_mm2s/FSM_onehot_current_state_reg[1]_inv_4
    SLICE_X41Y75         LUT4 (Prop_lut4_I2_O)        0.154     8.527 f  chip_core/mprj/TopLevel/DMA/u_mm2s/multiregimpl4_regs0_i_262/O
                         net (fo=120, routed)         1.753    10.280    chip_core/mprj/TopLevel/LUT/lut_arb/multiregimpl4_regs0_reg_i_926_7
    SLICE_X32Y60         LUT6 (Prop_lut6_I1_O)        0.327    10.607 r  chip_core/mprj/TopLevel/LUT/lut_arb/multiregimpl4_regs0_i_930/O
                         net (fo=1, routed)           0.662    11.269    chip_core/mprj/TopLevel/LUT/lut_arb/multiregimpl4_regs0_i_930_n_0
    SLICE_X31Y60         CARRY4 (Prop_carry4_DI[0]_CO[3])
                                                      0.526    11.795 r  chip_core/mprj/TopLevel/LUT/lut_arb/multiregimpl4_regs0_reg_i_537/CO[3]
                         net (fo=1, routed)           0.000    11.795    chip_core/mprj/TopLevel/LUT/lut_arb/multiregimpl4_regs0_reg_i_537_n_0
    SLICE_X31Y61         CARRY4 (Prop_carry4_CI_CO[3])
                                                      0.114    11.909 r  chip_core/mprj/TopLevel/LUT/lut_arb/multiregimpl4_regs0_reg_i_271/CO[3]
                         net (fo=1, routed)           1.222    13.131    chip_core/mprj/TopLevel/LUT/lut_arb/indexing_unit/f22/result2
    SLICE_X31Y81         LUT5 (Prop_lut5_I1_O)        0.124    13.255 r  chip_core/mprj/TopLevel/LUT/lut_arb/multiregimpl4_regs0_i_118/O
                         net (fo=1, routed)           0.620    13.875    chip_core/mprj/TopLevel/LUT/lut_arb/multiregimpl4_regs0_i_118_n_0
    SLICE_X31Y82         LUT6 (Prop_lut6_I5_O)        0.124    13.999 r  chip_core/mprj/TopLevel/LUT/lut_arb/multiregimpl4_regs0_i_39/O
                         net (fo=13, routed)          1.255    15.254    chip_core/mprj/TopLevel/LUT/lut_arb/indexing_unit/D[21]_26
    SLICE_X40Y78         LUT4 (Prop_lut4_I2_O)        0.152    15.406 f  chip_core/mprj/TopLevel/LUT/lut_arb/memory[29][31]_i_76/O
                         net (fo=7, routed)           0.893    16.299    chip_core/mprj/TopLevel/LUT/lut_arb/memory[29][31]_i_76_n_0
    SLICE_X44Y78         LUT5 (Prop_lut5_I2_O)        0.352    16.651 f  chip_core/mprj/TopLevel/LUT/lut_arb/memory[29][31]_i_79/O
                         net (fo=1, routed)           1.114    17.765    chip_core/mprj/TopLevel/LUT/lut_arb/memory[29][31]_i_79_n_0
    SLICE_X42Y76         LUT6 (Prop_lut6_I0_O)        0.326    18.091 r  chip_core/mprj/TopLevel/LUT/lut_arb/memory[29][31]_i_36/O
                         net (fo=1, routed)           0.590    18.681    chip_core/mprj/TopLevel/LUT/lut_arb/memory[29][31]_i_36_n_0
    SLICE_X42Y77         LUT6 (Prop_lut6_I4_O)        0.124    18.805 r  chip_core/mprj/TopLevel/LUT/lut_arb/memory[29][31]_i_14/O
                         net (fo=2, routed)           1.151    19.956    chip_core/mprj/TopLevel/LUT/lut_arb/Index[1]
    SLICE_X44Y56         LUT6 (Prop_lut6_I3_O)        0.124    20.080 r  chip_core/mprj/TopLevel/LUT/lut_arb/memory[29][31]_i_3/O
                         net (fo=1123, routed)        2.807    22.886    chip_core/mprj/TopLevel/LUT/M_Unit_3/memory[31][0]_i_4__6_0
    SLICE_X60Y101        LUT6 (Prop_lut6_I4_O)        0.124    23.010 r  chip_core/mprj/TopLevel/LUT/M_Unit_3/memory[31][30]_i_5__6/O
                         net (fo=1, routed)           0.000    23.010    chip_core/mprj/TopLevel/LUT/M_Unit_3/memory[31][30]_i_5__6_n_0
    SLICE_X60Y101        MUXF7 (Prop_muxf7_I0_O)      0.241    23.251 r  chip_core/mprj/TopLevel/LUT/M_Unit_3/memory_reg[31][30]_i_3__1/O
                         net (fo=1, routed)           0.000    23.251    chip_core/mprj/TopLevel/LUT/M_Unit_3/memory_reg[31][30]_i_3__1_n_0
    SLICE_X60Y101        MUXF8 (Prop_muxf8_I0_O)      0.098    23.349 r  chip_core/mprj/TopLevel/LUT/M_Unit_3/memory_reg[31][30]_i_2__6/O
                         net (fo=4, routed)           1.088    24.438    chip_core/mprj/TopLevel/DMA/u_mm2s/memory__1087_2[30]
    SLICE_X60Y85         LUT6 (Prop_lut6_I5_O)        0.319    24.757 r  chip_core/mprj/TopLevel/DMA/u_mm2s/Exponent_carry__0_i_13/O
                         net (fo=1, routed)           0.801    25.558    chip_core/mprj/TopLevel/DMA/u_mm2s/Exponent_carry__0_i_13_n_0
    SLICE_X60Y77         LUT2 (Prop_lut2_I0_O)        0.150    25.708 r  chip_core/mprj/TopLevel/DMA/u_mm2s/Exponent_carry__0_i_9/O
                         net (fo=5, routed)           0.625    26.332    chip_core/mprj/TopLevel/DMA/u_mm2s/address_reg_reg[15]_7
    SLICE_X59Y73         LUT5 (Prop_lut5_I4_O)        0.328    26.660 r  chip_core/mprj/TopLevel/DMA/u_mm2s/Product_i_65/O
                         net (fo=1, routed)           0.407    27.067    chip_core/mprj/TopLevel/DMA/u_mm2s/Product_i_65_n_0
    SLICE_X59Y73         LUT6 (Prop_lut6_I5_O)        0.124    27.191 r  chip_core/mprj/TopLevel/DMA/u_mm2s/Product_i_18/O
                         net (fo=1, routed)           1.164    28.356    chip_core/mprj/TopLevel/LUT/MAC_Unit/multiplier/A[23]
    DSP48_X1Y22          DSP48E1 (Prop_dsp48e1_A[23]_PCOUT[47])
                                                      4.036    32.392 r  chip_core/mprj/TopLevel/LUT/MAC_Unit/multiplier/Product/PCOUT[47]
                         net (fo=1, routed)           0.002    32.394    chip_core/mprj/TopLevel/LUT/MAC_Unit/multiplier/Product_n_106
    DSP48_X1Y23          DSP48E1 (Prop_dsp48e1_PCIN[47]_P[3])
                                                      1.518    33.912 r  chip_core/mprj/TopLevel/LUT/MAC_Unit/multiplier/Product__0/P[3]
                         net (fo=1, routed)           0.744    34.656    chip_core/mprj/TopLevel/LUT/MAC_Unit/multiplier/Product__0_n_102
    SLICE_X57Y56         LUT4 (Prop_lut4_I2_O)        0.124    34.780 r  chip_core/mprj/TopLevel/LUT/MAC_Unit/multiplier/A_swap2_carry_i_49/O
                         net (fo=1, routed)           0.407    35.187    chip_core/mprj/TopLevel/LUT/MAC_Unit/multiplier/A_swap2_carry_i_49_n_0
    SLICE_X57Y56         LUT5 (Prop_lut5_I4_O)        0.124    35.311 r  chip_core/mprj/TopLevel/LUT/MAC_Unit/multiplier/A_swap2_carry_i_48/O
                         net (fo=1, routed)           0.433    35.744    chip_core/mprj/TopLevel/LUT/MAC_Unit/multiplier/A_swap2_carry_i_48_n_0
    SLICE_X57Y56         LUT6 (Prop_lut6_I5_O)        0.124    35.868 r  chip_core/mprj/TopLevel/LUT/MAC_Unit/multiplier/A_swap2_carry_i_45/O
                         net (fo=1, routed)           0.436    36.304    chip_core/mprj/TopLevel/LUT/MAC_Unit/multiplier/A_swap2_carry_i_45_n_0
    SLICE_X57Y57         LUT6 (Prop_lut6_I5_O)        0.124    36.428 r  chip_core/mprj/TopLevel/LUT/MAC_Unit/multiplier/A_swap2_carry_i_43/O
                         net (fo=1, routed)           0.000    36.428    chip_core/mprj/TopLevel/LUT/MAC_Unit/multiplier/A_swap2_carry_i_43_n_0
    SLICE_X57Y57         CARRY4 (Prop_carry4_S[0]_CO[3])
                                                      0.532    36.960 r  chip_core/mprj/TopLevel/LUT/MAC_Unit/multiplier/A_swap2_carry_i_30/CO[3]
                         net (fo=1, routed)           0.000    36.960    chip_core/mprj/TopLevel/LUT/MAC_Unit/multiplier/A_swap2_carry_i_30_n_0
    SLICE_X57Y58         CARRY4 (Prop_carry4_CI_CO[3])
                                                      0.114    37.074 r  chip_core/mprj/TopLevel/LUT/MAC_Unit/multiplier/A_swap2_carry_i_25/CO[3]
                         net (fo=1, routed)           0.000    37.074    chip_core/mprj/TopLevel/LUT/MAC_Unit/multiplier/A_swap2_carry_i_25_n_0
    SLICE_X57Y59         CARRY4 (Prop_carry4_CI_CO[3])
                                                      0.114    37.188 r  chip_core/mprj/TopLevel/LUT/MAC_Unit/multiplier/A_swap2_carry__0_i_30/CO[3]
                         net (fo=1, routed)           0.000    37.188    chip_core/mprj/TopLevel/LUT/MAC_Unit/multiplier/A_swap2_carry__0_i_30_n_0
    SLICE_X57Y60         CARRY4 (Prop_carry4_CI_O[3])
                                                      0.313    37.501 r  chip_core/mprj/TopLevel/LUT/MAC_Unit/multiplier/A_swap2_carry__0_i_25/O[3]
                         net (fo=2, routed)           0.976    38.478    chip_core/mprj/TopLevel/LUT/MAC_Unit/multiplier/Mantissa__0[15]
    SLICE_X58Y62         LUT4 (Prop_lut4_I0_O)        0.328    38.806 r  chip_core/mprj/TopLevel/LUT/MAC_Unit/multiplier/A_swap2_carry__1_i_40/O
                         net (fo=1, routed)           0.718    39.524    chip_core/mprj/TopLevel/LUT/MAC_Unit/multiplier/A_swap2_carry__1_i_40_n_0
    SLICE_X58Y62         LUT6 (Prop_lut6_I2_O)        0.328    39.852 r  chip_core/mprj/TopLevel/LUT/MAC_Unit/multiplier/A_swap2_carry__1_i_28/O
                         net (fo=1, routed)           0.595    40.447    chip_core/mprj/TopLevel/LUT/MAC_Unit/multiplier/A_swap2_carry__1_i_28_n_0
    SLICE_X56Y61         LUT6 (Prop_lut6_I5_O)        0.124    40.571 f  chip_core/mprj/TopLevel/LUT/MAC_Unit/multiplier/A_swap2_carry__1_i_13/O
                         net (fo=40, routed)          1.159    41.730    chip_core/mprj/TopLevel/LUT/MAC_Unit/multiplier/A_swap2_carry__1_i_13_n_0
    SLICE_X60Y69         LUT3 (Prop_lut3_I1_O)        0.150    41.880 f  chip_core/mprj/TopLevel/LUT/MAC_Unit/multiplier/A_swap2_carry__1_i_18/O
                         net (fo=38, routed)          1.476    43.357    chip_core/mprj/TopLevel/LUT/MAC_Unit/multiplier/A_swap2_carry__1_i_18_n_0
    SLICE_X56Y61         LUT2 (Prop_lut2_I1_O)        0.374    43.731 r  chip_core/mprj/TopLevel/LUT/MAC_Unit/multiplier/A_swap2_carry_i_17/O
                         net (fo=4, routed)           0.758    44.488    chip_core/mprj/TopLevel/LUT/MAC_Unit/multiplier/A_swap2_carry_i_17_n_0
    SLICE_X57Y65         LUT4 (Prop_lut4_I2_O)        0.328    44.816 r  chip_core/mprj/TopLevel/LUT/MAC_Unit/multiplier/A_swap2_carry_i_7/O
                         net (fo=1, routed)           0.000    44.816    chip_core/mprj/TopLevel/LUT/MAC_Unit/adder/S[1]
    SLICE_X57Y65         CARRY4 (Prop_carry4_S[1]_CO[3])
                                                      0.550    45.366 r  chip_core/mprj/TopLevel/LUT/MAC_Unit/adder/A_swap2_carry/CO[3]
                         net (fo=1, routed)           0.000    45.366    chip_core/mprj/TopLevel/LUT/MAC_Unit/adder/A_swap2_carry_n_0
    SLICE_X57Y66         CARRY4 (Prop_carry4_CI_CO[3])
                                                      0.114    45.480 r  chip_core/mprj/TopLevel/LUT/MAC_Unit/adder/A_swap2_carry__0/CO[3]
                         net (fo=1, routed)           0.000    45.480    chip_core/mprj/TopLevel/LUT/MAC_Unit/adder/A_swap2_carry__0_n_0
    SLICE_X57Y67         CARRY4 (Prop_carry4_CI_CO[3])
                                                      0.114    45.594 r  chip_core/mprj/TopLevel/LUT/MAC_Unit/adder/A_swap2_carry__1/CO[3]
                         net (fo=1, routed)           0.000    45.594    chip_core/mprj/TopLevel/LUT/MAC_Unit/adder/A_swap2_carry__1_n_0
    SLICE_X57Y68         CARRY4 (Prop_carry4_CI_CO[3])
                                                      0.114    45.708 r  chip_core/mprj/TopLevel/LUT/MAC_Unit/adder/A_swap2_carry__2/CO[3]
                         net (fo=83, routed)          1.252    46.960    chip_core/mprj/TopLevel/LUT/MAC_Unit/multiplier/CO[0]
    SLICE_X62Y72         LUT6 (Prop_lut6_I4_O)        0.124    47.084 r  chip_core/mprj/TopLevel/LUT/MAC_Unit/multiplier/exponent_diff_carry_i_14/O
                         net (fo=5, routed)           0.719    47.803    chip_core/mprj/TopLevel/LUT/MAC_Unit/multiplier/B_Exponent[0]
    SLICE_X62Y68         LUT2 (Prop_lut2_I1_O)        0.124    47.927 r  chip_core/mprj/TopLevel/LUT/MAC_Unit/multiplier/exponent_diff_carry_i_8/O
                         net (fo=1, routed)           0.000    47.927    chip_core/mprj/TopLevel/LUT/MAC_Unit/adder/Exponent_sub_carry_i_69_0[0]
    SLICE_X62Y68         CARRY4 (Prop_carry4_S[0]_CO[3])
                                                      0.513    48.440 r  chip_core/mprj/TopLevel/LUT/MAC_Unit/adder/exponent_diff_carry/CO[3]
                         net (fo=1, routed)           0.000    48.440    chip_core/mprj/TopLevel/LUT/MAC_Unit/adder/exponent_diff_carry_n_0
    SLICE_X62Y69         CARRY4 (Prop_carry4_CI_O[0])
                                                      0.219    48.659 r  chip_core/mprj/TopLevel/LUT/MAC_Unit/adder/exponent_diff_carry__0/O[0]
                         net (fo=41, routed)          0.692    49.351    chip_core/mprj/TopLevel/LUT/MAC_Unit/multiplier/p_1_in[4]
    SLICE_X63Y71         LUT2 (Prop_lut2_I1_O)        0.295    49.646 r  chip_core/mprj/TopLevel/LUT/MAC_Unit/multiplier/B_Exponent_shifted_carry__0_i_7/O
                         net (fo=1, routed)           0.000    49.646    chip_core/mprj/TopLevel/LUT/MAC_Unit/adder/wait_reg[21]_i_40[0]
    SLICE_X63Y71         CARRY4 (Prop_carry4_S[0]_O[3])
                                                      0.606    50.252 r  chip_core/mprj/TopLevel/LUT/MAC_Unit/adder/B_Exponent_shifted_carry__0/O[3]
                         net (fo=1, routed)           0.585    50.837    chip_core/mprj/TopLevel/LUT/MAC_Unit/multiplier/B_Exponent_shifted[7]
    SLICE_X65Y71         LUT4 (Prop_lut4_I1_O)        0.306    51.143 f  chip_core/mprj/TopLevel/LUT/MAC_Unit/multiplier/Exponent_sub_carry_i_41/O
                         net (fo=76, routed)          1.819    52.962    chip_core/mprj/TopLevel/LUT/MAC_Unit/multiplier/Exponent_sub_carry_i_41_n_0
    SLICE_X79Y65         LUT4 (Prop_lut4_I0_O)        0.124    53.086 f  chip_core/mprj/TopLevel/LUT/MAC_Unit/multiplier/Exponent_sub_carry_i_38/O
                         net (fo=88, routed)          1.174    54.260    chip_core/mprj/TopLevel/DMA/u_mm2s/Exponent_sub_carry_i_68
    SLICE_X69Y62         LUT2 (Prop_lut2_I1_O)        0.124    54.384 r  chip_core/mprj/TopLevel/DMA/u_mm2s/Exponent_sub_carry_i_89/O
                         net (fo=26, routed)          0.790    55.174    chip_core/mprj/TopLevel/LUT/MAC_Unit/multiplier/Exponent_sub_carry_i_32_1
    SLICE_X64Y66         LUT4 (Prop_lut4_I0_O)        0.124    55.298 r  chip_core/mprj/TopLevel/LUT/MAC_Unit/multiplier/Exponent_sub_carry_i_118/O
                         net (fo=23, routed)          0.667    55.965    chip_core/mprj/TopLevel/LUT/MAC_Unit/multiplier/exponent_diff_carry__0
    SLICE_X63Y63         LUT5 (Prop_lut5_I4_O)        0.124    56.089 r  chip_core/mprj/TopLevel/LUT/MAC_Unit/multiplier/Exponent_sub_carry_i_92/O
                         net (fo=1, routed)           0.000    56.089    chip_core/mprj/TopLevel/LUT/MAC_Unit/multiplier/Exponent_sub_carry_i_92_n_0
    SLICE_X63Y63         CARRY4 (Prop_carry4_S[1]_O[3])
                                                      0.640    56.729 r  chip_core/mprj/TopLevel/LUT/MAC_Unit/multiplier/Exponent_sub_carry_i_50/O[3]
                         net (fo=2, routed)           0.722    57.450    chip_core/mprj/TopLevel/LUT/MAC_Unit/adder/Exponent_sub_carry_i_17_0[3]
    SLICE_X61Y63         LUT2 (Prop_lut2_I1_O)        0.306    57.756 r  chip_core/mprj/TopLevel/LUT/MAC_Unit/adder/Exponent_sub_carry_i_51/O
                         net (fo=1, routed)           0.000    57.756    chip_core/mprj/TopLevel/LUT/MAC_Unit/multiplier/wait_reg[1]_i_6_0[3]
    SLICE_X61Y63         CARRY4 (Prop_carry4_S[3]_CO[3])
                                                      0.401    58.157 r  chip_core/mprj/TopLevel/LUT/MAC_Unit/multiplier/Exponent_sub_carry_i_25/CO[3]
                         net (fo=1, routed)           0.000    58.157    chip_core/mprj/TopLevel/LUT/MAC_Unit/multiplier/Exponent_sub_carry_i_25_n_0
    SLICE_X61Y64         CARRY4 (Prop_carry4_CI_O[1])
                                                      0.334    58.491 r  chip_core/mprj/TopLevel/LUT/MAC_Unit/multiplier/Exponent_sub_carry_i_26/O[1]
                         net (fo=27, routed)          1.178    59.670    chip_core/mprj/TopLevel/LUT/MAC_Unit/multiplier/Mantissa_sub0[5]
    SLICE_X65Y64         LUT4 (Prop_lut4_I1_O)        0.331    60.001 f  chip_core/mprj/TopLevel/LUT/MAC_Unit/multiplier/Exponent_sub_carry_i_189/O
                         net (fo=1, routed)           0.626    60.627    chip_core/mprj/TopLevel/LUT/MAC_Unit/multiplier/Exponent_sub_carry_i_189_n_0
    SLICE_X69Y64         LUT6 (Prop_lut6_I2_O)        0.332    60.959 r  chip_core/mprj/TopLevel/LUT/MAC_Unit/multiplier/Exponent_sub_carry_i_154/O
                         net (fo=1, routed)           0.927    61.885    chip_core/mprj/TopLevel/LUT/MAC_Unit/multiplier/Exponent_sub_carry_i_154_n_0
    SLICE_X70Y66         LUT6 (Prop_lut6_I0_O)        0.124    62.009 r  chip_core/mprj/TopLevel/LUT/MAC_Unit/multiplier/Exponent_sub_carry_i_124/O
                         net (fo=1, routed)           0.493    62.503    chip_core/mprj/TopLevel/LUT/MAC_Unit/multiplier/Exponent_sub_carry_i_124_n_0
    SLICE_X71Y66         LUT6 (Prop_lut6_I0_O)        0.124    62.627 r  chip_core/mprj/TopLevel/LUT/MAC_Unit/multiplier/Exponent_sub_carry_i_75/O
                         net (fo=1, routed)           0.402    63.029    chip_core/mprj/TopLevel/LUT/MAC_Unit/multiplier/Exponent_sub_carry_i_75_n_0
    SLICE_X71Y67         LUT6 (Prop_lut6_I5_O)        0.124    63.153 r  chip_core/mprj/TopLevel/LUT/MAC_Unit/multiplier/Exponent_sub_carry_i_39/O
                         net (fo=1, routed)           0.700    63.853    chip_core/mprj/TopLevel/LUT/MAC_Unit/multiplier/Exponent_sub_carry_i_39_n_0
    SLICE_X60Y67         LUT6 (Prop_lut6_I1_O)        0.124    63.977 r  chip_core/mprj/TopLevel/LUT/MAC_Unit/multiplier/Exponent_sub_carry_i_19/O
                         net (fo=1, routed)           0.408    64.385    chip_core/mprj/TopLevel/LUT/MAC_Unit/multiplier/Exponent_sub_carry_i_19_n_0
    SLICE_X59Y68         LUT2 (Prop_lut2_I1_O)        0.124    64.509 r  chip_core/mprj/TopLevel/LUT/MAC_Unit/multiplier/Exponent_sub_carry_i_8/O
                         net (fo=1, routed)           0.000    64.509    chip_core/mprj/TopLevel/LUT/MAC_Unit/adder/pe/wait_reg[23]_i_7_0[0]
    SLICE_X59Y68         CARRY4 (Prop_carry4_S[0]_O[2])
                                                      0.547    65.056 r  chip_core/mprj/TopLevel/LUT/MAC_Unit/adder/pe/Exponent_sub_carry/O[2]
                         net (fo=1, routed)           0.432    65.488    chip_core/mprj/TopLevel/LUT/MAC_Unit/multiplier/wait_reg[30]_i_3[1]
    SLICE_X58Y69         LUT5 (Prop_lut5_I1_O)        0.302    65.790 r  chip_core/mprj/TopLevel/LUT/MAC_Unit/multiplier/wait_reg[25]_i_6/O
                         net (fo=3, routed)           1.045    66.835    chip_core/mprj/TopLevel/LUT/B_Unit_3/MACresult[20]
    SLICE_X58Y85         LUT6 (Prop_lut6_I5_O)        0.124    66.959 r  chip_core/mprj/TopLevel/LUT/B_Unit_3/wait_reg[25]_i_5/O
                         net (fo=1, routed)           0.680    67.639    chip_core/mprj/TopLevel/LUT/B_Unit_1/wait_reg_reg[25]_0
    SLICE_X58Y85         LUT6 (Prop_lut6_I4_O)        0.124    67.763 r  chip_core/mprj/TopLevel/LUT/B_Unit_1/wait_reg[25]_i_2/O
                         net (fo=2, routed)           2.268    70.030    chip_core/mprj/TopLevel/LUT/lut_arb/dbg_uart_data[25]_i_4
    SLICE_X31Y41         LUT5 (Prop_lut5_I3_O)        0.124    70.154 r  chip_core/mprj/TopLevel/LUT/lut_arb/sreg[25]_i_10/O
                         net (fo=2, routed)           0.966    71.120    chip_core/mprj/TopLevel/LUT/wb4_intf/sreg[31]_i_7_0[13]
    SLICE_X45Y33         LUT5 (Prop_lut5_I1_O)        0.124    71.244 r  chip_core/mprj/TopLevel/LUT/wb4_intf/sreg[25]_i_7/O
                         net (fo=1, routed)           0.879    72.123    chip_core/mprj/TopLevel/DMA/u_mm2s/sreg_reg[25]_1
    SLICE_X57Y28         LUT6 (Prop_lut6_I3_O)        0.124    72.247 r  chip_core/mprj/TopLevel/DMA/u_mm2s/sreg[25]_i_4/O
                         net (fo=1, routed)           0.727    72.974    chip_core/mprj/TopLevel/DMA/u_mm2s/sreg[25]_i_4_n_0
    SLICE_X61Y28         LUT5 (Prop_lut5_I4_O)        0.150    73.124 r  chip_core/mprj/TopLevel/DMA/u_mm2s/sreg[25]_i_1/O
                         net (fo=1, routed)           0.000    73.124    chip_core/mprj/TopLevel/DMA/u_mm2s/pre_shifted_data[25]
    SLICE_X61Y28         FDRE                                         r  chip_core/mprj/TopLevel/DMA/u_mm2s/sreg_reg[25]/D
  -------------------------------------------------------------------    -------------------

                         (clock clock12 rise edge)   83.333    83.333 r  
    E3                                                0.000    83.333 r  clock100 (IN)
                         net (fo=0)                   0.000    83.333    clk_fix/inst/clk_in1
    E3                   IBUF (Prop_ibuf_I_O)         1.411    84.745 r  clk_fix/inst/clkin1_ibufg/O
                         net (fo=1, routed)           1.162    85.906    clk_fix/inst/clk_in1_clk_fix
    MMCME2_ADV_X1Y2      MMCME2_ADV (Prop_mmcme2_adv_CLKIN1_CLKOUT0)
                                                     -7.324    78.583 r  clk_fix/inst/mmcm_adv_inst/CLKOUT0
                         net (fo=1, routed)           1.639    80.222    clk_fix/inst/clk_out1_clk_fix
    BUFGCTRL_X0Y16       BUFG (Prop_bufg_I_O)         0.091    80.313 r  clk_fix/inst/clkout1_buf/O
                         net (fo=14035, routed)       1.662    81.975    chip_core/mprj/TopLevel/DMA/u_mm2s/clk_out1
    SLICE_X61Y28         FDRE                                         r  chip_core/mprj/TopLevel/DMA/u_mm2s/sreg_reg[25]/C
                         clock pessimism              0.496    82.471    
                         clock uncertainty           -0.176    82.294    
    SLICE_X61Y28         FDRE (Setup_fdre_C_D)        0.075    82.369    chip_core/mprj/TopLevel/DMA/u_mm2s/sreg_reg[25]
  -------------------------------------------------------------------
                         required time                         82.369    
                         arrival time                         -73.124    
  -------------------------------------------------------------------
                         slack                                  9.245    

Slack (MET) :             9.329ns  (required time - arrival time)
  Source:                 chip_core/soc/core/FSM_onehot_grant_reg[1]/C
                            (rising edge-triggered cell FDRE clocked by clock12  {rise@0.000ns fall@41.667ns period=83.333ns})
  Destination:            chip_core/mprj/TopLevel/DMA/u_mm2s/sreg_reg[28]/D
                            (rising edge-triggered cell FDRE clocked by clock12  {rise@0.000ns fall@41.667ns period=83.333ns})
  Path Group:             clock12
  Path Type:              Setup (Max at Slow Process Corner)
  Requirement:            83.333ns  (clock12 rise@83.333ns - clock12 rise@0.000ns)
  Data Path Delay:        73.777ns  (logic 22.371ns (30.323%)  route 51.406ns (69.677%))
  Logic Levels:           75  (CARRY4=18 DSP48E1=2 LUT2=7 LUT3=1 LUT4=10 LUT5=11 LUT6=24 MUXF7=1 MUXF8=1)
  Clock Path Skew:        -0.126ns (DCD - SCD + CPR)
    Destination Clock Delay (DCD):    -1.362ns = ( 81.972 - 83.333 ) 
    Source Clock Delay      (SCD):    -0.740ns
    Clock Pessimism Removal (CPR):    0.496ns
  Clock Uncertainty:      0.176ns  ((TSJ^2 + DJ^2)^1/2) / 2 + PE
    Total System Jitter     (TSJ):    0.071ns
    Discrete Jitter          (DJ):    0.346ns
    Phase Error              (PE):    0.000ns

    Location             Delay type                Incr(ns)  Path(ns)    Netlist Resource(s)
  -------------------------------------------------------------------    -------------------
                         (clock clock12 rise edge)    0.000     0.000 r  
    E3                                                0.000     0.000 r  clock100 (IN)
                         net (fo=0)                   0.000     0.000    clk_fix/inst/clk_in1
    E3                   IBUF (Prop_ibuf_I_O)         1.482     1.482 r  clk_fix/inst/clkin1_ibufg/O
                         net (fo=1, routed)           1.233     2.715    clk_fix/inst/clk_in1_clk_fix
    MMCME2_ADV_X1Y2      MMCME2_ADV (Prop_mmcme2_adv_CLKIN1_CLKOUT0)
                                                     -7.070    -4.355 r  clk_fix/inst/mmcm_adv_inst/CLKOUT0
                         net (fo=1, routed)           1.719    -2.636    clk_fix/inst/clk_out1_clk_fix
    BUFGCTRL_X0Y16       BUFG (Prop_bufg_I_O)         0.096    -2.540 r  clk_fix/inst/clkout1_buf/O
                         net (fo=14035, routed)       1.800    -0.740    chip_core/soc/core/clk_out1
    SLICE_X25Y26         FDRE                                         r  chip_core/soc/core/FSM_onehot_grant_reg[1]/C
  -------------------------------------------------------------------    -------------------
    SLICE_X25Y26         FDRE (Prop_fdre_C_Q)         0.419    -0.321 r  chip_core/soc/core/FSM_onehot_grant_reg[1]/Q
                         net (fo=179, routed)         1.329     1.008    chip_core/soc/core/VexRiscv/IBusCachedPlugin_cache/grant_reg[1]
    SLICE_X20Y24         LUT5 (Prop_lut5_I1_O)        0.299     1.307 f  chip_core/soc/core/VexRiscv/IBusCachedPlugin_cache/address_reg[11]_i_3/O
                         net (fo=41, routed)          1.338     2.646    chip_core/soc/core/VexRiscv/IBusCachedPlugin_cache/dbg_uart_address_reg[9]_1
    SLICE_X18Y33         LUT4 (Prop_lut4_I0_O)        0.124     2.770 r  chip_core/soc/core/VexRiscv/IBusCachedPlugin_cache/SevenSegDisplay[31]_i_15/O
                         net (fo=1, routed)           0.669     3.439    chip_core/soc/core/VexRiscv/IBusCachedPlugin_cache/SevenSegDisplay[31]_i_15_n_0
    SLICE_X18Y33         LUT5 (Prop_lut5_I4_O)        0.124     3.563 r  chip_core/soc/core/VexRiscv/IBusCachedPlugin_cache/SevenSegDisplay[31]_i_12/O
                         net (fo=1, routed)           0.455     4.017    chip_core/soc/core/VexRiscv/IBusCachedPlugin_cache/SevenSegDisplay[31]_i_12_n_0
    SLICE_X17Y33         LUT6 (Prop_lut6_I4_O)        0.124     4.141 r  chip_core/soc/core/VexRiscv/IBusCachedPlugin_cache/SevenSegDisplay[31]_i_6/O
                         net (fo=66, routed)          0.853     4.994    chip_core/soc/core/VexRiscv/IBusCachedPlugin_cache/SevenSegDisplay[31]_i_6_n_0
    SLICE_X31Y31         LUT6 (Prop_lut6_I0_O)        0.124     5.118 r  chip_core/soc/core/VexRiscv/IBusCachedPlugin_cache/FSM_onehot_current_state[3]_inv_i_3/O
                         net (fo=93, routed)          1.102     6.221    chip_core/mprj/TopLevel/DMA/u_mm2s/b3_active
    SLICE_X41Y45         LUT6 (Prop_lut6_I1_O)        0.124     6.345 r  chip_core/mprj/TopLevel/DMA/u_mm2s/memory[29][31]_i_12/O
                         net (fo=150, routed)         2.028     8.373    chip_core/mprj/TopLevel/DMA/u_mm2s/FSM_onehot_current_state_reg[1]_inv_4
    SLICE_X41Y75         LUT4 (Prop_lut4_I2_O)        0.154     8.527 f  chip_core/mprj/TopLevel/DMA/u_mm2s/multiregimpl4_regs0_i_262/O
                         net (fo=120, routed)         1.753    10.280    chip_core/mprj/TopLevel/LUT/lut_arb/multiregimpl4_regs0_reg_i_926_7
    SLICE_X32Y60         LUT6 (Prop_lut6_I1_O)        0.327    10.607 r  chip_core/mprj/TopLevel/LUT/lut_arb/multiregimpl4_regs0_i_930/O
                         net (fo=1, routed)           0.662    11.269    chip_core/mprj/TopLevel/LUT/lut_arb/multiregimpl4_regs0_i_930_n_0
    SLICE_X31Y60         CARRY4 (Prop_carry4_DI[0]_CO[3])
                                                      0.526    11.795 r  chip_core/mprj/TopLevel/LUT/lut_arb/multiregimpl4_regs0_reg_i_537/CO[3]
                         net (fo=1, routed)           0.000    11.795    chip_core/mprj/TopLevel/LUT/lut_arb/multiregimpl4_regs0_reg_i_537_n_0
    SLICE_X31Y61         CARRY4 (Prop_carry4_CI_CO[3])
                                                      0.114    11.909 r  chip_core/mprj/TopLevel/LUT/lut_arb/multiregimpl4_regs0_reg_i_271/CO[3]
                         net (fo=1, routed)           1.222    13.131    chip_core/mprj/TopLevel/LUT/lut_arb/indexing_unit/f22/result2
    SLICE_X31Y81         LUT5 (Prop_lut5_I1_O)        0.124    13.255 r  chip_core/mprj/TopLevel/LUT/lut_arb/multiregimpl4_regs0_i_118/O
                         net (fo=1, routed)           0.620    13.875    chip_core/mprj/TopLevel/LUT/lut_arb/multiregimpl4_regs0_i_118_n_0
    SLICE_X31Y82         LUT6 (Prop_lut6_I5_O)        0.124    13.999 r  chip_core/mprj/TopLevel/LUT/lut_arb/multiregimpl4_regs0_i_39/O
                         net (fo=13, routed)          1.255    15.254    chip_core/mprj/TopLevel/LUT/lut_arb/indexing_unit/D[21]_26
    SLICE_X40Y78         LUT4 (Prop_lut4_I2_O)        0.152    15.406 f  chip_core/mprj/TopLevel/LUT/lut_arb/memory[29][31]_i_76/O
                         net (fo=7, routed)           0.893    16.299    chip_core/mprj/TopLevel/LUT/lut_arb/memory[29][31]_i_76_n_0
    SLICE_X44Y78         LUT5 (Prop_lut5_I2_O)        0.352    16.651 f  chip_core/mprj/TopLevel/LUT/lut_arb/memory[29][31]_i_79/O
                         net (fo=1, routed)           1.114    17.765    chip_core/mprj/TopLevel/LUT/lut_arb/memory[29][31]_i_79_n_0
    SLICE_X42Y76         LUT6 (Prop_lut6_I0_O)        0.326    18.091 r  chip_core/mprj/TopLevel/LUT/lut_arb/memory[29][31]_i_36/O
                         net (fo=1, routed)           0.590    18.681    chip_core/mprj/TopLevel/LUT/lut_arb/memory[29][31]_i_36_n_0
    SLICE_X42Y77         LUT6 (Prop_lut6_I4_O)        0.124    18.805 r  chip_core/mprj/TopLevel/LUT/lut_arb/memory[29][31]_i_14/O
                         net (fo=2, routed)           1.151    19.956    chip_core/mprj/TopLevel/LUT/lut_arb/Index[1]
    SLICE_X44Y56         LUT6 (Prop_lut6_I3_O)        0.124    20.080 r  chip_core/mprj/TopLevel/LUT/lut_arb/memory[29][31]_i_3/O
                         net (fo=1123, routed)        2.807    22.886    chip_core/mprj/TopLevel/LUT/M_Unit_3/memory[31][0]_i_4__6_0
    SLICE_X60Y101        LUT6 (Prop_lut6_I4_O)        0.124    23.010 r  chip_core/mprj/TopLevel/LUT/M_Unit_3/memory[31][30]_i_5__6/O
                         net (fo=1, routed)           0.000    23.010    chip_core/mprj/TopLevel/LUT/M_Unit_3/memory[31][30]_i_5__6_n_0
    SLICE_X60Y101        MUXF7 (Prop_muxf7_I0_O)      0.241    23.251 r  chip_core/mprj/TopLevel/LUT/M_Unit_3/memory_reg[31][30]_i_3__1/O
                         net (fo=1, routed)           0.000    23.251    chip_core/mprj/TopLevel/LUT/M_Unit_3/memory_reg[31][30]_i_3__1_n_0
    SLICE_X60Y101        MUXF8 (Prop_muxf8_I0_O)      0.098    23.349 r  chip_core/mprj/TopLevel/LUT/M_Unit_3/memory_reg[31][30]_i_2__6/O
                         net (fo=4, routed)           1.088    24.438    chip_core/mprj/TopLevel/DMA/u_mm2s/memory__1087_2[30]
    SLICE_X60Y85         LUT6 (Prop_lut6_I5_O)        0.319    24.757 r  chip_core/mprj/TopLevel/DMA/u_mm2s/Exponent_carry__0_i_13/O
                         net (fo=1, routed)           0.801    25.558    chip_core/mprj/TopLevel/DMA/u_mm2s/Exponent_carry__0_i_13_n_0
    SLICE_X60Y77         LUT2 (Prop_lut2_I0_O)        0.150    25.708 r  chip_core/mprj/TopLevel/DMA/u_mm2s/Exponent_carry__0_i_9/O
                         net (fo=5, routed)           0.625    26.332    chip_core/mprj/TopLevel/DMA/u_mm2s/address_reg_reg[15]_7
    SLICE_X59Y73         LUT5 (Prop_lut5_I4_O)        0.328    26.660 r  chip_core/mprj/TopLevel/DMA/u_mm2s/Product_i_65/O
                         net (fo=1, routed)           0.407    27.067    chip_core/mprj/TopLevel/DMA/u_mm2s/Product_i_65_n_0
    SLICE_X59Y73         LUT6 (Prop_lut6_I5_O)        0.124    27.191 r  chip_core/mprj/TopLevel/DMA/u_mm2s/Product_i_18/O
                         net (fo=1, routed)           1.164    28.356    chip_core/mprj/TopLevel/LUT/MAC_Unit/multiplier/A[23]
    DSP48_X1Y22          DSP48E1 (Prop_dsp48e1_A[23]_PCOUT[47])
                                                      4.036    32.392 r  chip_core/mprj/TopLevel/LUT/MAC_Unit/multiplier/Product/PCOUT[47]
                         net (fo=1, routed)           0.002    32.394    chip_core/mprj/TopLevel/LUT/MAC_Unit/multiplier/Product_n_106
    DSP48_X1Y23          DSP48E1 (Prop_dsp48e1_PCIN[47]_P[3])
                                                      1.518    33.912 r  chip_core/mprj/TopLevel/LUT/MAC_Unit/multiplier/Product__0/P[3]
                         net (fo=1, routed)           0.744    34.656    chip_core/mprj/TopLevel/LUT/MAC_Unit/multiplier/Product__0_n_102
    SLICE_X57Y56         LUT4 (Prop_lut4_I2_O)        0.124    34.780 r  chip_core/mprj/TopLevel/LUT/MAC_Unit/multiplier/A_swap2_carry_i_49/O
                         net (fo=1, routed)           0.407    35.187    chip_core/mprj/TopLevel/LUT/MAC_Unit/multiplier/A_swap2_carry_i_49_n_0
    SLICE_X57Y56         LUT5 (Prop_lut5_I4_O)        0.124    35.311 r  chip_core/mprj/TopLevel/LUT/MAC_Unit/multiplier/A_swap2_carry_i_48/O
                         net (fo=1, routed)           0.433    35.744    chip_core/mprj/TopLevel/LUT/MAC_Unit/multiplier/A_swap2_carry_i_48_n_0
    SLICE_X57Y56         LUT6 (Prop_lut6_I5_O)        0.124    35.868 r  chip_core/mprj/TopLevel/LUT/MAC_Unit/multiplier/A_swap2_carry_i_45/O
                         net (fo=1, routed)           0.436    36.304    chip_core/mprj/TopLevel/LUT/MAC_Unit/multiplier/A_swap2_carry_i_45_n_0
    SLICE_X57Y57         LUT6 (Prop_lut6_I5_O)        0.124    36.428 r  chip_core/mprj/TopLevel/LUT/MAC_Unit/multiplier/A_swap2_carry_i_43/O
                         net (fo=1, routed)           0.000    36.428    chip_core/mprj/TopLevel/LUT/MAC_Unit/multiplier/A_swap2_carry_i_43_n_0
    SLICE_X57Y57         CARRY4 (Prop_carry4_S[0]_CO[3])
                                                      0.532    36.960 r  chip_core/mprj/TopLevel/LUT/MAC_Unit/multiplier/A_swap2_carry_i_30/CO[3]
                         net (fo=1, routed)           0.000    36.960    chip_core/mprj/TopLevel/LUT/MAC_Unit/multiplier/A_swap2_carry_i_30_n_0
    SLICE_X57Y58         CARRY4 (Prop_carry4_CI_CO[3])
                                                      0.114    37.074 r  chip_core/mprj/TopLevel/LUT/MAC_Unit/multiplier/A_swap2_carry_i_25/CO[3]
                         net (fo=1, routed)           0.000    37.074    chip_core/mprj/TopLevel/LUT/MAC_Unit/multiplier/A_swap2_carry_i_25_n_0
    SLICE_X57Y59         CARRY4 (Prop_carry4_CI_CO[3])
                                                      0.114    37.188 r  chip_core/mprj/TopLevel/LUT/MAC_Unit/multiplier/A_swap2_carry__0_i_30/CO[3]
                         net (fo=1, routed)           0.000    37.188    chip_core/mprj/TopLevel/LUT/MAC_Unit/multiplier/A_swap2_carry__0_i_30_n_0
    SLICE_X57Y60         CARRY4 (Prop_carry4_CI_O[3])
                                                      0.313    37.501 r  chip_core/mprj/TopLevel/LUT/MAC_Unit/multiplier/A_swap2_carry__0_i_25/O[3]
                         net (fo=2, routed)           0.976    38.478    chip_core/mprj/TopLevel/LUT/MAC_Unit/multiplier/Mantissa__0[15]
    SLICE_X58Y62         LUT4 (Prop_lut4_I0_O)        0.328    38.806 r  chip_core/mprj/TopLevel/LUT/MAC_Unit/multiplier/A_swap2_carry__1_i_40/O
                         net (fo=1, routed)           0.718    39.524    chip_core/mprj/TopLevel/LUT/MAC_Unit/multiplier/A_swap2_carry__1_i_40_n_0
    SLICE_X58Y62         LUT6 (Prop_lut6_I2_O)        0.328    39.852 r  chip_core/mprj/TopLevel/LUT/MAC_Unit/multiplier/A_swap2_carry__1_i_28/O
                         net (fo=1, routed)           0.595    40.447    chip_core/mprj/TopLevel/LUT/MAC_Unit/multiplier/A_swap2_carry__1_i_28_n_0
    SLICE_X56Y61         LUT6 (Prop_lut6_I5_O)        0.124    40.571 f  chip_core/mprj/TopLevel/LUT/MAC_Unit/multiplier/A_swap2_carry__1_i_13/O
                         net (fo=40, routed)          1.159    41.730    chip_core/mprj/TopLevel/LUT/MAC_Unit/multiplier/A_swap2_carry__1_i_13_n_0
    SLICE_X60Y69         LUT3 (Prop_lut3_I1_O)        0.150    41.880 f  chip_core/mprj/TopLevel/LUT/MAC_Unit/multiplier/A_swap2_carry__1_i_18/O
                         net (fo=38, routed)          1.476    43.357    chip_core/mprj/TopLevel/LUT/MAC_Unit/multiplier/A_swap2_carry__1_i_18_n_0
    SLICE_X56Y61         LUT2 (Prop_lut2_I1_O)        0.374    43.731 r  chip_core/mprj/TopLevel/LUT/MAC_Unit/multiplier/A_swap2_carry_i_17/O
                         net (fo=4, routed)           0.758    44.488    chip_core/mprj/TopLevel/LUT/MAC_Unit/multiplier/A_swap2_carry_i_17_n_0
    SLICE_X57Y65         LUT4 (Prop_lut4_I2_O)        0.328    44.816 r  chip_core/mprj/TopLevel/LUT/MAC_Unit/multiplier/A_swap2_carry_i_7/O
                         net (fo=1, routed)           0.000    44.816    chip_core/mprj/TopLevel/LUT/MAC_Unit/adder/S[1]
    SLICE_X57Y65         CARRY4 (Prop_carry4_S[1]_CO[3])
                                                      0.550    45.366 r  chip_core/mprj/TopLevel/LUT/MAC_Unit/adder/A_swap2_carry/CO[3]
                         net (fo=1, routed)           0.000    45.366    chip_core/mprj/TopLevel/LUT/MAC_Unit/adder/A_swap2_carry_n_0
    SLICE_X57Y66         CARRY4 (Prop_carry4_CI_CO[3])
                                                      0.114    45.480 r  chip_core/mprj/TopLevel/LUT/MAC_Unit/adder/A_swap2_carry__0/CO[3]
                         net (fo=1, routed)           0.000    45.480    chip_core/mprj/TopLevel/LUT/MAC_Unit/adder/A_swap2_carry__0_n_0
    SLICE_X57Y67         CARRY4 (Prop_carry4_CI_CO[3])
                                                      0.114    45.594 r  chip_core/mprj/TopLevel/LUT/MAC_Unit/adder/A_swap2_carry__1/CO[3]
                         net (fo=1, routed)           0.000    45.594    chip_core/mprj/TopLevel/LUT/MAC_Unit/adder/A_swap2_carry__1_n_0
    SLICE_X57Y68         CARRY4 (Prop_carry4_CI_CO[3])
                                                      0.114    45.708 r  chip_core/mprj/TopLevel/LUT/MAC_Unit/adder/A_swap2_carry__2/CO[3]
                         net (fo=83, routed)          1.252    46.960    chip_core/mprj/TopLevel/LUT/MAC_Unit/multiplier/CO[0]
    SLICE_X62Y72         LUT6 (Prop_lut6_I4_O)        0.124    47.084 r  chip_core/mprj/TopLevel/LUT/MAC_Unit/multiplier/exponent_diff_carry_i_14/O
                         net (fo=5, routed)           0.719    47.803    chip_core/mprj/TopLevel/LUT/MAC_Unit/multiplier/B_Exponent[0]
    SLICE_X62Y68         LUT2 (Prop_lut2_I1_O)        0.124    47.927 r  chip_core/mprj/TopLevel/LUT/MAC_Unit/multiplier/exponent_diff_carry_i_8/O
                         net (fo=1, routed)           0.000    47.927    chip_core/mprj/TopLevel/LUT/MAC_Unit/adder/Exponent_sub_carry_i_69_0[0]
    SLICE_X62Y68         CARRY4 (Prop_carry4_S[0]_CO[3])
                                                      0.513    48.440 r  chip_core/mprj/TopLevel/LUT/MAC_Unit/adder/exponent_diff_carry/CO[3]
                         net (fo=1, routed)           0.000    48.440    chip_core/mprj/TopLevel/LUT/MAC_Unit/adder/exponent_diff_carry_n_0
    SLICE_X62Y69         CARRY4 (Prop_carry4_CI_O[0])
                                                      0.219    48.659 r  chip_core/mprj/TopLevel/LUT/MAC_Unit/adder/exponent_diff_carry__0/O[0]
                         net (fo=41, routed)          0.692    49.351    chip_core/mprj/TopLevel/LUT/MAC_Unit/multiplier/p_1_in[4]
    SLICE_X63Y71         LUT2 (Prop_lut2_I1_O)        0.295    49.646 r  chip_core/mprj/TopLevel/LUT/MAC_Unit/multiplier/B_Exponent_shifted_carry__0_i_7/O
                         net (fo=1, routed)           0.000    49.646    chip_core/mprj/TopLevel/LUT/MAC_Unit/adder/wait_reg[21]_i_40[0]
    SLICE_X63Y71         CARRY4 (Prop_carry4_S[0]_O[3])
                                                      0.606    50.252 r  chip_core/mprj/TopLevel/LUT/MAC_Unit/adder/B_Exponent_shifted_carry__0/O[3]
                         net (fo=1, routed)           0.585    50.837    chip_core/mprj/TopLevel/LUT/MAC_Unit/multiplier/B_Exponent_shifted[7]
    SLICE_X65Y71         LUT4 (Prop_lut4_I1_O)        0.306    51.143 f  chip_core/mprj/TopLevel/LUT/MAC_Unit/multiplier/Exponent_sub_carry_i_41/O
                         net (fo=76, routed)          1.819    52.962    chip_core/mprj/TopLevel/LUT/MAC_Unit/multiplier/Exponent_sub_carry_i_41_n_0
    SLICE_X79Y65         LUT4 (Prop_lut4_I0_O)        0.124    53.086 f  chip_core/mprj/TopLevel/LUT/MAC_Unit/multiplier/Exponent_sub_carry_i_38/O
                         net (fo=88, routed)          1.174    54.260    chip_core/mprj/TopLevel/DMA/u_mm2s/Exponent_sub_carry_i_68
    SLICE_X69Y62         LUT2 (Prop_lut2_I1_O)        0.124    54.384 r  chip_core/mprj/TopLevel/DMA/u_mm2s/Exponent_sub_carry_i_89/O
                         net (fo=26, routed)          0.790    55.174    chip_core/mprj/TopLevel/LUT/MAC_Unit/multiplier/Exponent_sub_carry_i_32_1
    SLICE_X64Y66         LUT4 (Prop_lut4_I0_O)        0.124    55.298 r  chip_core/mprj/TopLevel/LUT/MAC_Unit/multiplier/Exponent_sub_carry_i_118/O
                         net (fo=23, routed)          0.667    55.965    chip_core/mprj/TopLevel/LUT/MAC_Unit/multiplier/exponent_diff_carry__0
    SLICE_X63Y63         LUT5 (Prop_lut5_I4_O)        0.124    56.089 r  chip_core/mprj/TopLevel/LUT/MAC_Unit/multiplier/Exponent_sub_carry_i_92/O
                         net (fo=1, routed)           0.000    56.089    chip_core/mprj/TopLevel/LUT/MAC_Unit/multiplier/Exponent_sub_carry_i_92_n_0
    SLICE_X63Y63         CARRY4 (Prop_carry4_S[1]_O[3])
                                                      0.640    56.729 r  chip_core/mprj/TopLevel/LUT/MAC_Unit/multiplier/Exponent_sub_carry_i_50/O[3]
                         net (fo=2, routed)           0.722    57.450    chip_core/mprj/TopLevel/LUT/MAC_Unit/adder/Exponent_sub_carry_i_17_0[3]
    SLICE_X61Y63         LUT2 (Prop_lut2_I1_O)        0.306    57.756 r  chip_core/mprj/TopLevel/LUT/MAC_Unit/adder/Exponent_sub_carry_i_51/O
                         net (fo=1, routed)           0.000    57.756    chip_core/mprj/TopLevel/LUT/MAC_Unit/multiplier/wait_reg[1]_i_6_0[3]
    SLICE_X61Y63         CARRY4 (Prop_carry4_S[3]_CO[3])
                                                      0.401    58.157 r  chip_core/mprj/TopLevel/LUT/MAC_Unit/multiplier/Exponent_sub_carry_i_25/CO[3]
                         net (fo=1, routed)           0.000    58.157    chip_core/mprj/TopLevel/LUT/MAC_Unit/multiplier/Exponent_sub_carry_i_25_n_0
    SLICE_X61Y64         CARRY4 (Prop_carry4_CI_O[1])
                                                      0.334    58.491 r  chip_core/mprj/TopLevel/LUT/MAC_Unit/multiplier/Exponent_sub_carry_i_26/O[1]
                         net (fo=27, routed)          1.178    59.670    chip_core/mprj/TopLevel/LUT/MAC_Unit/multiplier/Mantissa_sub0[5]
    SLICE_X65Y64         LUT4 (Prop_lut4_I1_O)        0.331    60.001 f  chip_core/mprj/TopLevel/LUT/MAC_Unit/multiplier/Exponent_sub_carry_i_189/O
                         net (fo=1, routed)           0.626    60.627    chip_core/mprj/TopLevel/LUT/MAC_Unit/multiplier/Exponent_sub_carry_i_189_n_0
    SLICE_X69Y64         LUT6 (Prop_lut6_I2_O)        0.332    60.959 r  chip_core/mprj/TopLevel/LUT/MAC_Unit/multiplier/Exponent_sub_carry_i_154/O
                         net (fo=1, routed)           0.927    61.885    chip_core/mprj/TopLevel/LUT/MAC_Unit/multiplier/Exponent_sub_carry_i_154_n_0
    SLICE_X70Y66         LUT6 (Prop_lut6_I0_O)        0.124    62.009 r  chip_core/mprj/TopLevel/LUT/MAC_Unit/multiplier/Exponent_sub_carry_i_124/O
                         net (fo=1, routed)           0.493    62.503    chip_core/mprj/TopLevel/LUT/MAC_Unit/multiplier/Exponent_sub_carry_i_124_n_0
    SLICE_X71Y66         LUT6 (Prop_lut6_I0_O)        0.124    62.627 r  chip_core/mprj/TopLevel/LUT/MAC_Unit/multiplier/Exponent_sub_carry_i_75/O
                         net (fo=1, routed)           0.402    63.029    chip_core/mprj/TopLevel/LUT/MAC_Unit/multiplier/Exponent_sub_carry_i_75_n_0
    SLICE_X71Y67         LUT6 (Prop_lut6_I5_O)        0.124    63.153 r  chip_core/mprj/TopLevel/LUT/MAC_Unit/multiplier/Exponent_sub_carry_i_39/O
                         net (fo=1, routed)           0.700    63.853    chip_core/mprj/TopLevel/LUT/MAC_Unit/multiplier/Exponent_sub_carry_i_39_n_0
    SLICE_X60Y67         LUT6 (Prop_lut6_I1_O)        0.124    63.977 r  chip_core/mprj/TopLevel/LUT/MAC_Unit/multiplier/Exponent_sub_carry_i_19/O
                         net (fo=1, routed)           0.408    64.385    chip_core/mprj/TopLevel/LUT/MAC_Unit/multiplier/Exponent_sub_carry_i_19_n_0
    SLICE_X59Y68         LUT2 (Prop_lut2_I1_O)        0.124    64.509 r  chip_core/mprj/TopLevel/LUT/MAC_Unit/multiplier/Exponent_sub_carry_i_8/O
                         net (fo=1, routed)           0.000    64.509    chip_core/mprj/TopLevel/LUT/MAC_Unit/adder/pe/wait_reg[23]_i_7_0[0]
    SLICE_X59Y68         CARRY4 (Prop_carry4_S[0]_CO[3])
                                                      0.532    65.041 r  chip_core/mprj/TopLevel/LUT/MAC_Unit/adder/pe/Exponent_sub_carry/CO[3]
                         net (fo=1, routed)           0.000    65.041    chip_core/mprj/TopLevel/LUT/MAC_Unit/adder/pe/Exponent_sub_carry_n_0
    SLICE_X59Y69         CARRY4 (Prop_carry4_CI_O[1])
                                                      0.334    65.375 r  chip_core/mprj/TopLevel/LUT/MAC_Unit/adder/pe/Exponent_sub_carry__0/O[1]
                         net (fo=1, routed)           0.566    65.941    chip_core/mprj/TopLevel/LUT/MAC_Unit/multiplier/wait_reg[30]_i_3[4]
    SLICE_X60Y71         LUT5 (Prop_lut5_I1_O)        0.303    66.244 r  chip_core/mprj/TopLevel/LUT/MAC_Unit/multiplier/wait_reg[28]_i_6/O
                         net (fo=3, routed)           0.845    67.089    chip_core/mprj/TopLevel/LUT/B_Unit_3/MACresult[23]
    SLICE_X62Y83         LUT6 (Prop_lut6_I5_O)        0.124    67.213 r  chip_core/mprj/TopLevel/LUT/B_Unit_3/wait_reg[28]_i_5/O
                         net (fo=1, routed)           0.680    67.893    chip_core/mprj/TopLevel/LUT/B_Unit_1/wait_reg_reg[28]_0
    SLICE_X62Y83         LUT6 (Prop_lut6_I4_O)        0.124    68.017 r  chip_core/mprj/TopLevel/LUT/B_Unit_1/wait_reg[28]_i_2/O
                         net (fo=3, routed)           2.167    70.185    chip_core/mprj/TopLevel/LUT/lut_arb/dataOut_reg_reg[28]_0
    SLICE_X36Y45         LUT5 (Prop_lut5_I1_O)        0.124    70.309 r  chip_core/mprj/TopLevel/LUT/lut_arb/sreg[28]_i_10/O
                         net (fo=2, routed)           1.026    71.334    chip_core/mprj/TopLevel/LUT/wb4_intf/sreg[31]_i_7_0[15]
    SLICE_X44Y32         LUT5 (Prop_lut5_I1_O)        0.124    71.458 r  chip_core/mprj/TopLevel/LUT/wb4_intf/sreg[28]_i_7/O
                         net (fo=1, routed)           0.781    72.239    chip_core/mprj/TopLevel/DMA/u_mm2s/sreg_reg[28]_1
    SLICE_X55Y29         LUT6 (Prop_lut6_I3_O)        0.124    72.363 r  chip_core/mprj/TopLevel/DMA/u_mm2s/sreg[28]_i_4/O
                         net (fo=1, routed)           0.555    72.918    chip_core/mprj/TopLevel/DMA/u_mm2s/sreg[28]_i_4_n_0
    SLICE_X57Y29         LUT5 (Prop_lut5_I4_O)        0.119    73.037 r  chip_core/mprj/TopLevel/DMA/u_mm2s/sreg[28]_i_1/O
                         net (fo=1, routed)           0.000    73.037    chip_core/mprj/TopLevel/DMA/u_mm2s/pre_shifted_data[28]
    SLICE_X57Y29         FDRE                                         r  chip_core/mprj/TopLevel/DMA/u_mm2s/sreg_reg[28]/D
  -------------------------------------------------------------------    -------------------

                         (clock clock12 rise edge)   83.333    83.333 r  
    E3                                                0.000    83.333 r  clock100 (IN)
                         net (fo=0)                   0.000    83.333    clk_fix/inst/clk_in1
    E3                   IBUF (Prop_ibuf_I_O)         1.411    84.745 r  clk_fix/inst/clkin1_ibufg/O
                         net (fo=1, routed)           1.162    85.906    clk_fix/inst/clk_in1_clk_fix
    MMCME2_ADV_X1Y2      MMCME2_ADV (Prop_mmcme2_adv_CLKIN1_CLKOUT0)
                                                     -7.324    78.583 r  clk_fix/inst/mmcm_adv_inst/CLKOUT0
                         net (fo=1, routed)           1.639    80.222    clk_fix/inst/clk_out1_clk_fix
    BUFGCTRL_X0Y16       BUFG (Prop_bufg_I_O)         0.091    80.313 r  clk_fix/inst/clkout1_buf/O
                         net (fo=14035, routed)       1.659    81.972    chip_core/mprj/TopLevel/DMA/u_mm2s/clk_out1
    SLICE_X57Y29         FDRE                                         r  chip_core/mprj/TopLevel/DMA/u_mm2s/sreg_reg[28]/C
                         clock pessimism              0.496    82.468    
                         clock uncertainty           -0.176    82.291    
    SLICE_X57Y29         FDRE (Setup_fdre_C_D)        0.075    82.366    chip_core/mprj/TopLevel/DMA/u_mm2s/sreg_reg[28]
  -------------------------------------------------------------------
                         required time                         82.366    
                         arrival time                         -73.037    
  -------------------------------------------------------------------
                         slack                                  9.329    

Slack (MET) :             9.352ns  (required time - arrival time)
  Source:                 chip_core/soc/core/FSM_onehot_grant_reg[1]/C
                            (rising edge-triggered cell FDRE clocked by clock12  {rise@0.000ns fall@41.667ns period=83.333ns})
  Destination:            chip_core/mprj/TopLevel/DMA/u_mm2s/sreg_reg[23]/D
                            (rising edge-triggered cell FDRE clocked by clock12  {rise@0.000ns fall@41.667ns period=83.333ns})
  Path Group:             clock12
  Path Type:              Setup (Max at Slow Process Corner)
  Requirement:            83.333ns  (clock12 rise@83.333ns - clock12 rise@0.000ns)
  Data Path Delay:        73.713ns  (logic 21.877ns (29.679%)  route 51.836ns (70.322%))
  Logic Levels:           75  (CARRY4=17 DSP48E1=2 LUT2=8 LUT3=1 LUT4=11 LUT5=9 LUT6=25 MUXF7=1 MUXF8=1)
  Clock Path Skew:        -0.123ns (DCD - SCD + CPR)
    Destination Clock Delay (DCD):    -1.359ns = ( 81.975 - 83.333 ) 
    Source Clock Delay      (SCD):    -0.740ns
    Clock Pessimism Removal (CPR):    0.496ns
  Clock Uncertainty:      0.176ns  ((TSJ^2 + DJ^2)^1/2) / 2 + PE
    Total System Jitter     (TSJ):    0.071ns
    Discrete Jitter          (DJ):    0.346ns
    Phase Error              (PE):    0.000ns

    Location             Delay type                Incr(ns)  Path(ns)    Netlist Resource(s)
  -------------------------------------------------------------------    -------------------
                         (clock clock12 rise edge)    0.000     0.000 r  
    E3                                                0.000     0.000 r  clock100 (IN)
                         net (fo=0)                   0.000     0.000    clk_fix/inst/clk_in1
    E3                   IBUF (Prop_ibuf_I_O)         1.482     1.482 r  clk_fix/inst/clkin1_ibufg/O
                         net (fo=1, routed)           1.233     2.715    clk_fix/inst/clk_in1_clk_fix
    MMCME2_ADV_X1Y2      MMCME2_ADV (Prop_mmcme2_adv_CLKIN1_CLKOUT0)
                                                     -7.070    -4.355 r  clk_fix/inst/mmcm_adv_inst/CLKOUT0
                         net (fo=1, routed)           1.719    -2.636    clk_fix/inst/clk_out1_clk_fix
    BUFGCTRL_X0Y16       BUFG (Prop_bufg_I_O)         0.096    -2.540 r  clk_fix/inst/clkout1_buf/O
                         net (fo=14035, routed)       1.800    -0.740    chip_core/soc/core/clk_out1
    SLICE_X25Y26         FDRE                                         r  chip_core/soc/core/FSM_onehot_grant_reg[1]/C
  -------------------------------------------------------------------    -------------------
    SLICE_X25Y26         FDRE (Prop_fdre_C_Q)         0.419    -0.321 r  chip_core/soc/core/FSM_onehot_grant_reg[1]/Q
                         net (fo=179, routed)         1.329     1.008    chip_core/soc/core/VexRiscv/IBusCachedPlugin_cache/grant_reg[1]
    SLICE_X20Y24         LUT5 (Prop_lut5_I1_O)        0.299     1.307 f  chip_core/soc/core/VexRiscv/IBusCachedPlugin_cache/address_reg[11]_i_3/O
                         net (fo=41, routed)          1.338     2.646    chip_core/soc/core/VexRiscv/IBusCachedPlugin_cache/dbg_uart_address_reg[9]_1
    SLICE_X18Y33         LUT4 (Prop_lut4_I0_O)        0.124     2.770 r  chip_core/soc/core/VexRiscv/IBusCachedPlugin_cache/SevenSegDisplay[31]_i_15/O
                         net (fo=1, routed)           0.669     3.439    chip_core/soc/core/VexRiscv/IBusCachedPlugin_cache/SevenSegDisplay[31]_i_15_n_0
    SLICE_X18Y33         LUT5 (Prop_lut5_I4_O)        0.124     3.563 r  chip_core/soc/core/VexRiscv/IBusCachedPlugin_cache/SevenSegDisplay[31]_i_12/O
                         net (fo=1, routed)           0.455     4.017    chip_core/soc/core/VexRiscv/IBusCachedPlugin_cache/SevenSegDisplay[31]_i_12_n_0
    SLICE_X17Y33         LUT6 (Prop_lut6_I4_O)        0.124     4.141 r  chip_core/soc/core/VexRiscv/IBusCachedPlugin_cache/SevenSegDisplay[31]_i_6/O
                         net (fo=66, routed)          0.853     4.994    chip_core/soc/core/VexRiscv/IBusCachedPlugin_cache/SevenSegDisplay[31]_i_6_n_0
    SLICE_X31Y31         LUT6 (Prop_lut6_I0_O)        0.124     5.118 r  chip_core/soc/core/VexRiscv/IBusCachedPlugin_cache/FSM_onehot_current_state[3]_inv_i_3/O
                         net (fo=93, routed)          1.102     6.221    chip_core/mprj/TopLevel/DMA/u_mm2s/b3_active
    SLICE_X41Y45         LUT6 (Prop_lut6_I1_O)        0.124     6.345 r  chip_core/mprj/TopLevel/DMA/u_mm2s/memory[29][31]_i_12/O
                         net (fo=150, routed)         2.028     8.373    chip_core/mprj/TopLevel/DMA/u_mm2s/FSM_onehot_current_state_reg[1]_inv_4
    SLICE_X41Y75         LUT4 (Prop_lut4_I2_O)        0.154     8.527 f  chip_core/mprj/TopLevel/DMA/u_mm2s/multiregimpl4_regs0_i_262/O
                         net (fo=120, routed)         1.753    10.280    chip_core/mprj/TopLevel/LUT/lut_arb/multiregimpl4_regs0_reg_i_926_7
    SLICE_X32Y60         LUT6 (Prop_lut6_I1_O)        0.327    10.607 r  chip_core/mprj/TopLevel/LUT/lut_arb/multiregimpl4_regs0_i_930/O
                         net (fo=1, routed)           0.662    11.269    chip_core/mprj/TopLevel/LUT/lut_arb/multiregimpl4_regs0_i_930_n_0
    SLICE_X31Y60         CARRY4 (Prop_carry4_DI[0]_CO[3])
                                                      0.526    11.795 r  chip_core/mprj/TopLevel/LUT/lut_arb/multiregimpl4_regs0_reg_i_537/CO[3]
                         net (fo=1, routed)           0.000    11.795    chip_core/mprj/TopLevel/LUT/lut_arb/multiregimpl4_regs0_reg_i_537_n_0
    SLICE_X31Y61         CARRY4 (Prop_carry4_CI_CO[3])
                                                      0.114    11.909 r  chip_core/mprj/TopLevel/LUT/lut_arb/multiregimpl4_regs0_reg_i_271/CO[3]
                         net (fo=1, routed)           1.222    13.131    chip_core/mprj/TopLevel/LUT/lut_arb/indexing_unit/f22/result2
    SLICE_X31Y81         LUT5 (Prop_lut5_I1_O)        0.124    13.255 r  chip_core/mprj/TopLevel/LUT/lut_arb/multiregimpl4_regs0_i_118/O
                         net (fo=1, routed)           0.620    13.875    chip_core/mprj/TopLevel/LUT/lut_arb/multiregimpl4_regs0_i_118_n_0
    SLICE_X31Y82         LUT6 (Prop_lut6_I5_O)        0.124    13.999 r  chip_core/mprj/TopLevel/LUT/lut_arb/multiregimpl4_regs0_i_39/O
                         net (fo=13, routed)          1.255    15.254    chip_core/mprj/TopLevel/LUT/lut_arb/indexing_unit/D[21]_26
    SLICE_X40Y78         LUT4 (Prop_lut4_I2_O)        0.152    15.406 f  chip_core/mprj/TopLevel/LUT/lut_arb/memory[29][31]_i_76/O
                         net (fo=7, routed)           0.893    16.299    chip_core/mprj/TopLevel/LUT/lut_arb/memory[29][31]_i_76_n_0
    SLICE_X44Y78         LUT5 (Prop_lut5_I2_O)        0.352    16.651 f  chip_core/mprj/TopLevel/LUT/lut_arb/memory[29][31]_i_79/O
                         net (fo=1, routed)           1.114    17.765    chip_core/mprj/TopLevel/LUT/lut_arb/memory[29][31]_i_79_n_0
    SLICE_X42Y76         LUT6 (Prop_lut6_I0_O)        0.326    18.091 r  chip_core/mprj/TopLevel/LUT/lut_arb/memory[29][31]_i_36/O
                         net (fo=1, routed)           0.590    18.681    chip_core/mprj/TopLevel/LUT/lut_arb/memory[29][31]_i_36_n_0
    SLICE_X42Y77         LUT6 (Prop_lut6_I4_O)        0.124    18.805 r  chip_core/mprj/TopLevel/LUT/lut_arb/memory[29][31]_i_14/O
                         net (fo=2, routed)           1.151    19.956    chip_core/mprj/TopLevel/LUT/lut_arb/Index[1]
    SLICE_X44Y56         LUT6 (Prop_lut6_I3_O)        0.124    20.080 r  chip_core/mprj/TopLevel/LUT/lut_arb/memory[29][31]_i_3/O
                         net (fo=1123, routed)        2.807    22.886    chip_core/mprj/TopLevel/LUT/M_Unit_3/memory[31][0]_i_4__6_0
    SLICE_X60Y101        LUT6 (Prop_lut6_I4_O)        0.124    23.010 r  chip_core/mprj/TopLevel/LUT/M_Unit_3/memory[31][30]_i_5__6/O
                         net (fo=1, routed)           0.000    23.010    chip_core/mprj/TopLevel/LUT/M_Unit_3/memory[31][30]_i_5__6_n_0
    SLICE_X60Y101        MUXF7 (Prop_muxf7_I0_O)      0.241    23.251 r  chip_core/mprj/TopLevel/LUT/M_Unit_3/memory_reg[31][30]_i_3__1/O
                         net (fo=1, routed)           0.000    23.251    chip_core/mprj/TopLevel/LUT/M_Unit_3/memory_reg[31][30]_i_3__1_n_0
    SLICE_X60Y101        MUXF8 (Prop_muxf8_I0_O)      0.098    23.349 r  chip_core/mprj/TopLevel/LUT/M_Unit_3/memory_reg[31][30]_i_2__6/O
                         net (fo=4, routed)           1.088    24.438    chip_core/mprj/TopLevel/DMA/u_mm2s/memory__1087_2[30]
    SLICE_X60Y85         LUT6 (Prop_lut6_I5_O)        0.319    24.757 r  chip_core/mprj/TopLevel/DMA/u_mm2s/Exponent_carry__0_i_13/O
                         net (fo=1, routed)           0.801    25.558    chip_core/mprj/TopLevel/DMA/u_mm2s/Exponent_carry__0_i_13_n_0
    SLICE_X60Y77         LUT2 (Prop_lut2_I0_O)        0.150    25.708 r  chip_core/mprj/TopLevel/DMA/u_mm2s/Exponent_carry__0_i_9/O
                         net (fo=5, routed)           0.625    26.332    chip_core/mprj/TopLevel/DMA/u_mm2s/address_reg_reg[15]_7
    SLICE_X59Y73         LUT5 (Prop_lut5_I4_O)        0.328    26.660 r  chip_core/mprj/TopLevel/DMA/u_mm2s/Product_i_65/O
                         net (fo=1, routed)           0.407    27.067    chip_core/mprj/TopLevel/DMA/u_mm2s/Product_i_65_n_0
    SLICE_X59Y73         LUT6 (Prop_lut6_I5_O)        0.124    27.191 r  chip_core/mprj/TopLevel/DMA/u_mm2s/Product_i_18/O
                         net (fo=1, routed)           1.164    28.356    chip_core/mprj/TopLevel/LUT/MAC_Unit/multiplier/A[23]
    DSP48_X1Y22          DSP48E1 (Prop_dsp48e1_A[23]_PCOUT[47])
                                                      4.036    32.392 r  chip_core/mprj/TopLevel/LUT/MAC_Unit/multiplier/Product/PCOUT[47]
                         net (fo=1, routed)           0.002    32.394    chip_core/mprj/TopLevel/LUT/MAC_Unit/multiplier/Product_n_106
    DSP48_X1Y23          DSP48E1 (Prop_dsp48e1_PCIN[47]_P[3])
                                                      1.518    33.912 r  chip_core/mprj/TopLevel/LUT/MAC_Unit/multiplier/Product__0/P[3]
                         net (fo=1, routed)           0.744    34.656    chip_core/mprj/TopLevel/LUT/MAC_Unit/multiplier/Product__0_n_102
    SLICE_X57Y56         LUT4 (Prop_lut4_I2_O)        0.124    34.780 r  chip_core/mprj/TopLevel/LUT/MAC_Unit/multiplier/A_swap2_carry_i_49/O
                         net (fo=1, routed)           0.407    35.187    chip_core/mprj/TopLevel/LUT/MAC_Unit/multiplier/A_swap2_carry_i_49_n_0
    SLICE_X57Y56         LUT5 (Prop_lut5_I4_O)        0.124    35.311 r  chip_core/mprj/TopLevel/LUT/MAC_Unit/multiplier/A_swap2_carry_i_48/O
                         net (fo=1, routed)           0.433    35.744    chip_core/mprj/TopLevel/LUT/MAC_Unit/multiplier/A_swap2_carry_i_48_n_0
    SLICE_X57Y56         LUT6 (Prop_lut6_I5_O)        0.124    35.868 r  chip_core/mprj/TopLevel/LUT/MAC_Unit/multiplier/A_swap2_carry_i_45/O
                         net (fo=1, routed)           0.436    36.304    chip_core/mprj/TopLevel/LUT/MAC_Unit/multiplier/A_swap2_carry_i_45_n_0
    SLICE_X57Y57         LUT6 (Prop_lut6_I5_O)        0.124    36.428 r  chip_core/mprj/TopLevel/LUT/MAC_Unit/multiplier/A_swap2_carry_i_43/O
                         net (fo=1, routed)           0.000    36.428    chip_core/mprj/TopLevel/LUT/MAC_Unit/multiplier/A_swap2_carry_i_43_n_0
    SLICE_X57Y57         CARRY4 (Prop_carry4_S[0]_CO[3])
                                                      0.532    36.960 r  chip_core/mprj/TopLevel/LUT/MAC_Unit/multiplier/A_swap2_carry_i_30/CO[3]
                         net (fo=1, routed)           0.000    36.960    chip_core/mprj/TopLevel/LUT/MAC_Unit/multiplier/A_swap2_carry_i_30_n_0
    SLICE_X57Y58         CARRY4 (Prop_carry4_CI_CO[3])
                                                      0.114    37.074 r  chip_core/mprj/TopLevel/LUT/MAC_Unit/multiplier/A_swap2_carry_i_25/CO[3]
                         net (fo=1, routed)           0.000    37.074    chip_core/mprj/TopLevel/LUT/MAC_Unit/multiplier/A_swap2_carry_i_25_n_0
    SLICE_X57Y59         CARRY4 (Prop_carry4_CI_CO[3])
                                                      0.114    37.188 r  chip_core/mprj/TopLevel/LUT/MAC_Unit/multiplier/A_swap2_carry__0_i_30/CO[3]
                         net (fo=1, routed)           0.000    37.188    chip_core/mprj/TopLevel/LUT/MAC_Unit/multiplier/A_swap2_carry__0_i_30_n_0
    SLICE_X57Y60         CARRY4 (Prop_carry4_CI_O[3])
                                                      0.313    37.501 r  chip_core/mprj/TopLevel/LUT/MAC_Unit/multiplier/A_swap2_carry__0_i_25/O[3]
                         net (fo=2, routed)           0.976    38.478    chip_core/mprj/TopLevel/LUT/MAC_Unit/multiplier/Mantissa__0[15]
    SLICE_X58Y62         LUT4 (Prop_lut4_I0_O)        0.328    38.806 r  chip_core/mprj/TopLevel/LUT/MAC_Unit/multiplier/A_swap2_carry__1_i_40/O
                         net (fo=1, routed)           0.718    39.524    chip_core/mprj/TopLevel/LUT/MAC_Unit/multiplier/A_swap2_carry__1_i_40_n_0
    SLICE_X58Y62         LUT6 (Prop_lut6_I2_O)        0.328    39.852 r  chip_core/mprj/TopLevel/LUT/MAC_Unit/multiplier/A_swap2_carry__1_i_28/O
                         net (fo=1, routed)           0.595    40.447    chip_core/mprj/TopLevel/LUT/MAC_Unit/multiplier/A_swap2_carry__1_i_28_n_0
    SLICE_X56Y61         LUT6 (Prop_lut6_I5_O)        0.124    40.571 f  chip_core/mprj/TopLevel/LUT/MAC_Unit/multiplier/A_swap2_carry__1_i_13/O
                         net (fo=40, routed)          1.159    41.730    chip_core/mprj/TopLevel/LUT/MAC_Unit/multiplier/A_swap2_carry__1_i_13_n_0
    SLICE_X60Y69         LUT3 (Prop_lut3_I1_O)        0.150    41.880 f  chip_core/mprj/TopLevel/LUT/MAC_Unit/multiplier/A_swap2_carry__1_i_18/O
                         net (fo=38, routed)          1.476    43.357    chip_core/mprj/TopLevel/LUT/MAC_Unit/multiplier/A_swap2_carry__1_i_18_n_0
    SLICE_X56Y61         LUT2 (Prop_lut2_I1_O)        0.374    43.731 r  chip_core/mprj/TopLevel/LUT/MAC_Unit/multiplier/A_swap2_carry_i_17/O
                         net (fo=4, routed)           0.758    44.488    chip_core/mprj/TopLevel/LUT/MAC_Unit/multiplier/A_swap2_carry_i_17_n_0
    SLICE_X57Y65         LUT4 (Prop_lut4_I2_O)        0.328    44.816 r  chip_core/mprj/TopLevel/LUT/MAC_Unit/multiplier/A_swap2_carry_i_7/O
                         net (fo=1, routed)           0.000    44.816    chip_core/mprj/TopLevel/LUT/MAC_Unit/adder/S[1]
    SLICE_X57Y65         CARRY4 (Prop_carry4_S[1]_CO[3])
                                                      0.550    45.366 r  chip_core/mprj/TopLevel/LUT/MAC_Unit/adder/A_swap2_carry/CO[3]
                         net (fo=1, routed)           0.000    45.366    chip_core/mprj/TopLevel/LUT/MAC_Unit/adder/A_swap2_carry_n_0
    SLICE_X57Y66         CARRY4 (Prop_carry4_CI_CO[3])
                                                      0.114    45.480 r  chip_core/mprj/TopLevel/LUT/MAC_Unit/adder/A_swap2_carry__0/CO[3]
                         net (fo=1, routed)           0.000    45.480    chip_core/mprj/TopLevel/LUT/MAC_Unit/adder/A_swap2_carry__0_n_0
    SLICE_X57Y67         CARRY4 (Prop_carry4_CI_CO[3])
                                                      0.114    45.594 r  chip_core/mprj/TopLevel/LUT/MAC_Unit/adder/A_swap2_carry__1/CO[3]
                         net (fo=1, routed)           0.000    45.594    chip_core/mprj/TopLevel/LUT/MAC_Unit/adder/A_swap2_carry__1_n_0
    SLICE_X57Y68         CARRY4 (Prop_carry4_CI_CO[3])
                                                      0.114    45.708 r  chip_core/mprj/TopLevel/LUT/MAC_Unit/adder/A_swap2_carry__2/CO[3]
                         net (fo=83, routed)          1.252    46.960    chip_core/mprj/TopLevel/LUT/MAC_Unit/multiplier/CO[0]
    SLICE_X62Y72         LUT6 (Prop_lut6_I4_O)        0.124    47.084 r  chip_core/mprj/TopLevel/LUT/MAC_Unit/multiplier/exponent_diff_carry_i_14/O
                         net (fo=5, routed)           0.719    47.803    chip_core/mprj/TopLevel/LUT/MAC_Unit/multiplier/B_Exponent[0]
    SLICE_X62Y68         LUT2 (Prop_lut2_I1_O)        0.124    47.927 r  chip_core/mprj/TopLevel/LUT/MAC_Unit/multiplier/exponent_diff_carry_i_8/O
                         net (fo=1, routed)           0.000    47.927    chip_core/mprj/TopLevel/LUT/MAC_Unit/adder/Exponent_sub_carry_i_69_0[0]
    SLICE_X62Y68         CARRY4 (Prop_carry4_S[0]_CO[3])
                                                      0.513    48.440 r  chip_core/mprj/TopLevel/LUT/MAC_Unit/adder/exponent_diff_carry/CO[3]
                         net (fo=1, routed)           0.000    48.440    chip_core/mprj/TopLevel/LUT/MAC_Unit/adder/exponent_diff_carry_n_0
    SLICE_X62Y69         CARRY4 (Prop_carry4_CI_O[0])
                                                      0.219    48.659 r  chip_core/mprj/TopLevel/LUT/MAC_Unit/adder/exponent_diff_carry__0/O[0]
                         net (fo=41, routed)          0.692    49.351    chip_core/mprj/TopLevel/LUT/MAC_Unit/multiplier/p_1_in[4]
    SLICE_X63Y71         LUT2 (Prop_lut2_I1_O)        0.295    49.646 r  chip_core/mprj/TopLevel/LUT/MAC_Unit/multiplier/B_Exponent_shifted_carry__0_i_7/O
                         net (fo=1, routed)           0.000    49.646    chip_core/mprj/TopLevel/LUT/MAC_Unit/adder/wait_reg[21]_i_40[0]
    SLICE_X63Y71         CARRY4 (Prop_carry4_S[0]_O[3])
                                                      0.606    50.252 r  chip_core/mprj/TopLevel/LUT/MAC_Unit/adder/B_Exponent_shifted_carry__0/O[3]
                         net (fo=1, routed)           0.585    50.837    chip_core/mprj/TopLevel/LUT/MAC_Unit/multiplier/B_Exponent_shifted[7]
    SLICE_X65Y71         LUT4 (Prop_lut4_I1_O)        0.306    51.143 f  chip_core/mprj/TopLevel/LUT/MAC_Unit/multiplier/Exponent_sub_carry_i_41/O
                         net (fo=76, routed)          1.819    52.962    chip_core/mprj/TopLevel/LUT/MAC_Unit/multiplier/Exponent_sub_carry_i_41_n_0
    SLICE_X79Y65         LUT4 (Prop_lut4_I0_O)        0.124    53.086 f  chip_core/mprj/TopLevel/LUT/MAC_Unit/multiplier/Exponent_sub_carry_i_38/O
                         net (fo=88, routed)          1.174    54.260    chip_core/mprj/TopLevel/DMA/u_mm2s/Exponent_sub_carry_i_68
    SLICE_X69Y62         LUT2 (Prop_lut2_I1_O)        0.124    54.384 r  chip_core/mprj/TopLevel/DMA/u_mm2s/Exponent_sub_carry_i_89/O
                         net (fo=26, routed)          0.790    55.174    chip_core/mprj/TopLevel/LUT/MAC_Unit/multiplier/Exponent_sub_carry_i_32_1
    SLICE_X64Y66         LUT4 (Prop_lut4_I0_O)        0.124    55.298 r  chip_core/mprj/TopLevel/LUT/MAC_Unit/multiplier/Exponent_sub_carry_i_118/O
                         net (fo=23, routed)          0.667    55.965    chip_core/mprj/TopLevel/LUT/MAC_Unit/multiplier/exponent_diff_carry__0
    SLICE_X63Y63         LUT5 (Prop_lut5_I4_O)        0.124    56.089 r  chip_core/mprj/TopLevel/LUT/MAC_Unit/multiplier/Exponent_sub_carry_i_92/O
                         net (fo=1, routed)           0.000    56.089    chip_core/mprj/TopLevel/LUT/MAC_Unit/multiplier/Exponent_sub_carry_i_92_n_0
    SLICE_X63Y63         CARRY4 (Prop_carry4_S[1]_O[3])
                                                      0.640    56.729 r  chip_core/mprj/TopLevel/LUT/MAC_Unit/multiplier/Exponent_sub_carry_i_50/O[3]
                         net (fo=2, routed)           0.722    57.450    chip_core/mprj/TopLevel/LUT/MAC_Unit/adder/Exponent_sub_carry_i_17_0[3]
    SLICE_X61Y63         LUT2 (Prop_lut2_I1_O)        0.306    57.756 r  chip_core/mprj/TopLevel/LUT/MAC_Unit/adder/Exponent_sub_carry_i_51/O
                         net (fo=1, routed)           0.000    57.756    chip_core/mprj/TopLevel/LUT/MAC_Unit/multiplier/wait_reg[1]_i_6_0[3]
    SLICE_X61Y63         CARRY4 (Prop_carry4_S[3]_CO[3])
                                                      0.401    58.157 r  chip_core/mprj/TopLevel/LUT/MAC_Unit/multiplier/Exponent_sub_carry_i_25/CO[3]
                         net (fo=1, routed)           0.000    58.157    chip_core/mprj/TopLevel/LUT/MAC_Unit/multiplier/Exponent_sub_carry_i_25_n_0
    SLICE_X61Y64         CARRY4 (Prop_carry4_CI_O[1])
                                                      0.334    58.491 r  chip_core/mprj/TopLevel/LUT/MAC_Unit/multiplier/Exponent_sub_carry_i_26/O[1]
                         net (fo=27, routed)          1.178    59.670    chip_core/mprj/TopLevel/LUT/MAC_Unit/multiplier/Mantissa_sub0[5]
    SLICE_X65Y64         LUT4 (Prop_lut4_I1_O)        0.331    60.001 f  chip_core/mprj/TopLevel/LUT/MAC_Unit/multiplier/Exponent_sub_carry_i_189/O
                         net (fo=1, routed)           0.626    60.627    chip_core/mprj/TopLevel/LUT/MAC_Unit/multiplier/Exponent_sub_carry_i_189_n_0
    SLICE_X69Y64         LUT6 (Prop_lut6_I2_O)        0.332    60.959 r  chip_core/mprj/TopLevel/LUT/MAC_Unit/multiplier/Exponent_sub_carry_i_154/O
                         net (fo=1, routed)           0.927    61.885    chip_core/mprj/TopLevel/LUT/MAC_Unit/multiplier/Exponent_sub_carry_i_154_n_0
    SLICE_X70Y66         LUT6 (Prop_lut6_I0_O)        0.124    62.009 r  chip_core/mprj/TopLevel/LUT/MAC_Unit/multiplier/Exponent_sub_carry_i_124/O
                         net (fo=1, routed)           0.493    62.503    chip_core/mprj/TopLevel/LUT/MAC_Unit/multiplier/Exponent_sub_carry_i_124_n_0
    SLICE_X71Y66         LUT6 (Prop_lut6_I0_O)        0.124    62.627 r  chip_core/mprj/TopLevel/LUT/MAC_Unit/multiplier/Exponent_sub_carry_i_75/O
                         net (fo=1, routed)           0.402    63.029    chip_core/mprj/TopLevel/LUT/MAC_Unit/multiplier/Exponent_sub_carry_i_75_n_0
    SLICE_X71Y67         LUT6 (Prop_lut6_I5_O)        0.124    63.153 r  chip_core/mprj/TopLevel/LUT/MAC_Unit/multiplier/Exponent_sub_carry_i_39/O
                         net (fo=1, routed)           0.700    63.853    chip_core/mprj/TopLevel/LUT/MAC_Unit/multiplier/Exponent_sub_carry_i_39_n_0
    SLICE_X60Y67         LUT6 (Prop_lut6_I1_O)        0.124    63.977 r  chip_core/mprj/TopLevel/LUT/MAC_Unit/multiplier/Exponent_sub_carry_i_19/O
                         net (fo=1, routed)           0.408    64.385    chip_core/mprj/TopLevel/LUT/MAC_Unit/multiplier/Exponent_sub_carry_i_19_n_0
    SLICE_X59Y68         LUT2 (Prop_lut2_I1_O)        0.124    64.509 r  chip_core/mprj/TopLevel/LUT/MAC_Unit/multiplier/Exponent_sub_carry_i_8/O
                         net (fo=1, routed)           0.000    64.509    chip_core/mprj/TopLevel/LUT/MAC_Unit/adder/pe/wait_reg[23]_i_7_0[0]
    SLICE_X59Y68         CARRY4 (Prop_carry4_S[0]_O[0])
                                                      0.247    64.756 r  chip_core/mprj/TopLevel/LUT/MAC_Unit/adder/pe/Exponent_sub_carry/O[0]
                         net (fo=1, routed)           0.422    65.178    chip_core/mprj/TopLevel/LUT/MAC_Unit/adder/pe/exponent_sub[0]
    SLICE_X60Y68         LUT2 (Prop_lut2_I0_O)        0.299    65.477 r  chip_core/mprj/TopLevel/LUT/MAC_Unit/adder/pe/wait_reg[23]_i_7/O
                         net (fo=1, routed)           0.282    65.759    chip_core/mprj/TopLevel/LUT/MAC_Unit/multiplier/wait_reg[23]_i_3
    SLICE_X60Y68         LUT6 (Prop_lut6_I0_O)        0.124    65.883 r  chip_core/mprj/TopLevel/LUT/MAC_Unit/multiplier/wait_reg[23]_i_6/O
                         net (fo=3, routed)           1.021    66.904    chip_core/mprj/TopLevel/LUT/B_Unit_1/MACresult[18]
    SLICE_X52Y85         LUT6 (Prop_lut6_I5_O)        0.124    67.028 r  chip_core/mprj/TopLevel/LUT/B_Unit_1/wait_reg[23]_i_3/O
                         net (fo=1, routed)           0.708    67.737    chip_core/mprj/TopLevel/LUT/B_Unit_1/wait_reg[23]_i_3_n_0
    SLICE_X51Y85         LUT6 (Prop_lut6_I0_O)        0.124    67.861 r  chip_core/mprj/TopLevel/LUT/B_Unit_1/wait_reg[23]_i_2/O
                         net (fo=3, routed)           2.003    69.864    chip_core/mprj/TopLevel/LUT/lut_arb/dataOut_reg_reg[23]_0
    SLICE_X38Y45         LUT5 (Prop_lut5_I1_O)        0.124    69.988 r  chip_core/mprj/TopLevel/LUT/lut_arb/sreg[31]_i_11/O
                         net (fo=2, routed)           1.157    71.145    chip_core/mprj/TopLevel/DMA/u_mm2s/sreg[31]_i_5_0[6]
    SLICE_X55Y34         LUT6 (Prop_lut6_I1_O)        0.124    71.269 r  chip_core/mprj/TopLevel/DMA/u_mm2s/sreg[31]_i_8/O
                         net (fo=1, routed)           0.801    72.071    chip_core/mprj/TopLevel/DMA/u_mm2s/sreg[31]_i_8_n_0
    SLICE_X60Y28         LUT5 (Prop_lut5_I2_O)        0.124    72.195 r  chip_core/mprj/TopLevel/DMA/u_mm2s/sreg[31]_i_5/O
                         net (fo=2, routed)           0.655    72.850    chip_core/mprj/TopLevel/DMA/u_mm2s/sreg[31]_i_5_n_0
    SLICE_X61Y28         LUT4 (Prop_lut4_I3_O)        0.124    72.974 r  chip_core/mprj/TopLevel/DMA/u_mm2s/sreg[23]_i_1__1/O
                         net (fo=1, routed)           0.000    72.974    chip_core/mprj/TopLevel/DMA/u_mm2s/pre_shifted_data[23]
    SLICE_X61Y28         FDRE                                         r  chip_core/mprj/TopLevel/DMA/u_mm2s/sreg_reg[23]/D
  -------------------------------------------------------------------    -------------------

                         (clock clock12 rise edge)   83.333    83.333 r  
    E3                                                0.000    83.333 r  clock100 (IN)
                         net (fo=0)                   0.000    83.333    clk_fix/inst/clk_in1
    E3                   IBUF (Prop_ibuf_I_O)         1.411    84.745 r  clk_fix/inst/clkin1_ibufg/O
                         net (fo=1, routed)           1.162    85.906    clk_fix/inst/clk_in1_clk_fix
    MMCME2_ADV_X1Y2      MMCME2_ADV (Prop_mmcme2_adv_CLKIN1_CLKOUT0)
                                                     -7.324    78.583 r  clk_fix/inst/mmcm_adv_inst/CLKOUT0
                         net (fo=1, routed)           1.639    80.222    clk_fix/inst/clk_out1_clk_fix
    BUFGCTRL_X0Y16       BUFG (Prop_bufg_I_O)         0.091    80.313 r  clk_fix/inst/clkout1_buf/O
                         net (fo=14035, routed)       1.662    81.975    chip_core/mprj/TopLevel/DMA/u_mm2s/clk_out1
    SLICE_X61Y28         FDRE                                         r  chip_core/mprj/TopLevel/DMA/u_mm2s/sreg_reg[23]/C
                         clock pessimism              0.496    82.471    
                         clock uncertainty           -0.176    82.294    
    SLICE_X61Y28         FDRE (Setup_fdre_C_D)        0.031    82.325    chip_core/mprj/TopLevel/DMA/u_mm2s/sreg_reg[23]
  -------------------------------------------------------------------
                         required time                         82.325    
                         arrival time                         -72.973    
  -------------------------------------------------------------------
                         slack                                  9.352    

Slack (MET) :             9.368ns  (required time - arrival time)
  Source:                 chip_core/soc/core/FSM_onehot_grant_reg[1]/C
                            (rising edge-triggered cell FDRE clocked by clock12  {rise@0.000ns fall@41.667ns period=83.333ns})
  Destination:            chip_core/mprj/TopLevel/DMA/u_mm2s/sreg_reg[31]/D
                            (rising edge-triggered cell FDRE clocked by clock12  {rise@0.000ns fall@41.667ns period=83.333ns})
  Path Group:             clock12
  Path Type:              Setup (Max at Slow Process Corner)
  Requirement:            83.333ns  (clock12 rise@83.333ns - clock12 rise@0.000ns)
  Data Path Delay:        73.741ns  (logic 21.905ns (29.705%)  route 51.836ns (70.295%))
  Logic Levels:           75  (CARRY4=17 DSP48E1=2 LUT2=8 LUT3=1 LUT4=10 LUT5=10 LUT6=25 MUXF7=1 MUXF8=1)
  Clock Path Skew:        -0.123ns (DCD - SCD + CPR)
    Destination Clock Delay (DCD):    -1.359ns = ( 81.975 - 83.333 ) 
    Source Clock Delay      (SCD):    -0.740ns
    Clock Pessimism Removal (CPR):    0.496ns
  Clock Uncertainty:      0.176ns  ((TSJ^2 + DJ^2)^1/2) / 2 + PE
    Total System Jitter     (TSJ):    0.071ns
    Discrete Jitter          (DJ):    0.346ns
    Phase Error              (PE):    0.000ns

    Location             Delay type                Incr(ns)  Path(ns)    Netlist Resource(s)
  -------------------------------------------------------------------    -------------------
                         (clock clock12 rise edge)    0.000     0.000 r  
    E3                                                0.000     0.000 r  clock100 (IN)
                         net (fo=0)                   0.000     0.000    clk_fix/inst/clk_in1
    E3                   IBUF (Prop_ibuf_I_O)         1.482     1.482 r  clk_fix/inst/clkin1_ibufg/O
                         net (fo=1, routed)           1.233     2.715    clk_fix/inst/clk_in1_clk_fix
    MMCME2_ADV_X1Y2      MMCME2_ADV (Prop_mmcme2_adv_CLKIN1_CLKOUT0)
                                                     -7.070    -4.355 r  clk_fix/inst/mmcm_adv_inst/CLKOUT0
                         net (fo=1, routed)           1.719    -2.636    clk_fix/inst/clk_out1_clk_fix
    BUFGCTRL_X0Y16       BUFG (Prop_bufg_I_O)         0.096    -2.540 r  clk_fix/inst/clkout1_buf/O
                         net (fo=14035, routed)       1.800    -0.740    chip_core/soc/core/clk_out1
    SLICE_X25Y26         FDRE                                         r  chip_core/soc/core/FSM_onehot_grant_reg[1]/C
  -------------------------------------------------------------------    -------------------
    SLICE_X25Y26         FDRE (Prop_fdre_C_Q)         0.419    -0.321 r  chip_core/soc/core/FSM_onehot_grant_reg[1]/Q
                         net (fo=179, routed)         1.329     1.008    chip_core/soc/core/VexRiscv/IBusCachedPlugin_cache/grant_reg[1]
    SLICE_X20Y24         LUT5 (Prop_lut5_I1_O)        0.299     1.307 f  chip_core/soc/core/VexRiscv/IBusCachedPlugin_cache/address_reg[11]_i_3/O
                         net (fo=41, routed)          1.338     2.646    chip_core/soc/core/VexRiscv/IBusCachedPlugin_cache/dbg_uart_address_reg[9]_1
    SLICE_X18Y33         LUT4 (Prop_lut4_I0_O)        0.124     2.770 r  chip_core/soc/core/VexRiscv/IBusCachedPlugin_cache/SevenSegDisplay[31]_i_15/O
                         net (fo=1, routed)           0.669     3.439    chip_core/soc/core/VexRiscv/IBusCachedPlugin_cache/SevenSegDisplay[31]_i_15_n_0
    SLICE_X18Y33         LUT5 (Prop_lut5_I4_O)        0.124     3.563 r  chip_core/soc/core/VexRiscv/IBusCachedPlugin_cache/SevenSegDisplay[31]_i_12/O
                         net (fo=1, routed)           0.455     4.017    chip_core/soc/core/VexRiscv/IBusCachedPlugin_cache/SevenSegDisplay[31]_i_12_n_0
    SLICE_X17Y33         LUT6 (Prop_lut6_I4_O)        0.124     4.141 r  chip_core/soc/core/VexRiscv/IBusCachedPlugin_cache/SevenSegDisplay[31]_i_6/O
                         net (fo=66, routed)          0.853     4.994    chip_core/soc/core/VexRiscv/IBusCachedPlugin_cache/SevenSegDisplay[31]_i_6_n_0
    SLICE_X31Y31         LUT6 (Prop_lut6_I0_O)        0.124     5.118 r  chip_core/soc/core/VexRiscv/IBusCachedPlugin_cache/FSM_onehot_current_state[3]_inv_i_3/O
                         net (fo=93, routed)          1.102     6.221    chip_core/mprj/TopLevel/DMA/u_mm2s/b3_active
    SLICE_X41Y45         LUT6 (Prop_lut6_I1_O)        0.124     6.345 r  chip_core/mprj/TopLevel/DMA/u_mm2s/memory[29][31]_i_12/O
                         net (fo=150, routed)         2.028     8.373    chip_core/mprj/TopLevel/DMA/u_mm2s/FSM_onehot_current_state_reg[1]_inv_4
    SLICE_X41Y75         LUT4 (Prop_lut4_I2_O)        0.154     8.527 f  chip_core/mprj/TopLevel/DMA/u_mm2s/multiregimpl4_regs0_i_262/O
                         net (fo=120, routed)         1.753    10.280    chip_core/mprj/TopLevel/LUT/lut_arb/multiregimpl4_regs0_reg_i_926_7
    SLICE_X32Y60         LUT6 (Prop_lut6_I1_O)        0.327    10.607 r  chip_core/mprj/TopLevel/LUT/lut_arb/multiregimpl4_regs0_i_930/O
                         net (fo=1, routed)           0.662    11.269    chip_core/mprj/TopLevel/LUT/lut_arb/multiregimpl4_regs0_i_930_n_0
    SLICE_X31Y60         CARRY4 (Prop_carry4_DI[0]_CO[3])
                                                      0.526    11.795 r  chip_core/mprj/TopLevel/LUT/lut_arb/multiregimpl4_regs0_reg_i_537/CO[3]
                         net (fo=1, routed)           0.000    11.795    chip_core/mprj/TopLevel/LUT/lut_arb/multiregimpl4_regs0_reg_i_537_n_0
    SLICE_X31Y61         CARRY4 (Prop_carry4_CI_CO[3])
                                                      0.114    11.909 r  chip_core/mprj/TopLevel/LUT/lut_arb/multiregimpl4_regs0_reg_i_271/CO[3]
                         net (fo=1, routed)           1.222    13.131    chip_core/mprj/TopLevel/LUT/lut_arb/indexing_unit/f22/result2
    SLICE_X31Y81         LUT5 (Prop_lut5_I1_O)        0.124    13.255 r  chip_core/mprj/TopLevel/LUT/lut_arb/multiregimpl4_regs0_i_118/O
                         net (fo=1, routed)           0.620    13.875    chip_core/mprj/TopLevel/LUT/lut_arb/multiregimpl4_regs0_i_118_n_0
    SLICE_X31Y82         LUT6 (Prop_lut6_I5_O)        0.124    13.999 r  chip_core/mprj/TopLevel/LUT/lut_arb/multiregimpl4_regs0_i_39/O
                         net (fo=13, routed)          1.255    15.254    chip_core/mprj/TopLevel/LUT/lut_arb/indexing_unit/D[21]_26
    SLICE_X40Y78         LUT4 (Prop_lut4_I2_O)        0.152    15.406 f  chip_core/mprj/TopLevel/LUT/lut_arb/memory[29][31]_i_76/O
                         net (fo=7, routed)           0.893    16.299    chip_core/mprj/TopLevel/LUT/lut_arb/memory[29][31]_i_76_n_0
    SLICE_X44Y78         LUT5 (Prop_lut5_I2_O)        0.352    16.651 f  chip_core/mprj/TopLevel/LUT/lut_arb/memory[29][31]_i_79/O
                         net (fo=1, routed)           1.114    17.765    chip_core/mprj/TopLevel/LUT/lut_arb/memory[29][31]_i_79_n_0
    SLICE_X42Y76         LUT6 (Prop_lut6_I0_O)        0.326    18.091 r  chip_core/mprj/TopLevel/LUT/lut_arb/memory[29][31]_i_36/O
                         net (fo=1, routed)           0.590    18.681    chip_core/mprj/TopLevel/LUT/lut_arb/memory[29][31]_i_36_n_0
    SLICE_X42Y77         LUT6 (Prop_lut6_I4_O)        0.124    18.805 r  chip_core/mprj/TopLevel/LUT/lut_arb/memory[29][31]_i_14/O
                         net (fo=2, routed)           1.151    19.956    chip_core/mprj/TopLevel/LUT/lut_arb/Index[1]
    SLICE_X44Y56         LUT6 (Prop_lut6_I3_O)        0.124    20.080 r  chip_core/mprj/TopLevel/LUT/lut_arb/memory[29][31]_i_3/O
                         net (fo=1123, routed)        2.807    22.886    chip_core/mprj/TopLevel/LUT/M_Unit_3/memory[31][0]_i_4__6_0
    SLICE_X60Y101        LUT6 (Prop_lut6_I4_O)        0.124    23.010 r  chip_core/mprj/TopLevel/LUT/M_Unit_3/memory[31][30]_i_5__6/O
                         net (fo=1, routed)           0.000    23.010    chip_core/mprj/TopLevel/LUT/M_Unit_3/memory[31][30]_i_5__6_n_0
    SLICE_X60Y101        MUXF7 (Prop_muxf7_I0_O)      0.241    23.251 r  chip_core/mprj/TopLevel/LUT/M_Unit_3/memory_reg[31][30]_i_3__1/O
                         net (fo=1, routed)           0.000    23.251    chip_core/mprj/TopLevel/LUT/M_Unit_3/memory_reg[31][30]_i_3__1_n_0
    SLICE_X60Y101        MUXF8 (Prop_muxf8_I0_O)      0.098    23.349 r  chip_core/mprj/TopLevel/LUT/M_Unit_3/memory_reg[31][30]_i_2__6/O
                         net (fo=4, routed)           1.088    24.438    chip_core/mprj/TopLevel/DMA/u_mm2s/memory__1087_2[30]
    SLICE_X60Y85         LUT6 (Prop_lut6_I5_O)        0.319    24.757 r  chip_core/mprj/TopLevel/DMA/u_mm2s/Exponent_carry__0_i_13/O
                         net (fo=1, routed)           0.801    25.558    chip_core/mprj/TopLevel/DMA/u_mm2s/Exponent_carry__0_i_13_n_0
    SLICE_X60Y77         LUT2 (Prop_lut2_I0_O)        0.150    25.708 r  chip_core/mprj/TopLevel/DMA/u_mm2s/Exponent_carry__0_i_9/O
                         net (fo=5, routed)           0.625    26.332    chip_core/mprj/TopLevel/DMA/u_mm2s/address_reg_reg[15]_7
    SLICE_X59Y73         LUT5 (Prop_lut5_I4_O)        0.328    26.660 r  chip_core/mprj/TopLevel/DMA/u_mm2s/Product_i_65/O
                         net (fo=1, routed)           0.407    27.067    chip_core/mprj/TopLevel/DMA/u_mm2s/Product_i_65_n_0
    SLICE_X59Y73         LUT6 (Prop_lut6_I5_O)        0.124    27.191 r  chip_core/mprj/TopLevel/DMA/u_mm2s/Product_i_18/O
                         net (fo=1, routed)           1.164    28.356    chip_core/mprj/TopLevel/LUT/MAC_Unit/multiplier/A[23]
    DSP48_X1Y22          DSP48E1 (Prop_dsp48e1_A[23]_PCOUT[47])
                                                      4.036    32.392 r  chip_core/mprj/TopLevel/LUT/MAC_Unit/multiplier/Product/PCOUT[47]
                         net (fo=1, routed)           0.002    32.394    chip_core/mprj/TopLevel/LUT/MAC_Unit/multiplier/Product_n_106
    DSP48_X1Y23          DSP48E1 (Prop_dsp48e1_PCIN[47]_P[3])
                                                      1.518    33.912 r  chip_core/mprj/TopLevel/LUT/MAC_Unit/multiplier/Product__0/P[3]
                         net (fo=1, routed)           0.744    34.656    chip_core/mprj/TopLevel/LUT/MAC_Unit/multiplier/Product__0_n_102
    SLICE_X57Y56         LUT4 (Prop_lut4_I2_O)        0.124    34.780 r  chip_core/mprj/TopLevel/LUT/MAC_Unit/multiplier/A_swap2_carry_i_49/O
                         net (fo=1, routed)           0.407    35.187    chip_core/mprj/TopLevel/LUT/MAC_Unit/multiplier/A_swap2_carry_i_49_n_0
    SLICE_X57Y56         LUT5 (Prop_lut5_I4_O)        0.124    35.311 r  chip_core/mprj/TopLevel/LUT/MAC_Unit/multiplier/A_swap2_carry_i_48/O
                         net (fo=1, routed)           0.433    35.744    chip_core/mprj/TopLevel/LUT/MAC_Unit/multiplier/A_swap2_carry_i_48_n_0
    SLICE_X57Y56         LUT6 (Prop_lut6_I5_O)        0.124    35.868 r  chip_core/mprj/TopLevel/LUT/MAC_Unit/multiplier/A_swap2_carry_i_45/O
                         net (fo=1, routed)           0.436    36.304    chip_core/mprj/TopLevel/LUT/MAC_Unit/multiplier/A_swap2_carry_i_45_n_0
    SLICE_X57Y57         LUT6 (Prop_lut6_I5_O)        0.124    36.428 r  chip_core/mprj/TopLevel/LUT/MAC_Unit/multiplier/A_swap2_carry_i_43/O
                         net (fo=1, routed)           0.000    36.428    chip_core/mprj/TopLevel/LUT/MAC_Unit/multiplier/A_swap2_carry_i_43_n_0
    SLICE_X57Y57         CARRY4 (Prop_carry4_S[0]_CO[3])
                                                      0.532    36.960 r  chip_core/mprj/TopLevel/LUT/MAC_Unit/multiplier/A_swap2_carry_i_30/CO[3]
                         net (fo=1, routed)           0.000    36.960    chip_core/mprj/TopLevel/LUT/MAC_Unit/multiplier/A_swap2_carry_i_30_n_0
    SLICE_X57Y58         CARRY4 (Prop_carry4_CI_CO[3])
                                                      0.114    37.074 r  chip_core/mprj/TopLevel/LUT/MAC_Unit/multiplier/A_swap2_carry_i_25/CO[3]
                         net (fo=1, routed)           0.000    37.074    chip_core/mprj/TopLevel/LUT/MAC_Unit/multiplier/A_swap2_carry_i_25_n_0
    SLICE_X57Y59         CARRY4 (Prop_carry4_CI_CO[3])
                                                      0.114    37.188 r  chip_core/mprj/TopLevel/LUT/MAC_Unit/multiplier/A_swap2_carry__0_i_30/CO[3]
                         net (fo=1, routed)           0.000    37.188    chip_core/mprj/TopLevel/LUT/MAC_Unit/multiplier/A_swap2_carry__0_i_30_n_0
    SLICE_X57Y60         CARRY4 (Prop_carry4_CI_O[3])
                                                      0.313    37.501 r  chip_core/mprj/TopLevel/LUT/MAC_Unit/multiplier/A_swap2_carry__0_i_25/O[3]
                         net (fo=2, routed)           0.976    38.478    chip_core/mprj/TopLevel/LUT/MAC_Unit/multiplier/Mantissa__0[15]
    SLICE_X58Y62         LUT4 (Prop_lut4_I0_O)        0.328    38.806 r  chip_core/mprj/TopLevel/LUT/MAC_Unit/multiplier/A_swap2_carry__1_i_40/O
                         net (fo=1, routed)           0.718    39.524    chip_core/mprj/TopLevel/LUT/MAC_Unit/multiplier/A_swap2_carry__1_i_40_n_0
    SLICE_X58Y62         LUT6 (Prop_lut6_I2_O)        0.328    39.852 r  chip_core/mprj/TopLevel/LUT/MAC_Unit/multiplier/A_swap2_carry__1_i_28/O
                         net (fo=1, routed)           0.595    40.447    chip_core/mprj/TopLevel/LUT/MAC_Unit/multiplier/A_swap2_carry__1_i_28_n_0
    SLICE_X56Y61         LUT6 (Prop_lut6_I5_O)        0.124    40.571 f  chip_core/mprj/TopLevel/LUT/MAC_Unit/multiplier/A_swap2_carry__1_i_13/O
                         net (fo=40, routed)          1.159    41.730    chip_core/mprj/TopLevel/LUT/MAC_Unit/multiplier/A_swap2_carry__1_i_13_n_0
    SLICE_X60Y69         LUT3 (Prop_lut3_I1_O)        0.150    41.880 f  chip_core/mprj/TopLevel/LUT/MAC_Unit/multiplier/A_swap2_carry__1_i_18/O
                         net (fo=38, routed)          1.476    43.357    chip_core/mprj/TopLevel/LUT/MAC_Unit/multiplier/A_swap2_carry__1_i_18_n_0
    SLICE_X56Y61         LUT2 (Prop_lut2_I1_O)        0.374    43.731 r  chip_core/mprj/TopLevel/LUT/MAC_Unit/multiplier/A_swap2_carry_i_17/O
                         net (fo=4, routed)           0.758    44.488    chip_core/mprj/TopLevel/LUT/MAC_Unit/multiplier/A_swap2_carry_i_17_n_0
    SLICE_X57Y65         LUT4 (Prop_lut4_I2_O)        0.328    44.816 r  chip_core/mprj/TopLevel/LUT/MAC_Unit/multiplier/A_swap2_carry_i_7/O
                         net (fo=1, routed)           0.000    44.816    chip_core/mprj/TopLevel/LUT/MAC_Unit/adder/S[1]
    SLICE_X57Y65         CARRY4 (Prop_carry4_S[1]_CO[3])
                                                      0.550    45.366 r  chip_core/mprj/TopLevel/LUT/MAC_Unit/adder/A_swap2_carry/CO[3]
                         net (fo=1, routed)           0.000    45.366    chip_core/mprj/TopLevel/LUT/MAC_Unit/adder/A_swap2_carry_n_0
    SLICE_X57Y66         CARRY4 (Prop_carry4_CI_CO[3])
                                                      0.114    45.480 r  chip_core/mprj/TopLevel/LUT/MAC_Unit/adder/A_swap2_carry__0/CO[3]
                         net (fo=1, routed)           0.000    45.480    chip_core/mprj/TopLevel/LUT/MAC_Unit/adder/A_swap2_carry__0_n_0
    SLICE_X57Y67         CARRY4 (Prop_carry4_CI_CO[3])
                                                      0.114    45.594 r  chip_core/mprj/TopLevel/LUT/MAC_Unit/adder/A_swap2_carry__1/CO[3]
                         net (fo=1, routed)           0.000    45.594    chip_core/mprj/TopLevel/LUT/MAC_Unit/adder/A_swap2_carry__1_n_0
    SLICE_X57Y68         CARRY4 (Prop_carry4_CI_CO[3])
                                                      0.114    45.708 r  chip_core/mprj/TopLevel/LUT/MAC_Unit/adder/A_swap2_carry__2/CO[3]
                         net (fo=83, routed)          1.252    46.960    chip_core/mprj/TopLevel/LUT/MAC_Unit/multiplier/CO[0]
    SLICE_X62Y72         LUT6 (Prop_lut6_I4_O)        0.124    47.084 r  chip_core/mprj/TopLevel/LUT/MAC_Unit/multiplier/exponent_diff_carry_i_14/O
                         net (fo=5, routed)           0.719    47.803    chip_core/mprj/TopLevel/LUT/MAC_Unit/multiplier/B_Exponent[0]
    SLICE_X62Y68         LUT2 (Prop_lut2_I1_O)        0.124    47.927 r  chip_core/mprj/TopLevel/LUT/MAC_Unit/multiplier/exponent_diff_carry_i_8/O
                         net (fo=1, routed)           0.000    47.927    chip_core/mprj/TopLevel/LUT/MAC_Unit/adder/Exponent_sub_carry_i_69_0[0]
    SLICE_X62Y68         CARRY4 (Prop_carry4_S[0]_CO[3])
                                                      0.513    48.440 r  chip_core/mprj/TopLevel/LUT/MAC_Unit/adder/exponent_diff_carry/CO[3]
                         net (fo=1, routed)           0.000    48.440    chip_core/mprj/TopLevel/LUT/MAC_Unit/adder/exponent_diff_carry_n_0
    SLICE_X62Y69         CARRY4 (Prop_carry4_CI_O[0])
                                                      0.219    48.659 r  chip_core/mprj/TopLevel/LUT/MAC_Unit/adder/exponent_diff_carry__0/O[0]
                         net (fo=41, routed)          0.692    49.351    chip_core/mprj/TopLevel/LUT/MAC_Unit/multiplier/p_1_in[4]
    SLICE_X63Y71         LUT2 (Prop_lut2_I1_O)        0.295    49.646 r  chip_core/mprj/TopLevel/LUT/MAC_Unit/multiplier/B_Exponent_shifted_carry__0_i_7/O
                         net (fo=1, routed)           0.000    49.646    chip_core/mprj/TopLevel/LUT/MAC_Unit/adder/wait_reg[21]_i_40[0]
    SLICE_X63Y71         CARRY4 (Prop_carry4_S[0]_O[3])
                                                      0.606    50.252 r  chip_core/mprj/TopLevel/LUT/MAC_Unit/adder/B_Exponent_shifted_carry__0/O[3]
                         net (fo=1, routed)           0.585    50.837    chip_core/mprj/TopLevel/LUT/MAC_Unit/multiplier/B_Exponent_shifted[7]
    SLICE_X65Y71         LUT4 (Prop_lut4_I1_O)        0.306    51.143 f  chip_core/mprj/TopLevel/LUT/MAC_Unit/multiplier/Exponent_sub_carry_i_41/O
                         net (fo=76, routed)          1.819    52.962    chip_core/mprj/TopLevel/LUT/MAC_Unit/multiplier/Exponent_sub_carry_i_41_n_0
    SLICE_X79Y65         LUT4 (Prop_lut4_I0_O)        0.124    53.086 f  chip_core/mprj/TopLevel/LUT/MAC_Unit/multiplier/Exponent_sub_carry_i_38/O
                         net (fo=88, routed)          1.174    54.260    chip_core/mprj/TopLevel/DMA/u_mm2s/Exponent_sub_carry_i_68
    SLICE_X69Y62         LUT2 (Prop_lut2_I1_O)        0.124    54.384 r  chip_core/mprj/TopLevel/DMA/u_mm2s/Exponent_sub_carry_i_89/O
                         net (fo=26, routed)          0.790    55.174    chip_core/mprj/TopLevel/LUT/MAC_Unit/multiplier/Exponent_sub_carry_i_32_1
    SLICE_X64Y66         LUT4 (Prop_lut4_I0_O)        0.124    55.298 r  chip_core/mprj/TopLevel/LUT/MAC_Unit/multiplier/Exponent_sub_carry_i_118/O
                         net (fo=23, routed)          0.667    55.965    chip_core/mprj/TopLevel/LUT/MAC_Unit/multiplier/exponent_diff_carry__0
    SLICE_X63Y63         LUT5 (Prop_lut5_I4_O)        0.124    56.089 r  chip_core/mprj/TopLevel/LUT/MAC_Unit/multiplier/Exponent_sub_carry_i_92/O
                         net (fo=1, routed)           0.000    56.089    chip_core/mprj/TopLevel/LUT/MAC_Unit/multiplier/Exponent_sub_carry_i_92_n_0
    SLICE_X63Y63         CARRY4 (Prop_carry4_S[1]_O[3])
                                                      0.640    56.729 r  chip_core/mprj/TopLevel/LUT/MAC_Unit/multiplier/Exponent_sub_carry_i_50/O[3]
                         net (fo=2, routed)           0.722    57.450    chip_core/mprj/TopLevel/LUT/MAC_Unit/adder/Exponent_sub_carry_i_17_0[3]
    SLICE_X61Y63         LUT2 (Prop_lut2_I1_O)        0.306    57.756 r  chip_core/mprj/TopLevel/LUT/MAC_Unit/adder/Exponent_sub_carry_i_51/O
                         net (fo=1, routed)           0.000    57.756    chip_core/mprj/TopLevel/LUT/MAC_Unit/multiplier/wait_reg[1]_i_6_0[3]
    SLICE_X61Y63         CARRY4 (Prop_carry4_S[3]_CO[3])
                                                      0.401    58.157 r  chip_core/mprj/TopLevel/LUT/MAC_Unit/multiplier/Exponent_sub_carry_i_25/CO[3]
                         net (fo=1, routed)           0.000    58.157    chip_core/mprj/TopLevel/LUT/MAC_Unit/multiplier/Exponent_sub_carry_i_25_n_0
    SLICE_X61Y64         CARRY4 (Prop_carry4_CI_O[1])
                                                      0.334    58.491 r  chip_core/mprj/TopLevel/LUT/MAC_Unit/multiplier/Exponent_sub_carry_i_26/O[1]
                         net (fo=27, routed)          1.178    59.670    chip_core/mprj/TopLevel/LUT/MAC_Unit/multiplier/Mantissa_sub0[5]
    SLICE_X65Y64         LUT4 (Prop_lut4_I1_O)        0.331    60.001 f  chip_core/mprj/TopLevel/LUT/MAC_Unit/multiplier/Exponent_sub_carry_i_189/O
                         net (fo=1, routed)           0.626    60.627    chip_core/mprj/TopLevel/LUT/MAC_Unit/multiplier/Exponent_sub_carry_i_189_n_0
    SLICE_X69Y64         LUT6 (Prop_lut6_I2_O)        0.332    60.959 r  chip_core/mprj/TopLevel/LUT/MAC_Unit/multiplier/Exponent_sub_carry_i_154/O
                         net (fo=1, routed)           0.927    61.885    chip_core/mprj/TopLevel/LUT/MAC_Unit/multiplier/Exponent_sub_carry_i_154_n_0
    SLICE_X70Y66         LUT6 (Prop_lut6_I0_O)        0.124    62.009 r  chip_core/mprj/TopLevel/LUT/MAC_Unit/multiplier/Exponent_sub_carry_i_124/O
                         net (fo=1, routed)           0.493    62.503    chip_core/mprj/TopLevel/LUT/MAC_Unit/multiplier/Exponent_sub_carry_i_124_n_0
    SLICE_X71Y66         LUT6 (Prop_lut6_I0_O)        0.124    62.627 r  chip_core/mprj/TopLevel/LUT/MAC_Unit/multiplier/Exponent_sub_carry_i_75/O
                         net (fo=1, routed)           0.402    63.029    chip_core/mprj/TopLevel/LUT/MAC_Unit/multiplier/Exponent_sub_carry_i_75_n_0
    SLICE_X71Y67         LUT6 (Prop_lut6_I5_O)        0.124    63.153 r  chip_core/mprj/TopLevel/LUT/MAC_Unit/multiplier/Exponent_sub_carry_i_39/O
                         net (fo=1, routed)           0.700    63.853    chip_core/mprj/TopLevel/LUT/MAC_Unit/multiplier/Exponent_sub_carry_i_39_n_0
    SLICE_X60Y67         LUT6 (Prop_lut6_I1_O)        0.124    63.977 r  chip_core/mprj/TopLevel/LUT/MAC_Unit/multiplier/Exponent_sub_carry_i_19/O
                         net (fo=1, routed)           0.408    64.385    chip_core/mprj/TopLevel/LUT/MAC_Unit/multiplier/Exponent_sub_carry_i_19_n_0
    SLICE_X59Y68         LUT2 (Prop_lut2_I1_O)        0.124    64.509 r  chip_core/mprj/TopLevel/LUT/MAC_Unit/multiplier/Exponent_sub_carry_i_8/O
                         net (fo=1, routed)           0.000    64.509    chip_core/mprj/TopLevel/LUT/MAC_Unit/adder/pe/wait_reg[23]_i_7_0[0]
    SLICE_X59Y68         CARRY4 (Prop_carry4_S[0]_O[0])
                                                      0.247    64.756 r  chip_core/mprj/TopLevel/LUT/MAC_Unit/adder/pe/Exponent_sub_carry/O[0]
                         net (fo=1, routed)           0.422    65.178    chip_core/mprj/TopLevel/LUT/MAC_Unit/adder/pe/exponent_sub[0]
    SLICE_X60Y68         LUT2 (Prop_lut2_I0_O)        0.299    65.477 r  chip_core/mprj/TopLevel/LUT/MAC_Unit/adder/pe/wait_reg[23]_i_7/O
                         net (fo=1, routed)           0.282    65.759    chip_core/mprj/TopLevel/LUT/MAC_Unit/multiplier/wait_reg[23]_i_3
    SLICE_X60Y68         LUT6 (Prop_lut6_I0_O)        0.124    65.883 r  chip_core/mprj/TopLevel/LUT/MAC_Unit/multiplier/wait_reg[23]_i_6/O
                         net (fo=3, routed)           1.021    66.904    chip_core/mprj/TopLevel/LUT/B_Unit_1/MACresult[18]
    SLICE_X52Y85         LUT6 (Prop_lut6_I5_O)        0.124    67.028 r  chip_core/mprj/TopLevel/LUT/B_Unit_1/wait_reg[23]_i_3/O
                         net (fo=1, routed)           0.708    67.737    chip_core/mprj/TopLevel/LUT/B_Unit_1/wait_reg[23]_i_3_n_0
    SLICE_X51Y85         LUT6 (Prop_lut6_I0_O)        0.124    67.861 r  chip_core/mprj/TopLevel/LUT/B_Unit_1/wait_reg[23]_i_2/O
                         net (fo=3, routed)           2.003    69.864    chip_core/mprj/TopLevel/LUT/lut_arb/dataOut_reg_reg[23]_0
    SLICE_X38Y45         LUT5 (Prop_lut5_I1_O)        0.124    69.988 r  chip_core/mprj/TopLevel/LUT/lut_arb/sreg[31]_i_11/O
                         net (fo=2, routed)           1.157    71.145    chip_core/mprj/TopLevel/DMA/u_mm2s/sreg[31]_i_5_0[6]
    SLICE_X55Y34         LUT6 (Prop_lut6_I1_O)        0.124    71.269 r  chip_core/mprj/TopLevel/DMA/u_mm2s/sreg[31]_i_8/O
                         net (fo=1, routed)           0.801    72.071    chip_core/mprj/TopLevel/DMA/u_mm2s/sreg[31]_i_8_n_0
    SLICE_X60Y28         LUT5 (Prop_lut5_I2_O)        0.124    72.195 r  chip_core/mprj/TopLevel/DMA/u_mm2s/sreg[31]_i_5/O
                         net (fo=2, routed)           0.655    72.850    chip_core/mprj/TopLevel/DMA/u_mm2s/sreg[31]_i_5_n_0
    SLICE_X61Y28         LUT5 (Prop_lut5_I0_O)        0.152    73.002 r  chip_core/mprj/TopLevel/DMA/u_mm2s/sreg[31]_i_3/O
                         net (fo=1, routed)           0.000    73.002    chip_core/mprj/TopLevel/DMA/u_mm2s/pre_shifted_data[31]
    SLICE_X61Y28         FDRE                                         r  chip_core/mprj/TopLevel/DMA/u_mm2s/sreg_reg[31]/D
  -------------------------------------------------------------------    -------------------

                         (clock clock12 rise edge)   83.333    83.333 r  
    E3                                                0.000    83.333 r  clock100 (IN)
                         net (fo=0)                   0.000    83.333    clk_fix/inst/clk_in1
    E3                   IBUF (Prop_ibuf_I_O)         1.411    84.745 r  clk_fix/inst/clkin1_ibufg/O
                         net (fo=1, routed)           1.162    85.906    clk_fix/inst/clk_in1_clk_fix
    MMCME2_ADV_X1Y2      MMCME2_ADV (Prop_mmcme2_adv_CLKIN1_CLKOUT0)
                                                     -7.324    78.583 r  clk_fix/inst/mmcm_adv_inst/CLKOUT0
                         net (fo=1, routed)           1.639    80.222    clk_fix/inst/clk_out1_clk_fix
    BUFGCTRL_X0Y16       BUFG (Prop_bufg_I_O)         0.091    80.313 r  clk_fix/inst/clkout1_buf/O
                         net (fo=14035, routed)       1.662    81.975    chip_core/mprj/TopLevel/DMA/u_mm2s/clk_out1
    SLICE_X61Y28         FDRE                                         r  chip_core/mprj/TopLevel/DMA/u_mm2s/sreg_reg[31]/C
                         clock pessimism              0.496    82.471    
                         clock uncertainty           -0.176    82.294    
    SLICE_X61Y28         FDRE (Setup_fdre_C_D)        0.075    82.369    chip_core/mprj/TopLevel/DMA/u_mm2s/sreg_reg[31]
  -------------------------------------------------------------------
                         required time                         82.369    
                         arrival time                         -73.001    
  -------------------------------------------------------------------
                         slack                                  9.368    

Slack (MET) :             9.582ns  (required time - arrival time)
  Source:                 chip_core/soc/core/FSM_onehot_grant_reg[1]/C
                            (rising edge-triggered cell FDRE clocked by clock12  {rise@0.000ns fall@41.667ns period=83.333ns})
  Destination:            chip_core/soc/core/VexRiscv/memory_to_writeBack_MEMORY_READ_DATA_reg[27]/D
                            (rising edge-triggered cell FDRE clocked by clock12  {rise@0.000ns fall@41.667ns period=83.333ns})
  Path Group:             clock12
  Path Type:              Setup (Max at Slow Process Corner)
  Requirement:            83.333ns  (clock12 rise@83.333ns - clock12 rise@0.000ns)
  Data Path Delay:        73.571ns  (logic 22.620ns (30.746%)  route 50.951ns (69.254%))
  Logic Levels:           76  (CARRY4=18 DSP48E1=2 LUT2=8 LUT3=2 LUT4=10 LUT5=7 LUT6=27 MUXF7=1 MUXF8=1)
  Clock Path Skew:        -0.033ns (DCD - SCD + CPR)
    Destination Clock Delay (DCD):    -1.341ns = ( 81.993 - 83.333 ) 
    Source Clock Delay      (SCD):    -0.740ns
    Clock Pessimism Removal (CPR):    0.568ns
  Clock Uncertainty:      0.176ns  ((TSJ^2 + DJ^2)^1/2) / 2 + PE
    Total System Jitter     (TSJ):    0.071ns
    Discrete Jitter          (DJ):    0.346ns
    Phase Error              (PE):    0.000ns

    Location             Delay type                Incr(ns)  Path(ns)    Netlist Resource(s)
  -------------------------------------------------------------------    -------------------
                         (clock clock12 rise edge)    0.000     0.000 r  
    E3                                                0.000     0.000 r  clock100 (IN)
                         net (fo=0)                   0.000     0.000    clk_fix/inst/clk_in1
    E3                   IBUF (Prop_ibuf_I_O)         1.482     1.482 r  clk_fix/inst/clkin1_ibufg/O
                         net (fo=1, routed)           1.233     2.715    clk_fix/inst/clk_in1_clk_fix
    MMCME2_ADV_X1Y2      MMCME2_ADV (Prop_mmcme2_adv_CLKIN1_CLKOUT0)
                                                     -7.070    -4.355 r  clk_fix/inst/mmcm_adv_inst/CLKOUT0
                         net (fo=1, routed)           1.719    -2.636    clk_fix/inst/clk_out1_clk_fix
    BUFGCTRL_X0Y16       BUFG (Prop_bufg_I_O)         0.096    -2.540 r  clk_fix/inst/clkout1_buf/O
                         net (fo=14035, routed)       1.800    -0.740    chip_core/soc/core/clk_out1
    SLICE_X25Y26         FDRE                                         r  chip_core/soc/core/FSM_onehot_grant_reg[1]/C
  -------------------------------------------------------------------    -------------------
    SLICE_X25Y26         FDRE (Prop_fdre_C_Q)         0.419    -0.321 r  chip_core/soc/core/FSM_onehot_grant_reg[1]/Q
                         net (fo=179, routed)         1.329     1.008    chip_core/soc/core/VexRiscv/IBusCachedPlugin_cache/grant_reg[1]
    SLICE_X20Y24         LUT5 (Prop_lut5_I1_O)        0.299     1.307 f  chip_core/soc/core/VexRiscv/IBusCachedPlugin_cache/address_reg[11]_i_3/O
                         net (fo=41, routed)          1.338     2.646    chip_core/soc/core/VexRiscv/IBusCachedPlugin_cache/dbg_uart_address_reg[9]_1
    SLICE_X18Y33         LUT4 (Prop_lut4_I0_O)        0.124     2.770 r  chip_core/soc/core/VexRiscv/IBusCachedPlugin_cache/SevenSegDisplay[31]_i_15/O
                         net (fo=1, routed)           0.669     3.439    chip_core/soc/core/VexRiscv/IBusCachedPlugin_cache/SevenSegDisplay[31]_i_15_n_0
    SLICE_X18Y33         LUT5 (Prop_lut5_I4_O)        0.124     3.563 r  chip_core/soc/core/VexRiscv/IBusCachedPlugin_cache/SevenSegDisplay[31]_i_12/O
                         net (fo=1, routed)           0.455     4.017    chip_core/soc/core/VexRiscv/IBusCachedPlugin_cache/SevenSegDisplay[31]_i_12_n_0
    SLICE_X17Y33         LUT6 (Prop_lut6_I4_O)        0.124     4.141 r  chip_core/soc/core/VexRiscv/IBusCachedPlugin_cache/SevenSegDisplay[31]_i_6/O
                         net (fo=66, routed)          0.853     4.994    chip_core/soc/core/VexRiscv/IBusCachedPlugin_cache/SevenSegDisplay[31]_i_6_n_0
    SLICE_X31Y31         LUT6 (Prop_lut6_I0_O)        0.124     5.118 r  chip_core/soc/core/VexRiscv/IBusCachedPlugin_cache/FSM_onehot_current_state[3]_inv_i_3/O
                         net (fo=93, routed)          1.102     6.221    chip_core/mprj/TopLevel/DMA/u_mm2s/b3_active
    SLICE_X41Y45         LUT6 (Prop_lut6_I1_O)        0.124     6.345 r  chip_core/mprj/TopLevel/DMA/u_mm2s/memory[29][31]_i_12/O
                         net (fo=150, routed)         2.028     8.373    chip_core/mprj/TopLevel/DMA/u_mm2s/FSM_onehot_current_state_reg[1]_inv_4
    SLICE_X41Y75         LUT4 (Prop_lut4_I2_O)        0.154     8.527 f  chip_core/mprj/TopLevel/DMA/u_mm2s/multiregimpl4_regs0_i_262/O
                         net (fo=120, routed)         1.753    10.280    chip_core/mprj/TopLevel/LUT/lut_arb/multiregimpl4_regs0_reg_i_926_7
    SLICE_X32Y60         LUT6 (Prop_lut6_I1_O)        0.327    10.607 r  chip_core/mprj/TopLevel/LUT/lut_arb/multiregimpl4_regs0_i_930/O
                         net (fo=1, routed)           0.662    11.269    chip_core/mprj/TopLevel/LUT/lut_arb/multiregimpl4_regs0_i_930_n_0
    SLICE_X31Y60         CARRY4 (Prop_carry4_DI[0]_CO[3])
                                                      0.526    11.795 r  chip_core/mprj/TopLevel/LUT/lut_arb/multiregimpl4_regs0_reg_i_537/CO[3]
                         net (fo=1, routed)           0.000    11.795    chip_core/mprj/TopLevel/LUT/lut_arb/multiregimpl4_regs0_reg_i_537_n_0
    SLICE_X31Y61         CARRY4 (Prop_carry4_CI_CO[3])
                                                      0.114    11.909 r  chip_core/mprj/TopLevel/LUT/lut_arb/multiregimpl4_regs0_reg_i_271/CO[3]
                         net (fo=1, routed)           1.222    13.131    chip_core/mprj/TopLevel/LUT/lut_arb/indexing_unit/f22/result2
    SLICE_X31Y81         LUT5 (Prop_lut5_I1_O)        0.124    13.255 r  chip_core/mprj/TopLevel/LUT/lut_arb/multiregimpl4_regs0_i_118/O
                         net (fo=1, routed)           0.620    13.875    chip_core/mprj/TopLevel/LUT/lut_arb/multiregimpl4_regs0_i_118_n_0
    SLICE_X31Y82         LUT6 (Prop_lut6_I5_O)        0.124    13.999 r  chip_core/mprj/TopLevel/LUT/lut_arb/multiregimpl4_regs0_i_39/O
                         net (fo=13, routed)          1.255    15.254    chip_core/mprj/TopLevel/LUT/lut_arb/indexing_unit/D[21]_26
    SLICE_X40Y78         LUT4 (Prop_lut4_I2_O)        0.152    15.406 f  chip_core/mprj/TopLevel/LUT/lut_arb/memory[29][31]_i_76/O
                         net (fo=7, routed)           0.893    16.299    chip_core/mprj/TopLevel/LUT/lut_arb/memory[29][31]_i_76_n_0
    SLICE_X44Y78         LUT5 (Prop_lut5_I2_O)        0.352    16.651 f  chip_core/mprj/TopLevel/LUT/lut_arb/memory[29][31]_i_79/O
                         net (fo=1, routed)           1.114    17.765    chip_core/mprj/TopLevel/LUT/lut_arb/memory[29][31]_i_79_n_0
    SLICE_X42Y76         LUT6 (Prop_lut6_I0_O)        0.326    18.091 r  chip_core/mprj/TopLevel/LUT/lut_arb/memory[29][31]_i_36/O
                         net (fo=1, routed)           0.590    18.681    chip_core/mprj/TopLevel/LUT/lut_arb/memory[29][31]_i_36_n_0
    SLICE_X42Y77         LUT6 (Prop_lut6_I4_O)        0.124    18.805 r  chip_core/mprj/TopLevel/LUT/lut_arb/memory[29][31]_i_14/O
                         net (fo=2, routed)           1.151    19.956    chip_core/mprj/TopLevel/LUT/lut_arb/Index[1]
    SLICE_X44Y56         LUT6 (Prop_lut6_I3_O)        0.124    20.080 r  chip_core/mprj/TopLevel/LUT/lut_arb/memory[29][31]_i_3/O
                         net (fo=1123, routed)        2.807    22.886    chip_core/mprj/TopLevel/LUT/M_Unit_3/memory[31][0]_i_4__6_0
    SLICE_X60Y101        LUT6 (Prop_lut6_I4_O)        0.124    23.010 r  chip_core/mprj/TopLevel/LUT/M_Unit_3/memory[31][30]_i_5__6/O
                         net (fo=1, routed)           0.000    23.010    chip_core/mprj/TopLevel/LUT/M_Unit_3/memory[31][30]_i_5__6_n_0
    SLICE_X60Y101        MUXF7 (Prop_muxf7_I0_O)      0.241    23.251 r  chip_core/mprj/TopLevel/LUT/M_Unit_3/memory_reg[31][30]_i_3__1/O
                         net (fo=1, routed)           0.000    23.251    chip_core/mprj/TopLevel/LUT/M_Unit_3/memory_reg[31][30]_i_3__1_n_0
    SLICE_X60Y101        MUXF8 (Prop_muxf8_I0_O)      0.098    23.349 r  chip_core/mprj/TopLevel/LUT/M_Unit_3/memory_reg[31][30]_i_2__6/O
                         net (fo=4, routed)           1.088    24.438    chip_core/mprj/TopLevel/DMA/u_mm2s/memory__1087_2[30]
    SLICE_X60Y85         LUT6 (Prop_lut6_I5_O)        0.319    24.757 r  chip_core/mprj/TopLevel/DMA/u_mm2s/Exponent_carry__0_i_13/O
                         net (fo=1, routed)           0.801    25.558    chip_core/mprj/TopLevel/DMA/u_mm2s/Exponent_carry__0_i_13_n_0
    SLICE_X60Y77         LUT2 (Prop_lut2_I0_O)        0.150    25.708 r  chip_core/mprj/TopLevel/DMA/u_mm2s/Exponent_carry__0_i_9/O
                         net (fo=5, routed)           0.625    26.332    chip_core/mprj/TopLevel/DMA/u_mm2s/address_reg_reg[15]_7
    SLICE_X59Y73         LUT5 (Prop_lut5_I4_O)        0.328    26.660 r  chip_core/mprj/TopLevel/DMA/u_mm2s/Product_i_65/O
                         net (fo=1, routed)           0.407    27.067    chip_core/mprj/TopLevel/DMA/u_mm2s/Product_i_65_n_0
    SLICE_X59Y73         LUT6 (Prop_lut6_I5_O)        0.124    27.191 r  chip_core/mprj/TopLevel/DMA/u_mm2s/Product_i_18/O
                         net (fo=1, routed)           1.164    28.356    chip_core/mprj/TopLevel/LUT/MAC_Unit/multiplier/A[23]
    DSP48_X1Y22          DSP48E1 (Prop_dsp48e1_A[23]_PCOUT[47])
                                                      4.036    32.392 r  chip_core/mprj/TopLevel/LUT/MAC_Unit/multiplier/Product/PCOUT[47]
                         net (fo=1, routed)           0.002    32.394    chip_core/mprj/TopLevel/LUT/MAC_Unit/multiplier/Product_n_106
    DSP48_X1Y23          DSP48E1 (Prop_dsp48e1_PCIN[47]_P[3])
                                                      1.518    33.912 r  chip_core/mprj/TopLevel/LUT/MAC_Unit/multiplier/Product__0/P[3]
                         net (fo=1, routed)           0.744    34.656    chip_core/mprj/TopLevel/LUT/MAC_Unit/multiplier/Product__0_n_102
    SLICE_X57Y56         LUT4 (Prop_lut4_I2_O)        0.124    34.780 r  chip_core/mprj/TopLevel/LUT/MAC_Unit/multiplier/A_swap2_carry_i_49/O
                         net (fo=1, routed)           0.407    35.187    chip_core/mprj/TopLevel/LUT/MAC_Unit/multiplier/A_swap2_carry_i_49_n_0
    SLICE_X57Y56         LUT5 (Prop_lut5_I4_O)        0.124    35.311 r  chip_core/mprj/TopLevel/LUT/MAC_Unit/multiplier/A_swap2_carry_i_48/O
                         net (fo=1, routed)           0.433    35.744    chip_core/mprj/TopLevel/LUT/MAC_Unit/multiplier/A_swap2_carry_i_48_n_0
    SLICE_X57Y56         LUT6 (Prop_lut6_I5_O)        0.124    35.868 r  chip_core/mprj/TopLevel/LUT/MAC_Unit/multiplier/A_swap2_carry_i_45/O
                         net (fo=1, routed)           0.436    36.304    chip_core/mprj/TopLevel/LUT/MAC_Unit/multiplier/A_swap2_carry_i_45_n_0
    SLICE_X57Y57         LUT6 (Prop_lut6_I5_O)        0.124    36.428 r  chip_core/mprj/TopLevel/LUT/MAC_Unit/multiplier/A_swap2_carry_i_43/O
                         net (fo=1, routed)           0.000    36.428    chip_core/mprj/TopLevel/LUT/MAC_Unit/multiplier/A_swap2_carry_i_43_n_0
    SLICE_X57Y57         CARRY4 (Prop_carry4_S[0]_CO[3])
                                                      0.532    36.960 r  chip_core/mprj/TopLevel/LUT/MAC_Unit/multiplier/A_swap2_carry_i_30/CO[3]
                         net (fo=1, routed)           0.000    36.960    chip_core/mprj/TopLevel/LUT/MAC_Unit/multiplier/A_swap2_carry_i_30_n_0
    SLICE_X57Y58         CARRY4 (Prop_carry4_CI_CO[3])
                                                      0.114    37.074 r  chip_core/mprj/TopLevel/LUT/MAC_Unit/multiplier/A_swap2_carry_i_25/CO[3]
                         net (fo=1, routed)           0.000    37.074    chip_core/mprj/TopLevel/LUT/MAC_Unit/multiplier/A_swap2_carry_i_25_n_0
    SLICE_X57Y59         CARRY4 (Prop_carry4_CI_CO[3])
                                                      0.114    37.188 r  chip_core/mprj/TopLevel/LUT/MAC_Unit/multiplier/A_swap2_carry__0_i_30/CO[3]
                         net (fo=1, routed)           0.000    37.188    chip_core/mprj/TopLevel/LUT/MAC_Unit/multiplier/A_swap2_carry__0_i_30_n_0
    SLICE_X57Y60         CARRY4 (Prop_carry4_CI_O[3])
                                                      0.313    37.501 r  chip_core/mprj/TopLevel/LUT/MAC_Unit/multiplier/A_swap2_carry__0_i_25/O[3]
                         net (fo=2, routed)           0.976    38.478    chip_core/mprj/TopLevel/LUT/MAC_Unit/multiplier/Mantissa__0[15]
    SLICE_X58Y62         LUT4 (Prop_lut4_I0_O)        0.328    38.806 r  chip_core/mprj/TopLevel/LUT/MAC_Unit/multiplier/A_swap2_carry__1_i_40/O
                         net (fo=1, routed)           0.718    39.524    chip_core/mprj/TopLevel/LUT/MAC_Unit/multiplier/A_swap2_carry__1_i_40_n_0
    SLICE_X58Y62         LUT6 (Prop_lut6_I2_O)        0.328    39.852 r  chip_core/mprj/TopLevel/LUT/MAC_Unit/multiplier/A_swap2_carry__1_i_28/O
                         net (fo=1, routed)           0.595    40.447    chip_core/mprj/TopLevel/LUT/MAC_Unit/multiplier/A_swap2_carry__1_i_28_n_0
    SLICE_X56Y61         LUT6 (Prop_lut6_I5_O)        0.124    40.571 f  chip_core/mprj/TopLevel/LUT/MAC_Unit/multiplier/A_swap2_carry__1_i_13/O
                         net (fo=40, routed)          1.159    41.730    chip_core/mprj/TopLevel/LUT/MAC_Unit/multiplier/A_swap2_carry__1_i_13_n_0
    SLICE_X60Y69         LUT3 (Prop_lut3_I1_O)        0.150    41.880 f  chip_core/mprj/TopLevel/LUT/MAC_Unit/multiplier/A_swap2_carry__1_i_18/O
                         net (fo=38, routed)          1.476    43.357    chip_core/mprj/TopLevel/LUT/MAC_Unit/multiplier/A_swap2_carry__1_i_18_n_0
    SLICE_X56Y61         LUT2 (Prop_lut2_I1_O)        0.374    43.731 r  chip_core/mprj/TopLevel/LUT/MAC_Unit/multiplier/A_swap2_carry_i_17/O
                         net (fo=4, routed)           0.758    44.488    chip_core/mprj/TopLevel/LUT/MAC_Unit/multiplier/A_swap2_carry_i_17_n_0
    SLICE_X57Y65         LUT4 (Prop_lut4_I2_O)        0.328    44.816 r  chip_core/mprj/TopLevel/LUT/MAC_Unit/multiplier/A_swap2_carry_i_7/O
                         net (fo=1, routed)           0.000    44.816    chip_core/mprj/TopLevel/LUT/MAC_Unit/adder/S[1]
    SLICE_X57Y65         CARRY4 (Prop_carry4_S[1]_CO[3])
                                                      0.550    45.366 r  chip_core/mprj/TopLevel/LUT/MAC_Unit/adder/A_swap2_carry/CO[3]
                         net (fo=1, routed)           0.000    45.366    chip_core/mprj/TopLevel/LUT/MAC_Unit/adder/A_swap2_carry_n_0
    SLICE_X57Y66         CARRY4 (Prop_carry4_CI_CO[3])
                                                      0.114    45.480 r  chip_core/mprj/TopLevel/LUT/MAC_Unit/adder/A_swap2_carry__0/CO[3]
                         net (fo=1, routed)           0.000    45.480    chip_core/mprj/TopLevel/LUT/MAC_Unit/adder/A_swap2_carry__0_n_0
    SLICE_X57Y67         CARRY4 (Prop_carry4_CI_CO[3])
                                                      0.114    45.594 r  chip_core/mprj/TopLevel/LUT/MAC_Unit/adder/A_swap2_carry__1/CO[3]
                         net (fo=1, routed)           0.000    45.594    chip_core/mprj/TopLevel/LUT/MAC_Unit/adder/A_swap2_carry__1_n_0
    SLICE_X57Y68         CARRY4 (Prop_carry4_CI_CO[3])
                                                      0.114    45.708 r  chip_core/mprj/TopLevel/LUT/MAC_Unit/adder/A_swap2_carry__2/CO[3]
                         net (fo=83, routed)          1.252    46.960    chip_core/mprj/TopLevel/LUT/MAC_Unit/multiplier/CO[0]
    SLICE_X62Y72         LUT6 (Prop_lut6_I4_O)        0.124    47.084 r  chip_core/mprj/TopLevel/LUT/MAC_Unit/multiplier/exponent_diff_carry_i_14/O
                         net (fo=5, routed)           0.719    47.803    chip_core/mprj/TopLevel/LUT/MAC_Unit/multiplier/B_Exponent[0]
    SLICE_X62Y68         LUT2 (Prop_lut2_I1_O)        0.124    47.927 r  chip_core/mprj/TopLevel/LUT/MAC_Unit/multiplier/exponent_diff_carry_i_8/O
                         net (fo=1, routed)           0.000    47.927    chip_core/mprj/TopLevel/LUT/MAC_Unit/adder/Exponent_sub_carry_i_69_0[0]
    SLICE_X62Y68         CARRY4 (Prop_carry4_S[0]_CO[3])
                                                      0.513    48.440 r  chip_core/mprj/TopLevel/LUT/MAC_Unit/adder/exponent_diff_carry/CO[3]
                         net (fo=1, routed)           0.000    48.440    chip_core/mprj/TopLevel/LUT/MAC_Unit/adder/exponent_diff_carry_n_0
    SLICE_X62Y69         CARRY4 (Prop_carry4_CI_O[0])
                                                      0.219    48.659 r  chip_core/mprj/TopLevel/LUT/MAC_Unit/adder/exponent_diff_carry__0/O[0]
                         net (fo=41, routed)          0.692    49.351    chip_core/mprj/TopLevel/LUT/MAC_Unit/multiplier/p_1_in[4]
    SLICE_X63Y71         LUT2 (Prop_lut2_I1_O)        0.295    49.646 r  chip_core/mprj/TopLevel/LUT/MAC_Unit/multiplier/B_Exponent_shifted_carry__0_i_7/O
                         net (fo=1, routed)           0.000    49.646    chip_core/mprj/TopLevel/LUT/MAC_Unit/adder/wait_reg[21]_i_40[0]
    SLICE_X63Y71         CARRY4 (Prop_carry4_S[0]_O[3])
                                                      0.606    50.252 r  chip_core/mprj/TopLevel/LUT/MAC_Unit/adder/B_Exponent_shifted_carry__0/O[3]
                         net (fo=1, routed)           0.585    50.837    chip_core/mprj/TopLevel/LUT/MAC_Unit/multiplier/B_Exponent_shifted[7]
    SLICE_X65Y71         LUT4 (Prop_lut4_I1_O)        0.306    51.143 f  chip_core/mprj/TopLevel/LUT/MAC_Unit/multiplier/Exponent_sub_carry_i_41/O
                         net (fo=76, routed)          1.819    52.962    chip_core/mprj/TopLevel/LUT/MAC_Unit/multiplier/Exponent_sub_carry_i_41_n_0
    SLICE_X79Y65         LUT4 (Prop_lut4_I0_O)        0.124    53.086 f  chip_core/mprj/TopLevel/LUT/MAC_Unit/multiplier/Exponent_sub_carry_i_38/O
                         net (fo=88, routed)          1.174    54.260    chip_core/mprj/TopLevel/DMA/u_mm2s/Exponent_sub_carry_i_68
    SLICE_X69Y62         LUT2 (Prop_lut2_I1_O)        0.124    54.384 r  chip_core/mprj/TopLevel/DMA/u_mm2s/Exponent_sub_carry_i_89/O
                         net (fo=26, routed)          0.790    55.174    chip_core/mprj/TopLevel/LUT/MAC_Unit/multiplier/Exponent_sub_carry_i_32_1
    SLICE_X64Y66         LUT4 (Prop_lut4_I0_O)        0.124    55.298 r  chip_core/mprj/TopLevel/LUT/MAC_Unit/multiplier/Exponent_sub_carry_i_118/O
                         net (fo=23, routed)          0.667    55.965    chip_core/mprj/TopLevel/LUT/MAC_Unit/multiplier/exponent_diff_carry__0
    SLICE_X63Y63         LUT5 (Prop_lut5_I4_O)        0.124    56.089 r  chip_core/mprj/TopLevel/LUT/MAC_Unit/multiplier/Exponent_sub_carry_i_92/O
                         net (fo=1, routed)           0.000    56.089    chip_core/mprj/TopLevel/LUT/MAC_Unit/multiplier/Exponent_sub_carry_i_92_n_0
    SLICE_X63Y63         CARRY4 (Prop_carry4_S[1]_O[3])
                                                      0.640    56.729 r  chip_core/mprj/TopLevel/LUT/MAC_Unit/multiplier/Exponent_sub_carry_i_50/O[3]
                         net (fo=2, routed)           0.722    57.450    chip_core/mprj/TopLevel/LUT/MAC_Unit/adder/Exponent_sub_carry_i_17_0[3]
    SLICE_X61Y63         LUT2 (Prop_lut2_I1_O)        0.306    57.756 r  chip_core/mprj/TopLevel/LUT/MAC_Unit/adder/Exponent_sub_carry_i_51/O
                         net (fo=1, routed)           0.000    57.756    chip_core/mprj/TopLevel/LUT/MAC_Unit/multiplier/wait_reg[1]_i_6_0[3]
    SLICE_X61Y63         CARRY4 (Prop_carry4_S[3]_CO[3])
                                                      0.401    58.157 r  chip_core/mprj/TopLevel/LUT/MAC_Unit/multiplier/Exponent_sub_carry_i_25/CO[3]
                         net (fo=1, routed)           0.000    58.157    chip_core/mprj/TopLevel/LUT/MAC_Unit/multiplier/Exponent_sub_carry_i_25_n_0
    SLICE_X61Y64         CARRY4 (Prop_carry4_CI_O[1])
                                                      0.334    58.491 r  chip_core/mprj/TopLevel/LUT/MAC_Unit/multiplier/Exponent_sub_carry_i_26/O[1]
                         net (fo=27, routed)          1.178    59.670    chip_core/mprj/TopLevel/LUT/MAC_Unit/multiplier/Mantissa_sub0[5]
    SLICE_X65Y64         LUT4 (Prop_lut4_I1_O)        0.331    60.001 f  chip_core/mprj/TopLevel/LUT/MAC_Unit/multiplier/Exponent_sub_carry_i_189/O
                         net (fo=1, routed)           0.626    60.627    chip_core/mprj/TopLevel/LUT/MAC_Unit/multiplier/Exponent_sub_carry_i_189_n_0
    SLICE_X69Y64         LUT6 (Prop_lut6_I2_O)        0.332    60.959 r  chip_core/mprj/TopLevel/LUT/MAC_Unit/multiplier/Exponent_sub_carry_i_154/O
                         net (fo=1, routed)           0.927    61.885    chip_core/mprj/TopLevel/LUT/MAC_Unit/multiplier/Exponent_sub_carry_i_154_n_0
    SLICE_X70Y66         LUT6 (Prop_lut6_I0_O)        0.124    62.009 r  chip_core/mprj/TopLevel/LUT/MAC_Unit/multiplier/Exponent_sub_carry_i_124/O
                         net (fo=1, routed)           0.493    62.503    chip_core/mprj/TopLevel/LUT/MAC_Unit/multiplier/Exponent_sub_carry_i_124_n_0
    SLICE_X71Y66         LUT6 (Prop_lut6_I0_O)        0.124    62.627 r  chip_core/mprj/TopLevel/LUT/MAC_Unit/multiplier/Exponent_sub_carry_i_75/O
                         net (fo=1, routed)           0.402    63.029    chip_core/mprj/TopLevel/LUT/MAC_Unit/multiplier/Exponent_sub_carry_i_75_n_0
    SLICE_X71Y67         LUT6 (Prop_lut6_I5_O)        0.124    63.153 r  chip_core/mprj/TopLevel/LUT/MAC_Unit/multiplier/Exponent_sub_carry_i_39/O
                         net (fo=1, routed)           0.700    63.853    chip_core/mprj/TopLevel/LUT/MAC_Unit/multiplier/Exponent_sub_carry_i_39_n_0
    SLICE_X60Y67         LUT6 (Prop_lut6_I1_O)        0.124    63.977 r  chip_core/mprj/TopLevel/LUT/MAC_Unit/multiplier/Exponent_sub_carry_i_19/O
                         net (fo=1, routed)           0.408    64.385    chip_core/mprj/TopLevel/LUT/MAC_Unit/multiplier/Exponent_sub_carry_i_19_n_0
    SLICE_X59Y68         LUT2 (Prop_lut2_I1_O)        0.124    64.509 r  chip_core/mprj/TopLevel/LUT/MAC_Unit/multiplier/Exponent_sub_carry_i_8/O
                         net (fo=1, routed)           0.000    64.509    chip_core/mprj/TopLevel/LUT/MAC_Unit/adder/pe/wait_reg[23]_i_7_0[0]
    SLICE_X59Y68         CARRY4 (Prop_carry4_S[0]_CO[3])
                                                      0.532    65.041 r  chip_core/mprj/TopLevel/LUT/MAC_Unit/adder/pe/Exponent_sub_carry/CO[3]
                         net (fo=1, routed)           0.000    65.041    chip_core/mprj/TopLevel/LUT/MAC_Unit/adder/pe/Exponent_sub_carry_n_0
    SLICE_X59Y69         CARRY4 (Prop_carry4_CI_O[0])
                                                      0.222    65.263 r  chip_core/mprj/TopLevel/LUT/MAC_Unit/adder/pe/Exponent_sub_carry__0/O[0]
                         net (fo=1, routed)           0.594    65.857    chip_core/mprj/TopLevel/LUT/MAC_Unit/multiplier/wait_reg[30]_i_3[3]
    SLICE_X58Y68         LUT2 (Prop_lut2_I0_O)        0.328    66.185 r  chip_core/mprj/TopLevel/LUT/MAC_Unit/multiplier/wait_reg[27]_i_7/O
                         net (fo=1, routed)           0.496    66.681    chip_core/mprj/TopLevel/LUT/MAC_Unit/multiplier/wait_reg[27]_i_7_n_0
    SLICE_X58Y69         LUT6 (Prop_lut6_I0_O)        0.331    67.012 r  chip_core/mprj/TopLevel/LUT/MAC_Unit/multiplier/wait_reg[27]_i_6/O
                         net (fo=3, routed)           0.893    67.905    chip_core/mprj/TopLevel/LUT/B_Unit_1/MACresult[22]
    SLICE_X57Y82         LUT6 (Prop_lut6_I5_O)        0.124    68.029 r  chip_core/mprj/TopLevel/LUT/B_Unit_1/wait_reg[27]_i_3/O
                         net (fo=1, routed)           0.433    68.462    chip_core/mprj/TopLevel/LUT/B_Unit_1/wait_reg[27]_i_3_n_0
    SLICE_X57Y82         LUT6 (Prop_lut6_I0_O)        0.124    68.586 r  chip_core/mprj/TopLevel/LUT/B_Unit_1/wait_reg[27]_i_2/O
                         net (fo=3, routed)           2.180    70.766    chip_core/mprj/TopLevel/LUT/B_Unit_1/FSM_onehot_current_state_reg[1]_inv_18
    SLICE_X31Y40         LUT3 (Prop_lut3_I1_O)        0.124    70.890 r  chip_core/mprj/TopLevel/LUT/B_Unit_1/wait_reg[27]_i_1/O
                         net (fo=3, routed)           0.420    71.310    chip_core/soc/core/VexRiscv/IBusCachedPlugin_cache/memory_to_writeBack_MEMORY_READ_DATA[30]_i_2_0[24]
    SLICE_X31Y40         LUT6 (Prop_lut6_I2_O)        0.124    71.434 r  chip_core/soc/core/VexRiscv/IBusCachedPlugin_cache/memory_to_writeBack_MEMORY_READ_DATA[27]_i_7/O
                         net (fo=1, routed)           0.545    71.979    chip_core/soc/core/VexRiscv/IBusCachedPlugin_cache/mprj/wbs_dat_o_user[27]
    SLICE_X31Y36         LUT6 (Prop_lut6_I2_O)        0.124    72.103 r  chip_core/soc/core/VexRiscv/IBusCachedPlugin_cache/memory_to_writeBack_MEMORY_READ_DATA[27]_i_3/O
                         net (fo=1, routed)           0.604    72.707    chip_core/soc/core/RAM256/memory_to_writeBack_MEMORY_READ_DATA_reg[27]
    SLICE_X28Y33         LUT6 (Prop_lut6_I2_O)        0.124    72.831 r  chip_core/soc/core/RAM256/memory_to_writeBack_MEMORY_READ_DATA[27]_i_1/O
                         net (fo=1, routed)           0.000    72.831    chip_core/soc/core/VexRiscv/dBusWishbone_DAT_MISO[12]
    SLICE_X28Y33         FDRE                                         r  chip_core/soc/core/VexRiscv/memory_to_writeBack_MEMORY_READ_DATA_reg[27]/D
  -------------------------------------------------------------------    -------------------

                         (clock clock12 rise edge)   83.333    83.333 r  
    E3                                                0.000    83.333 r  clock100 (IN)
                         net (fo=0)                   0.000    83.333    clk_fix/inst/clk_in1
    E3                   IBUF (Prop_ibuf_I_O)         1.411    84.745 r  clk_fix/inst/clkin1_ibufg/O
                         net (fo=1, routed)           1.162    85.906    clk_fix/inst/clk_in1_clk_fix
    MMCME2_ADV_X1Y2      MMCME2_ADV (Prop_mmcme2_adv_CLKIN1_CLKOUT0)
                                                     -7.324    78.583 r  clk_fix/inst/mmcm_adv_inst/CLKOUT0
                         net (fo=1, routed)           1.639    80.222    clk_fix/inst/clk_out1_clk_fix
    BUFGCTRL_X0Y16       BUFG (Prop_bufg_I_O)         0.091    80.313 r  clk_fix/inst/clkout1_buf/O
                         net (fo=14035, routed)       1.680    81.993    chip_core/soc/core/VexRiscv/clk_out1
    SLICE_X28Y33         FDRE                                         r  chip_core/soc/core/VexRiscv/memory_to_writeBack_MEMORY_READ_DATA_reg[27]/C
                         clock pessimism              0.568    82.561    
                         clock uncertainty           -0.176    82.384    
    SLICE_X28Y33         FDRE (Setup_fdre_C_D)        0.029    82.413    chip_core/soc/core/VexRiscv/memory_to_writeBack_MEMORY_READ_DATA_reg[27]
  -------------------------------------------------------------------
                         required time                         82.413    
                         arrival time                         -72.831    
  -------------------------------------------------------------------
                         slack                                  9.582    

Slack (MET) :             9.591ns  (required time - arrival time)
  Source:                 chip_core/soc/core/FSM_onehot_grant_reg[1]/C
                            (rising edge-triggered cell FDRE clocked by clock12  {rise@0.000ns fall@41.667ns period=83.333ns})
  Destination:            chip_core/soc/core/VexRiscv/memory_to_writeBack_MEMORY_READ_DATA_reg[25]/D
                            (rising edge-triggered cell FDRE clocked by clock12  {rise@0.000ns fall@41.667ns period=83.333ns})
  Path Group:             clock12
  Path Type:              Setup (Max at Slow Process Corner)
  Requirement:            83.333ns  (clock12 rise@83.333ns - clock12 rise@0.000ns)
  Data Path Delay:        73.581ns  (logic 22.286ns (30.288%)  route 51.295ns (69.712%))
  Logic Levels:           74  (CARRY4=17 DSP48E1=2 LUT2=7 LUT3=2 LUT4=10 LUT5=8 LUT6=26 MUXF7=1 MUXF8=1)
  Clock Path Skew:        -0.014ns (DCD - SCD + CPR)
    Destination Clock Delay (DCD):    -1.340ns = ( 81.994 - 83.333 ) 
    Source Clock Delay      (SCD):    -0.740ns
    Clock Pessimism Removal (CPR):    0.586ns
  Clock Uncertainty:      0.176ns  ((TSJ^2 + DJ^2)^1/2) / 2 + PE
    Total System Jitter     (TSJ):    0.071ns
    Discrete Jitter          (DJ):    0.346ns
    Phase Error              (PE):    0.000ns

    Location             Delay type                Incr(ns)  Path(ns)    Netlist Resource(s)
  -------------------------------------------------------------------    -------------------
                         (clock clock12 rise edge)    0.000     0.000 r  
    E3                                                0.000     0.000 r  clock100 (IN)
                         net (fo=0)                   0.000     0.000    clk_fix/inst/clk_in1
    E3                   IBUF (Prop_ibuf_I_O)         1.482     1.482 r  clk_fix/inst/clkin1_ibufg/O
                         net (fo=1, routed)           1.233     2.715    clk_fix/inst/clk_in1_clk_fix
    MMCME2_ADV_X1Y2      MMCME2_ADV (Prop_mmcme2_adv_CLKIN1_CLKOUT0)
                                                     -7.070    -4.355 r  clk_fix/inst/mmcm_adv_inst/CLKOUT0
                         net (fo=1, routed)           1.719    -2.636    clk_fix/inst/clk_out1_clk_fix
    BUFGCTRL_X0Y16       BUFG (Prop_bufg_I_O)         0.096    -2.540 r  clk_fix/inst/clkout1_buf/O
                         net (fo=14035, routed)       1.800    -0.740    chip_core/soc/core/clk_out1
    SLICE_X25Y26         FDRE                                         r  chip_core/soc/core/FSM_onehot_grant_reg[1]/C
  -------------------------------------------------------------------    -------------------
    SLICE_X25Y26         FDRE (Prop_fdre_C_Q)         0.419    -0.321 r  chip_core/soc/core/FSM_onehot_grant_reg[1]/Q
                         net (fo=179, routed)         1.329     1.008    chip_core/soc/core/VexRiscv/IBusCachedPlugin_cache/grant_reg[1]
    SLICE_X20Y24         LUT5 (Prop_lut5_I1_O)        0.299     1.307 f  chip_core/soc/core/VexRiscv/IBusCachedPlugin_cache/address_reg[11]_i_3/O
                         net (fo=41, routed)          1.338     2.646    chip_core/soc/core/VexRiscv/IBusCachedPlugin_cache/dbg_uart_address_reg[9]_1
    SLICE_X18Y33         LUT4 (Prop_lut4_I0_O)        0.124     2.770 r  chip_core/soc/core/VexRiscv/IBusCachedPlugin_cache/SevenSegDisplay[31]_i_15/O
                         net (fo=1, routed)           0.669     3.439    chip_core/soc/core/VexRiscv/IBusCachedPlugin_cache/SevenSegDisplay[31]_i_15_n_0
    SLICE_X18Y33         LUT5 (Prop_lut5_I4_O)        0.124     3.563 r  chip_core/soc/core/VexRiscv/IBusCachedPlugin_cache/SevenSegDisplay[31]_i_12/O
                         net (fo=1, routed)           0.455     4.017    chip_core/soc/core/VexRiscv/IBusCachedPlugin_cache/SevenSegDisplay[31]_i_12_n_0
    SLICE_X17Y33         LUT6 (Prop_lut6_I4_O)        0.124     4.141 r  chip_core/soc/core/VexRiscv/IBusCachedPlugin_cache/SevenSegDisplay[31]_i_6/O
                         net (fo=66, routed)          0.853     4.994    chip_core/soc/core/VexRiscv/IBusCachedPlugin_cache/SevenSegDisplay[31]_i_6_n_0
    SLICE_X31Y31         LUT6 (Prop_lut6_I0_O)        0.124     5.118 r  chip_core/soc/core/VexRiscv/IBusCachedPlugin_cache/FSM_onehot_current_state[3]_inv_i_3/O
                         net (fo=93, routed)          1.102     6.221    chip_core/mprj/TopLevel/DMA/u_mm2s/b3_active
    SLICE_X41Y45         LUT6 (Prop_lut6_I1_O)        0.124     6.345 r  chip_core/mprj/TopLevel/DMA/u_mm2s/memory[29][31]_i_12/O
                         net (fo=150, routed)         2.028     8.373    chip_core/mprj/TopLevel/DMA/u_mm2s/FSM_onehot_current_state_reg[1]_inv_4
    SLICE_X41Y75         LUT4 (Prop_lut4_I2_O)        0.154     8.527 f  chip_core/mprj/TopLevel/DMA/u_mm2s/multiregimpl4_regs0_i_262/O
                         net (fo=120, routed)         1.753    10.280    chip_core/mprj/TopLevel/LUT/lut_arb/multiregimpl4_regs0_reg_i_926_7
    SLICE_X32Y60         LUT6 (Prop_lut6_I1_O)        0.327    10.607 r  chip_core/mprj/TopLevel/LUT/lut_arb/multiregimpl4_regs0_i_930/O
                         net (fo=1, routed)           0.662    11.269    chip_core/mprj/TopLevel/LUT/lut_arb/multiregimpl4_regs0_i_930_n_0
    SLICE_X31Y60         CARRY4 (Prop_carry4_DI[0]_CO[3])
                                                      0.526    11.795 r  chip_core/mprj/TopLevel/LUT/lut_arb/multiregimpl4_regs0_reg_i_537/CO[3]
                         net (fo=1, routed)           0.000    11.795    chip_core/mprj/TopLevel/LUT/lut_arb/multiregimpl4_regs0_reg_i_537_n_0
    SLICE_X31Y61         CARRY4 (Prop_carry4_CI_CO[3])
                                                      0.114    11.909 r  chip_core/mprj/TopLevel/LUT/lut_arb/multiregimpl4_regs0_reg_i_271/CO[3]
                         net (fo=1, routed)           1.222    13.131    chip_core/mprj/TopLevel/LUT/lut_arb/indexing_unit/f22/result2
    SLICE_X31Y81         LUT5 (Prop_lut5_I1_O)        0.124    13.255 r  chip_core/mprj/TopLevel/LUT/lut_arb/multiregimpl4_regs0_i_118/O
                         net (fo=1, routed)           0.620    13.875    chip_core/mprj/TopLevel/LUT/lut_arb/multiregimpl4_regs0_i_118_n_0
    SLICE_X31Y82         LUT6 (Prop_lut6_I5_O)        0.124    13.999 r  chip_core/mprj/TopLevel/LUT/lut_arb/multiregimpl4_regs0_i_39/O
                         net (fo=13, routed)          1.255    15.254    chip_core/mprj/TopLevel/LUT/lut_arb/indexing_unit/D[21]_26
    SLICE_X40Y78         LUT4 (Prop_lut4_I2_O)        0.152    15.406 f  chip_core/mprj/TopLevel/LUT/lut_arb/memory[29][31]_i_76/O
                         net (fo=7, routed)           0.893    16.299    chip_core/mprj/TopLevel/LUT/lut_arb/memory[29][31]_i_76_n_0
    SLICE_X44Y78         LUT5 (Prop_lut5_I2_O)        0.352    16.651 f  chip_core/mprj/TopLevel/LUT/lut_arb/memory[29][31]_i_79/O
                         net (fo=1, routed)           1.114    17.765    chip_core/mprj/TopLevel/LUT/lut_arb/memory[29][31]_i_79_n_0
    SLICE_X42Y76         LUT6 (Prop_lut6_I0_O)        0.326    18.091 r  chip_core/mprj/TopLevel/LUT/lut_arb/memory[29][31]_i_36/O
                         net (fo=1, routed)           0.590    18.681    chip_core/mprj/TopLevel/LUT/lut_arb/memory[29][31]_i_36_n_0
    SLICE_X42Y77         LUT6 (Prop_lut6_I4_O)        0.124    18.805 r  chip_core/mprj/TopLevel/LUT/lut_arb/memory[29][31]_i_14/O
                         net (fo=2, routed)           1.151    19.956    chip_core/mprj/TopLevel/LUT/lut_arb/Index[1]
    SLICE_X44Y56         LUT6 (Prop_lut6_I3_O)        0.124    20.080 r  chip_core/mprj/TopLevel/LUT/lut_arb/memory[29][31]_i_3/O
                         net (fo=1123, routed)        2.807    22.886    chip_core/mprj/TopLevel/LUT/M_Unit_3/memory[31][0]_i_4__6_0
    SLICE_X60Y101        LUT6 (Prop_lut6_I4_O)        0.124    23.010 r  chip_core/mprj/TopLevel/LUT/M_Unit_3/memory[31][30]_i_5__6/O
                         net (fo=1, routed)           0.000    23.010    chip_core/mprj/TopLevel/LUT/M_Unit_3/memory[31][30]_i_5__6_n_0
    SLICE_X60Y101        MUXF7 (Prop_muxf7_I0_O)      0.241    23.251 r  chip_core/mprj/TopLevel/LUT/M_Unit_3/memory_reg[31][30]_i_3__1/O
                         net (fo=1, routed)           0.000    23.251    chip_core/mprj/TopLevel/LUT/M_Unit_3/memory_reg[31][30]_i_3__1_n_0
    SLICE_X60Y101        MUXF8 (Prop_muxf8_I0_O)      0.098    23.349 r  chip_core/mprj/TopLevel/LUT/M_Unit_3/memory_reg[31][30]_i_2__6/O
                         net (fo=4, routed)           1.088    24.438    chip_core/mprj/TopLevel/DMA/u_mm2s/memory__1087_2[30]
    SLICE_X60Y85         LUT6 (Prop_lut6_I5_O)        0.319    24.757 r  chip_core/mprj/TopLevel/DMA/u_mm2s/Exponent_carry__0_i_13/O
                         net (fo=1, routed)           0.801    25.558    chip_core/mprj/TopLevel/DMA/u_mm2s/Exponent_carry__0_i_13_n_0
    SLICE_X60Y77         LUT2 (Prop_lut2_I0_O)        0.150    25.708 r  chip_core/mprj/TopLevel/DMA/u_mm2s/Exponent_carry__0_i_9/O
                         net (fo=5, routed)           0.625    26.332    chip_core/mprj/TopLevel/DMA/u_mm2s/address_reg_reg[15]_7
    SLICE_X59Y73         LUT5 (Prop_lut5_I4_O)        0.328    26.660 r  chip_core/mprj/TopLevel/DMA/u_mm2s/Product_i_65/O
                         net (fo=1, routed)           0.407    27.067    chip_core/mprj/TopLevel/DMA/u_mm2s/Product_i_65_n_0
    SLICE_X59Y73         LUT6 (Prop_lut6_I5_O)        0.124    27.191 r  chip_core/mprj/TopLevel/DMA/u_mm2s/Product_i_18/O
                         net (fo=1, routed)           1.164    28.356    chip_core/mprj/TopLevel/LUT/MAC_Unit/multiplier/A[23]
    DSP48_X1Y22          DSP48E1 (Prop_dsp48e1_A[23]_PCOUT[47])
                                                      4.036    32.392 r  chip_core/mprj/TopLevel/LUT/MAC_Unit/multiplier/Product/PCOUT[47]
                         net (fo=1, routed)           0.002    32.394    chip_core/mprj/TopLevel/LUT/MAC_Unit/multiplier/Product_n_106
    DSP48_X1Y23          DSP48E1 (Prop_dsp48e1_PCIN[47]_P[3])
                                                      1.518    33.912 r  chip_core/mprj/TopLevel/LUT/MAC_Unit/multiplier/Product__0/P[3]
                         net (fo=1, routed)           0.744    34.656    chip_core/mprj/TopLevel/LUT/MAC_Unit/multiplier/Product__0_n_102
    SLICE_X57Y56         LUT4 (Prop_lut4_I2_O)        0.124    34.780 r  chip_core/mprj/TopLevel/LUT/MAC_Unit/multiplier/A_swap2_carry_i_49/O
                         net (fo=1, routed)           0.407    35.187    chip_core/mprj/TopLevel/LUT/MAC_Unit/multiplier/A_swap2_carry_i_49_n_0
    SLICE_X57Y56         LUT5 (Prop_lut5_I4_O)        0.124    35.311 r  chip_core/mprj/TopLevel/LUT/MAC_Unit/multiplier/A_swap2_carry_i_48/O
                         net (fo=1, routed)           0.433    35.744    chip_core/mprj/TopLevel/LUT/MAC_Unit/multiplier/A_swap2_carry_i_48_n_0
    SLICE_X57Y56         LUT6 (Prop_lut6_I5_O)        0.124    35.868 r  chip_core/mprj/TopLevel/LUT/MAC_Unit/multiplier/A_swap2_carry_i_45/O
                         net (fo=1, routed)           0.436    36.304    chip_core/mprj/TopLevel/LUT/MAC_Unit/multiplier/A_swap2_carry_i_45_n_0
    SLICE_X57Y57         LUT6 (Prop_lut6_I5_O)        0.124    36.428 r  chip_core/mprj/TopLevel/LUT/MAC_Unit/multiplier/A_swap2_carry_i_43/O
                         net (fo=1, routed)           0.000    36.428    chip_core/mprj/TopLevel/LUT/MAC_Unit/multiplier/A_swap2_carry_i_43_n_0
    SLICE_X57Y57         CARRY4 (Prop_carry4_S[0]_CO[3])
                                                      0.532    36.960 r  chip_core/mprj/TopLevel/LUT/MAC_Unit/multiplier/A_swap2_carry_i_30/CO[3]
                         net (fo=1, routed)           0.000    36.960    chip_core/mprj/TopLevel/LUT/MAC_Unit/multiplier/A_swap2_carry_i_30_n_0
    SLICE_X57Y58         CARRY4 (Prop_carry4_CI_CO[3])
                                                      0.114    37.074 r  chip_core/mprj/TopLevel/LUT/MAC_Unit/multiplier/A_swap2_carry_i_25/CO[3]
                         net (fo=1, routed)           0.000    37.074    chip_core/mprj/TopLevel/LUT/MAC_Unit/multiplier/A_swap2_carry_i_25_n_0
    SLICE_X57Y59         CARRY4 (Prop_carry4_CI_CO[3])
                                                      0.114    37.188 r  chip_core/mprj/TopLevel/LUT/MAC_Unit/multiplier/A_swap2_carry__0_i_30/CO[3]
                         net (fo=1, routed)           0.000    37.188    chip_core/mprj/TopLevel/LUT/MAC_Unit/multiplier/A_swap2_carry__0_i_30_n_0
    SLICE_X57Y60         CARRY4 (Prop_carry4_CI_O[3])
                                                      0.313    37.501 r  chip_core/mprj/TopLevel/LUT/MAC_Unit/multiplier/A_swap2_carry__0_i_25/O[3]
                         net (fo=2, routed)           0.976    38.478    chip_core/mprj/TopLevel/LUT/MAC_Unit/multiplier/Mantissa__0[15]
    SLICE_X58Y62         LUT4 (Prop_lut4_I0_O)        0.328    38.806 r  chip_core/mprj/TopLevel/LUT/MAC_Unit/multiplier/A_swap2_carry__1_i_40/O
                         net (fo=1, routed)           0.718    39.524    chip_core/mprj/TopLevel/LUT/MAC_Unit/multiplier/A_swap2_carry__1_i_40_n_0
    SLICE_X58Y62         LUT6 (Prop_lut6_I2_O)        0.328    39.852 r  chip_core/mprj/TopLevel/LUT/MAC_Unit/multiplier/A_swap2_carry__1_i_28/O
                         net (fo=1, routed)           0.595    40.447    chip_core/mprj/TopLevel/LUT/MAC_Unit/multiplier/A_swap2_carry__1_i_28_n_0
    SLICE_X56Y61         LUT6 (Prop_lut6_I5_O)        0.124    40.571 f  chip_core/mprj/TopLevel/LUT/MAC_Unit/multiplier/A_swap2_carry__1_i_13/O
                         net (fo=40, routed)          1.159    41.730    chip_core/mprj/TopLevel/LUT/MAC_Unit/multiplier/A_swap2_carry__1_i_13_n_0
    SLICE_X60Y69         LUT3 (Prop_lut3_I1_O)        0.150    41.880 f  chip_core/mprj/TopLevel/LUT/MAC_Unit/multiplier/A_swap2_carry__1_i_18/O
                         net (fo=38, routed)          1.476    43.357    chip_core/mprj/TopLevel/LUT/MAC_Unit/multiplier/A_swap2_carry__1_i_18_n_0
    SLICE_X56Y61         LUT2 (Prop_lut2_I1_O)        0.374    43.731 r  chip_core/mprj/TopLevel/LUT/MAC_Unit/multiplier/A_swap2_carry_i_17/O
                         net (fo=4, routed)           0.758    44.488    chip_core/mprj/TopLevel/LUT/MAC_Unit/multiplier/A_swap2_carry_i_17_n_0
    SLICE_X57Y65         LUT4 (Prop_lut4_I2_O)        0.328    44.816 r  chip_core/mprj/TopLevel/LUT/MAC_Unit/multiplier/A_swap2_carry_i_7/O
                         net (fo=1, routed)           0.000    44.816    chip_core/mprj/TopLevel/LUT/MAC_Unit/adder/S[1]
    SLICE_X57Y65         CARRY4 (Prop_carry4_S[1]_CO[3])
                                                      0.550    45.366 r  chip_core/mprj/TopLevel/LUT/MAC_Unit/adder/A_swap2_carry/CO[3]
                         net (fo=1, routed)           0.000    45.366    chip_core/mprj/TopLevel/LUT/MAC_Unit/adder/A_swap2_carry_n_0
    SLICE_X57Y66         CARRY4 (Prop_carry4_CI_CO[3])
                                                      0.114    45.480 r  chip_core/mprj/TopLevel/LUT/MAC_Unit/adder/A_swap2_carry__0/CO[3]
                         net (fo=1, routed)           0.000    45.480    chip_core/mprj/TopLevel/LUT/MAC_Unit/adder/A_swap2_carry__0_n_0
    SLICE_X57Y67         CARRY4 (Prop_carry4_CI_CO[3])
                                                      0.114    45.594 r  chip_core/mprj/TopLevel/LUT/MAC_Unit/adder/A_swap2_carry__1/CO[3]
                         net (fo=1, routed)           0.000    45.594    chip_core/mprj/TopLevel/LUT/MAC_Unit/adder/A_swap2_carry__1_n_0
    SLICE_X57Y68         CARRY4 (Prop_carry4_CI_CO[3])
                                                      0.114    45.708 r  chip_core/mprj/TopLevel/LUT/MAC_Unit/adder/A_swap2_carry__2/CO[3]
                         net (fo=83, routed)          1.252    46.960    chip_core/mprj/TopLevel/LUT/MAC_Unit/multiplier/CO[0]
    SLICE_X62Y72         LUT6 (Prop_lut6_I4_O)        0.124    47.084 r  chip_core/mprj/TopLevel/LUT/MAC_Unit/multiplier/exponent_diff_carry_i_14/O
                         net (fo=5, routed)           0.719    47.803    chip_core/mprj/TopLevel/LUT/MAC_Unit/multiplier/B_Exponent[0]
    SLICE_X62Y68         LUT2 (Prop_lut2_I1_O)        0.124    47.927 r  chip_core/mprj/TopLevel/LUT/MAC_Unit/multiplier/exponent_diff_carry_i_8/O
                         net (fo=1, routed)           0.000    47.927    chip_core/mprj/TopLevel/LUT/MAC_Unit/adder/Exponent_sub_carry_i_69_0[0]
    SLICE_X62Y68         CARRY4 (Prop_carry4_S[0]_CO[3])
                                                      0.513    48.440 r  chip_core/mprj/TopLevel/LUT/MAC_Unit/adder/exponent_diff_carry/CO[3]
                         net (fo=1, routed)           0.000    48.440    chip_core/mprj/TopLevel/LUT/MAC_Unit/adder/exponent_diff_carry_n_0
    SLICE_X62Y69         CARRY4 (Prop_carry4_CI_O[0])
                                                      0.219    48.659 r  chip_core/mprj/TopLevel/LUT/MAC_Unit/adder/exponent_diff_carry__0/O[0]
                         net (fo=41, routed)          0.692    49.351    chip_core/mprj/TopLevel/LUT/MAC_Unit/multiplier/p_1_in[4]
    SLICE_X63Y71         LUT2 (Prop_lut2_I1_O)        0.295    49.646 r  chip_core/mprj/TopLevel/LUT/MAC_Unit/multiplier/B_Exponent_shifted_carry__0_i_7/O
                         net (fo=1, routed)           0.000    49.646    chip_core/mprj/TopLevel/LUT/MAC_Unit/adder/wait_reg[21]_i_40[0]
    SLICE_X63Y71         CARRY4 (Prop_carry4_S[0]_O[3])
                                                      0.606    50.252 r  chip_core/mprj/TopLevel/LUT/MAC_Unit/adder/B_Exponent_shifted_carry__0/O[3]
                         net (fo=1, routed)           0.585    50.837    chip_core/mprj/TopLevel/LUT/MAC_Unit/multiplier/B_Exponent_shifted[7]
    SLICE_X65Y71         LUT4 (Prop_lut4_I1_O)        0.306    51.143 f  chip_core/mprj/TopLevel/LUT/MAC_Unit/multiplier/Exponent_sub_carry_i_41/O
                         net (fo=76, routed)          1.819    52.962    chip_core/mprj/TopLevel/LUT/MAC_Unit/multiplier/Exponent_sub_carry_i_41_n_0
    SLICE_X79Y65         LUT4 (Prop_lut4_I0_O)        0.124    53.086 f  chip_core/mprj/TopLevel/LUT/MAC_Unit/multiplier/Exponent_sub_carry_i_38/O
                         net (fo=88, routed)          1.174    54.260    chip_core/mprj/TopLevel/DMA/u_mm2s/Exponent_sub_carry_i_68
    SLICE_X69Y62         LUT2 (Prop_lut2_I1_O)        0.124    54.384 r  chip_core/mprj/TopLevel/DMA/u_mm2s/Exponent_sub_carry_i_89/O
                         net (fo=26, routed)          0.790    55.174    chip_core/mprj/TopLevel/LUT/MAC_Unit/multiplier/Exponent_sub_carry_i_32_1
    SLICE_X64Y66         LUT4 (Prop_lut4_I0_O)        0.124    55.298 r  chip_core/mprj/TopLevel/LUT/MAC_Unit/multiplier/Exponent_sub_carry_i_118/O
                         net (fo=23, routed)          0.667    55.965    chip_core/mprj/TopLevel/LUT/MAC_Unit/multiplier/exponent_diff_carry__0
    SLICE_X63Y63         LUT5 (Prop_lut5_I4_O)        0.124    56.089 r  chip_core/mprj/TopLevel/LUT/MAC_Unit/multiplier/Exponent_sub_carry_i_92/O
                         net (fo=1, routed)           0.000    56.089    chip_core/mprj/TopLevel/LUT/MAC_Unit/multiplier/Exponent_sub_carry_i_92_n_0
    SLICE_X63Y63         CARRY4 (Prop_carry4_S[1]_O[3])
                                                      0.640    56.729 r  chip_core/mprj/TopLevel/LUT/MAC_Unit/multiplier/Exponent_sub_carry_i_50/O[3]
                         net (fo=2, routed)           0.722    57.450    chip_core/mprj/TopLevel/LUT/MAC_Unit/adder/Exponent_sub_carry_i_17_0[3]
    SLICE_X61Y63         LUT2 (Prop_lut2_I1_O)        0.306    57.756 r  chip_core/mprj/TopLevel/LUT/MAC_Unit/adder/Exponent_sub_carry_i_51/O
                         net (fo=1, routed)           0.000    57.756    chip_core/mprj/TopLevel/LUT/MAC_Unit/multiplier/wait_reg[1]_i_6_0[3]
    SLICE_X61Y63         CARRY4 (Prop_carry4_S[3]_CO[3])
                                                      0.401    58.157 r  chip_core/mprj/TopLevel/LUT/MAC_Unit/multiplier/Exponent_sub_carry_i_25/CO[3]
                         net (fo=1, routed)           0.000    58.157    chip_core/mprj/TopLevel/LUT/MAC_Unit/multiplier/Exponent_sub_carry_i_25_n_0
    SLICE_X61Y64         CARRY4 (Prop_carry4_CI_O[1])
                                                      0.334    58.491 r  chip_core/mprj/TopLevel/LUT/MAC_Unit/multiplier/Exponent_sub_carry_i_26/O[1]
                         net (fo=27, routed)          1.178    59.670    chip_core/mprj/TopLevel/LUT/MAC_Unit/multiplier/Mantissa_sub0[5]
    SLICE_X65Y64         LUT4 (Prop_lut4_I1_O)        0.331    60.001 f  chip_core/mprj/TopLevel/LUT/MAC_Unit/multiplier/Exponent_sub_carry_i_189/O
                         net (fo=1, routed)           0.626    60.627    chip_core/mprj/TopLevel/LUT/MAC_Unit/multiplier/Exponent_sub_carry_i_189_n_0
    SLICE_X69Y64         LUT6 (Prop_lut6_I2_O)        0.332    60.959 r  chip_core/mprj/TopLevel/LUT/MAC_Unit/multiplier/Exponent_sub_carry_i_154/O
                         net (fo=1, routed)           0.927    61.885    chip_core/mprj/TopLevel/LUT/MAC_Unit/multiplier/Exponent_sub_carry_i_154_n_0
    SLICE_X70Y66         LUT6 (Prop_lut6_I0_O)        0.124    62.009 r  chip_core/mprj/TopLevel/LUT/MAC_Unit/multiplier/Exponent_sub_carry_i_124/O
                         net (fo=1, routed)           0.493    62.503    chip_core/mprj/TopLevel/LUT/MAC_Unit/multiplier/Exponent_sub_carry_i_124_n_0
    SLICE_X71Y66         LUT6 (Prop_lut6_I0_O)        0.124    62.627 r  chip_core/mprj/TopLevel/LUT/MAC_Unit/multiplier/Exponent_sub_carry_i_75/O
                         net (fo=1, routed)           0.402    63.029    chip_core/mprj/TopLevel/LUT/MAC_Unit/multiplier/Exponent_sub_carry_i_75_n_0
    SLICE_X71Y67         LUT6 (Prop_lut6_I5_O)        0.124    63.153 r  chip_core/mprj/TopLevel/LUT/MAC_Unit/multiplier/Exponent_sub_carry_i_39/O
                         net (fo=1, routed)           0.700    63.853    chip_core/mprj/TopLevel/LUT/MAC_Unit/multiplier/Exponent_sub_carry_i_39_n_0
    SLICE_X60Y67         LUT6 (Prop_lut6_I1_O)        0.124    63.977 r  chip_core/mprj/TopLevel/LUT/MAC_Unit/multiplier/Exponent_sub_carry_i_19/O
                         net (fo=1, routed)           0.408    64.385    chip_core/mprj/TopLevel/LUT/MAC_Unit/multiplier/Exponent_sub_carry_i_19_n_0
    SLICE_X59Y68         LUT2 (Prop_lut2_I1_O)        0.124    64.509 r  chip_core/mprj/TopLevel/LUT/MAC_Unit/multiplier/Exponent_sub_carry_i_8/O
                         net (fo=1, routed)           0.000    64.509    chip_core/mprj/TopLevel/LUT/MAC_Unit/adder/pe/wait_reg[23]_i_7_0[0]
    SLICE_X59Y68         CARRY4 (Prop_carry4_S[0]_O[2])
                                                      0.547    65.056 r  chip_core/mprj/TopLevel/LUT/MAC_Unit/adder/pe/Exponent_sub_carry/O[2]
                         net (fo=1, routed)           0.432    65.488    chip_core/mprj/TopLevel/LUT/MAC_Unit/multiplier/wait_reg[30]_i_3[1]
    SLICE_X58Y69         LUT5 (Prop_lut5_I1_O)        0.302    65.790 r  chip_core/mprj/TopLevel/LUT/MAC_Unit/multiplier/wait_reg[25]_i_6/O
                         net (fo=3, routed)           1.045    66.835    chip_core/mprj/TopLevel/LUT/B_Unit_3/MACresult[20]
    SLICE_X58Y85         LUT6 (Prop_lut6_I5_O)        0.124    66.959 r  chip_core/mprj/TopLevel/LUT/B_Unit_3/wait_reg[25]_i_5/O
                         net (fo=1, routed)           0.680    67.639    chip_core/mprj/TopLevel/LUT/B_Unit_1/wait_reg_reg[25]_0
    SLICE_X58Y85         LUT6 (Prop_lut6_I4_O)        0.124    67.763 r  chip_core/mprj/TopLevel/LUT/B_Unit_1/wait_reg[25]_i_2/O
                         net (fo=2, routed)           2.782    70.544    chip_core/mprj/TopLevel/LUT/B_Unit_1/FSM_onehot_current_state_reg[1]_inv_20
    SLICE_X31Y41         LUT3 (Prop_lut3_I1_O)        0.152    70.696 r  chip_core/mprj/TopLevel/LUT/B_Unit_1/wait_reg[25]_i_1/O
                         net (fo=3, routed)           0.795    71.491    chip_core/soc/core/VexRiscv/IBusCachedPlugin_cache/memory_to_writeBack_MEMORY_READ_DATA[30]_i_2_0[22]
    SLICE_X31Y38         LUT6 (Prop_lut6_I2_O)        0.326    71.817 r  chip_core/soc/core/VexRiscv/IBusCachedPlugin_cache/memory_to_writeBack_MEMORY_READ_DATA[25]_i_5/O
                         net (fo=1, routed)           0.263    72.080    chip_core/soc/core/VexRiscv/IBusCachedPlugin_cache/mprj/wbs_dat_o_user[25]
    SLICE_X31Y38         LUT6 (Prop_lut6_I2_O)        0.124    72.204 r  chip_core/soc/core/VexRiscv/IBusCachedPlugin_cache/memory_to_writeBack_MEMORY_READ_DATA[25]_i_2/O
                         net (fo=1, routed)           0.513    72.717    chip_core/soc/core/VexRiscv/IBusCachedPlugin_cache/memory_to_writeBack_MEMORY_READ_DATA[25]_i_2_n_0
    SLICE_X27Y33         LUT6 (Prop_lut6_I1_O)        0.124    72.841 r  chip_core/soc/core/VexRiscv/IBusCachedPlugin_cache/memory_to_writeBack_MEMORY_READ_DATA[25]_i_1/O
                         net (fo=1, routed)           0.000    72.841    chip_core/soc/core/VexRiscv/shared_dat_r[25]
    SLICE_X27Y33         FDRE                                         r  chip_core/soc/core/VexRiscv/memory_to_writeBack_MEMORY_READ_DATA_reg[25]/D
  -------------------------------------------------------------------    -------------------

                         (clock clock12 rise edge)   83.333    83.333 r  
    E3                                                0.000    83.333 r  clock100 (IN)
                         net (fo=0)                   0.000    83.333    clk_fix/inst/clk_in1
    E3                   IBUF (Prop_ibuf_I_O)         1.411    84.745 r  clk_fix/inst/clkin1_ibufg/O
                         net (fo=1, routed)           1.162    85.906    clk_fix/inst/clk_in1_clk_fix
    MMCME2_ADV_X1Y2      MMCME2_ADV (Prop_mmcme2_adv_CLKIN1_CLKOUT0)
                                                     -7.324    78.583 r  clk_fix/inst/mmcm_adv_inst/CLKOUT0
                         net (fo=1, routed)           1.639    80.222    clk_fix/inst/clk_out1_clk_fix
    BUFGCTRL_X0Y16       BUFG (Prop_bufg_I_O)         0.091    80.313 r  clk_fix/inst/clkout1_buf/O
                         net (fo=14035, routed)       1.681    81.994    chip_core/soc/core/VexRiscv/clk_out1
    SLICE_X27Y33         FDRE                                         r  chip_core/soc/core/VexRiscv/memory_to_writeBack_MEMORY_READ_DATA_reg[25]/C
                         clock pessimism              0.586    82.580    
                         clock uncertainty           -0.176    82.403    
    SLICE_X27Y33         FDRE (Setup_fdre_C_D)        0.029    82.432    chip_core/soc/core/VexRiscv/memory_to_writeBack_MEMORY_READ_DATA_reg[25]
  -------------------------------------------------------------------
                         required time                         82.432    
                         arrival time                         -72.841    
  -------------------------------------------------------------------
                         slack                                  9.591    

Slack (MET) :             9.720ns  (required time - arrival time)
  Source:                 chip_core/soc/core/FSM_onehot_grant_reg[1]/C
                            (rising edge-triggered cell FDRE clocked by clock12  {rise@0.000ns fall@41.667ns period=83.333ns})
  Destination:            chip_core/soc/core/VexRiscv/memory_to_writeBack_MEMORY_READ_DATA_reg[28]/D
                            (rising edge-triggered cell FDRE clocked by clock12  {rise@0.000ns fall@41.667ns period=83.333ns})
  Path Group:             clock12
  Path Type:              Setup (Max at Slow Process Corner)
  Requirement:            83.333ns  (clock12 rise@83.333ns - clock12 rise@0.000ns)
  Data Path Delay:        73.453ns  (logic 22.376ns (30.463%)  route 51.077ns (69.537%))
  Logic Levels:           75  (CARRY4=18 DSP48E1=2 LUT2=7 LUT3=1 LUT4=10 LUT5=10 LUT6=25 MUXF7=1 MUXF8=1)
  Clock Path Skew:        -0.015ns (DCD - SCD + CPR)
    Destination Clock Delay (DCD):    -1.341ns = ( 81.993 - 83.333 ) 
    Source Clock Delay      (SCD):    -0.740ns
    Clock Pessimism Removal (CPR):    0.586ns
  Clock Uncertainty:      0.176ns  ((TSJ^2 + DJ^2)^1/2) / 2 + PE
    Total System Jitter     (TSJ):    0.071ns
    Discrete Jitter          (DJ):    0.346ns
    Phase Error              (PE):    0.000ns

    Location             Delay type                Incr(ns)  Path(ns)    Netlist Resource(s)
  -------------------------------------------------------------------    -------------------
                         (clock clock12 rise edge)    0.000     0.000 r  
    E3                                                0.000     0.000 r  clock100 (IN)
                         net (fo=0)                   0.000     0.000    clk_fix/inst/clk_in1
    E3                   IBUF (Prop_ibuf_I_O)         1.482     1.482 r  clk_fix/inst/clkin1_ibufg/O
                         net (fo=1, routed)           1.233     2.715    clk_fix/inst/clk_in1_clk_fix
    MMCME2_ADV_X1Y2      MMCME2_ADV (Prop_mmcme2_adv_CLKIN1_CLKOUT0)
                                                     -7.070    -4.355 r  clk_fix/inst/mmcm_adv_inst/CLKOUT0
                         net (fo=1, routed)           1.719    -2.636    clk_fix/inst/clk_out1_clk_fix
    BUFGCTRL_X0Y16       BUFG (Prop_bufg_I_O)         0.096    -2.540 r  clk_fix/inst/clkout1_buf/O
                         net (fo=14035, routed)       1.800    -0.740    chip_core/soc/core/clk_out1
    SLICE_X25Y26         FDRE                                         r  chip_core/soc/core/FSM_onehot_grant_reg[1]/C
  -------------------------------------------------------------------    -------------------
    SLICE_X25Y26         FDRE (Prop_fdre_C_Q)         0.419    -0.321 r  chip_core/soc/core/FSM_onehot_grant_reg[1]/Q
                         net (fo=179, routed)         1.329     1.008    chip_core/soc/core/VexRiscv/IBusCachedPlugin_cache/grant_reg[1]
    SLICE_X20Y24         LUT5 (Prop_lut5_I1_O)        0.299     1.307 f  chip_core/soc/core/VexRiscv/IBusCachedPlugin_cache/address_reg[11]_i_3/O
                         net (fo=41, routed)          1.338     2.646    chip_core/soc/core/VexRiscv/IBusCachedPlugin_cache/dbg_uart_address_reg[9]_1
    SLICE_X18Y33         LUT4 (Prop_lut4_I0_O)        0.124     2.770 r  chip_core/soc/core/VexRiscv/IBusCachedPlugin_cache/SevenSegDisplay[31]_i_15/O
                         net (fo=1, routed)           0.669     3.439    chip_core/soc/core/VexRiscv/IBusCachedPlugin_cache/SevenSegDisplay[31]_i_15_n_0
    SLICE_X18Y33         LUT5 (Prop_lut5_I4_O)        0.124     3.563 r  chip_core/soc/core/VexRiscv/IBusCachedPlugin_cache/SevenSegDisplay[31]_i_12/O
                         net (fo=1, routed)           0.455     4.017    chip_core/soc/core/VexRiscv/IBusCachedPlugin_cache/SevenSegDisplay[31]_i_12_n_0
    SLICE_X17Y33         LUT6 (Prop_lut6_I4_O)        0.124     4.141 r  chip_core/soc/core/VexRiscv/IBusCachedPlugin_cache/SevenSegDisplay[31]_i_6/O
                         net (fo=66, routed)          0.853     4.994    chip_core/soc/core/VexRiscv/IBusCachedPlugin_cache/SevenSegDisplay[31]_i_6_n_0
    SLICE_X31Y31         LUT6 (Prop_lut6_I0_O)        0.124     5.118 r  chip_core/soc/core/VexRiscv/IBusCachedPlugin_cache/FSM_onehot_current_state[3]_inv_i_3/O
                         net (fo=93, routed)          1.102     6.221    chip_core/mprj/TopLevel/DMA/u_mm2s/b3_active
    SLICE_X41Y45         LUT6 (Prop_lut6_I1_O)        0.124     6.345 r  chip_core/mprj/TopLevel/DMA/u_mm2s/memory[29][31]_i_12/O
                         net (fo=150, routed)         2.028     8.373    chip_core/mprj/TopLevel/DMA/u_mm2s/FSM_onehot_current_state_reg[1]_inv_4
    SLICE_X41Y75         LUT4 (Prop_lut4_I2_O)        0.154     8.527 f  chip_core/mprj/TopLevel/DMA/u_mm2s/multiregimpl4_regs0_i_262/O
                         net (fo=120, routed)         1.753    10.280    chip_core/mprj/TopLevel/LUT/lut_arb/multiregimpl4_regs0_reg_i_926_7
    SLICE_X32Y60         LUT6 (Prop_lut6_I1_O)        0.327    10.607 r  chip_core/mprj/TopLevel/LUT/lut_arb/multiregimpl4_regs0_i_930/O
                         net (fo=1, routed)           0.662    11.269    chip_core/mprj/TopLevel/LUT/lut_arb/multiregimpl4_regs0_i_930_n_0
    SLICE_X31Y60         CARRY4 (Prop_carry4_DI[0]_CO[3])
                                                      0.526    11.795 r  chip_core/mprj/TopLevel/LUT/lut_arb/multiregimpl4_regs0_reg_i_537/CO[3]
                         net (fo=1, routed)           0.000    11.795    chip_core/mprj/TopLevel/LUT/lut_arb/multiregimpl4_regs0_reg_i_537_n_0
    SLICE_X31Y61         CARRY4 (Prop_carry4_CI_CO[3])
                                                      0.114    11.909 r  chip_core/mprj/TopLevel/LUT/lut_arb/multiregimpl4_regs0_reg_i_271/CO[3]
                         net (fo=1, routed)           1.222    13.131    chip_core/mprj/TopLevel/LUT/lut_arb/indexing_unit/f22/result2
    SLICE_X31Y81         LUT5 (Prop_lut5_I1_O)        0.124    13.255 r  chip_core/mprj/TopLevel/LUT/lut_arb/multiregimpl4_regs0_i_118/O
                         net (fo=1, routed)           0.620    13.875    chip_core/mprj/TopLevel/LUT/lut_arb/multiregimpl4_regs0_i_118_n_0
    SLICE_X31Y82         LUT6 (Prop_lut6_I5_O)        0.124    13.999 r  chip_core/mprj/TopLevel/LUT/lut_arb/multiregimpl4_regs0_i_39/O
                         net (fo=13, routed)          1.255    15.254    chip_core/mprj/TopLevel/LUT/lut_arb/indexing_unit/D[21]_26
    SLICE_X40Y78         LUT4 (Prop_lut4_I2_O)        0.152    15.406 f  chip_core/mprj/TopLevel/LUT/lut_arb/memory[29][31]_i_76/O
                         net (fo=7, routed)           0.893    16.299    chip_core/mprj/TopLevel/LUT/lut_arb/memory[29][31]_i_76_n_0
    SLICE_X44Y78         LUT5 (Prop_lut5_I2_O)        0.352    16.651 f  chip_core/mprj/TopLevel/LUT/lut_arb/memory[29][31]_i_79/O
                         net (fo=1, routed)           1.114    17.765    chip_core/mprj/TopLevel/LUT/lut_arb/memory[29][31]_i_79_n_0
    SLICE_X42Y76         LUT6 (Prop_lut6_I0_O)        0.326    18.091 r  chip_core/mprj/TopLevel/LUT/lut_arb/memory[29][31]_i_36/O
                         net (fo=1, routed)           0.590    18.681    chip_core/mprj/TopLevel/LUT/lut_arb/memory[29][31]_i_36_n_0
    SLICE_X42Y77         LUT6 (Prop_lut6_I4_O)        0.124    18.805 r  chip_core/mprj/TopLevel/LUT/lut_arb/memory[29][31]_i_14/O
                         net (fo=2, routed)           1.151    19.956    chip_core/mprj/TopLevel/LUT/lut_arb/Index[1]
    SLICE_X44Y56         LUT6 (Prop_lut6_I3_O)        0.124    20.080 r  chip_core/mprj/TopLevel/LUT/lut_arb/memory[29][31]_i_3/O
                         net (fo=1123, routed)        2.807    22.886    chip_core/mprj/TopLevel/LUT/M_Unit_3/memory[31][0]_i_4__6_0
    SLICE_X60Y101        LUT6 (Prop_lut6_I4_O)        0.124    23.010 r  chip_core/mprj/TopLevel/LUT/M_Unit_3/memory[31][30]_i_5__6/O
                         net (fo=1, routed)           0.000    23.010    chip_core/mprj/TopLevel/LUT/M_Unit_3/memory[31][30]_i_5__6_n_0
    SLICE_X60Y101        MUXF7 (Prop_muxf7_I0_O)      0.241    23.251 r  chip_core/mprj/TopLevel/LUT/M_Unit_3/memory_reg[31][30]_i_3__1/O
                         net (fo=1, routed)           0.000    23.251    chip_core/mprj/TopLevel/LUT/M_Unit_3/memory_reg[31][30]_i_3__1_n_0
    SLICE_X60Y101        MUXF8 (Prop_muxf8_I0_O)      0.098    23.349 r  chip_core/mprj/TopLevel/LUT/M_Unit_3/memory_reg[31][30]_i_2__6/O
                         net (fo=4, routed)           1.088    24.438    chip_core/mprj/TopLevel/DMA/u_mm2s/memory__1087_2[30]
    SLICE_X60Y85         LUT6 (Prop_lut6_I5_O)        0.319    24.757 r  chip_core/mprj/TopLevel/DMA/u_mm2s/Exponent_carry__0_i_13/O
                         net (fo=1, routed)           0.801    25.558    chip_core/mprj/TopLevel/DMA/u_mm2s/Exponent_carry__0_i_13_n_0
    SLICE_X60Y77         LUT2 (Prop_lut2_I0_O)        0.150    25.708 r  chip_core/mprj/TopLevel/DMA/u_mm2s/Exponent_carry__0_i_9/O
                         net (fo=5, routed)           0.625    26.332    chip_core/mprj/TopLevel/DMA/u_mm2s/address_reg_reg[15]_7
    SLICE_X59Y73         LUT5 (Prop_lut5_I4_O)        0.328    26.660 r  chip_core/mprj/TopLevel/DMA/u_mm2s/Product_i_65/O
                         net (fo=1, routed)           0.407    27.067    chip_core/mprj/TopLevel/DMA/u_mm2s/Product_i_65_n_0
    SLICE_X59Y73         LUT6 (Prop_lut6_I5_O)        0.124    27.191 r  chip_core/mprj/TopLevel/DMA/u_mm2s/Product_i_18/O
                         net (fo=1, routed)           1.164    28.356    chip_core/mprj/TopLevel/LUT/MAC_Unit/multiplier/A[23]
    DSP48_X1Y22          DSP48E1 (Prop_dsp48e1_A[23]_PCOUT[47])
                                                      4.036    32.392 r  chip_core/mprj/TopLevel/LUT/MAC_Unit/multiplier/Product/PCOUT[47]
                         net (fo=1, routed)           0.002    32.394    chip_core/mprj/TopLevel/LUT/MAC_Unit/multiplier/Product_n_106
    DSP48_X1Y23          DSP48E1 (Prop_dsp48e1_PCIN[47]_P[3])
                                                      1.518    33.912 r  chip_core/mprj/TopLevel/LUT/MAC_Unit/multiplier/Product__0/P[3]
                         net (fo=1, routed)           0.744    34.656    chip_core/mprj/TopLevel/LUT/MAC_Unit/multiplier/Product__0_n_102
    SLICE_X57Y56         LUT4 (Prop_lut4_I2_O)        0.124    34.780 r  chip_core/mprj/TopLevel/LUT/MAC_Unit/multiplier/A_swap2_carry_i_49/O
                         net (fo=1, routed)           0.407    35.187    chip_core/mprj/TopLevel/LUT/MAC_Unit/multiplier/A_swap2_carry_i_49_n_0
    SLICE_X57Y56         LUT5 (Prop_lut5_I4_O)        0.124    35.311 r  chip_core/mprj/TopLevel/LUT/MAC_Unit/multiplier/A_swap2_carry_i_48/O
                         net (fo=1, routed)           0.433    35.744    chip_core/mprj/TopLevel/LUT/MAC_Unit/multiplier/A_swap2_carry_i_48_n_0
    SLICE_X57Y56         LUT6 (Prop_lut6_I5_O)        0.124    35.868 r  chip_core/mprj/TopLevel/LUT/MAC_Unit/multiplier/A_swap2_carry_i_45/O
                         net (fo=1, routed)           0.436    36.304    chip_core/mprj/TopLevel/LUT/MAC_Unit/multiplier/A_swap2_carry_i_45_n_0
    SLICE_X57Y57         LUT6 (Prop_lut6_I5_O)        0.124    36.428 r  chip_core/mprj/TopLevel/LUT/MAC_Unit/multiplier/A_swap2_carry_i_43/O
                         net (fo=1, routed)           0.000    36.428    chip_core/mprj/TopLevel/LUT/MAC_Unit/multiplier/A_swap2_carry_i_43_n_0
    SLICE_X57Y57         CARRY4 (Prop_carry4_S[0]_CO[3])
                                                      0.532    36.960 r  chip_core/mprj/TopLevel/LUT/MAC_Unit/multiplier/A_swap2_carry_i_30/CO[3]
                         net (fo=1, routed)           0.000    36.960    chip_core/mprj/TopLevel/LUT/MAC_Unit/multiplier/A_swap2_carry_i_30_n_0
    SLICE_X57Y58         CARRY4 (Prop_carry4_CI_CO[3])
                                                      0.114    37.074 r  chip_core/mprj/TopLevel/LUT/MAC_Unit/multiplier/A_swap2_carry_i_25/CO[3]
                         net (fo=1, routed)           0.000    37.074    chip_core/mprj/TopLevel/LUT/MAC_Unit/multiplier/A_swap2_carry_i_25_n_0
    SLICE_X57Y59         CARRY4 (Prop_carry4_CI_CO[3])
                                                      0.114    37.188 r  chip_core/mprj/TopLevel/LUT/MAC_Unit/multiplier/A_swap2_carry__0_i_30/CO[3]
                         net (fo=1, routed)           0.000    37.188    chip_core/mprj/TopLevel/LUT/MAC_Unit/multiplier/A_swap2_carry__0_i_30_n_0
    SLICE_X57Y60         CARRY4 (Prop_carry4_CI_O[3])
                                                      0.313    37.501 r  chip_core/mprj/TopLevel/LUT/MAC_Unit/multiplier/A_swap2_carry__0_i_25/O[3]
                         net (fo=2, routed)           0.976    38.478    chip_core/mprj/TopLevel/LUT/MAC_Unit/multiplier/Mantissa__0[15]
    SLICE_X58Y62         LUT4 (Prop_lut4_I0_O)        0.328    38.806 r  chip_core/mprj/TopLevel/LUT/MAC_Unit/multiplier/A_swap2_carry__1_i_40/O
                         net (fo=1, routed)           0.718    39.524    chip_core/mprj/TopLevel/LUT/MAC_Unit/multiplier/A_swap2_carry__1_i_40_n_0
    SLICE_X58Y62         LUT6 (Prop_lut6_I2_O)        0.328    39.852 r  chip_core/mprj/TopLevel/LUT/MAC_Unit/multiplier/A_swap2_carry__1_i_28/O
                         net (fo=1, routed)           0.595    40.447    chip_core/mprj/TopLevel/LUT/MAC_Unit/multiplier/A_swap2_carry__1_i_28_n_0
    SLICE_X56Y61         LUT6 (Prop_lut6_I5_O)        0.124    40.571 f  chip_core/mprj/TopLevel/LUT/MAC_Unit/multiplier/A_swap2_carry__1_i_13/O
                         net (fo=40, routed)          1.159    41.730    chip_core/mprj/TopLevel/LUT/MAC_Unit/multiplier/A_swap2_carry__1_i_13_n_0
    SLICE_X60Y69         LUT3 (Prop_lut3_I1_O)        0.150    41.880 f  chip_core/mprj/TopLevel/LUT/MAC_Unit/multiplier/A_swap2_carry__1_i_18/O
                         net (fo=38, routed)          1.476    43.357    chip_core/mprj/TopLevel/LUT/MAC_Unit/multiplier/A_swap2_carry__1_i_18_n_0
    SLICE_X56Y61         LUT2 (Prop_lut2_I1_O)        0.374    43.731 r  chip_core/mprj/TopLevel/LUT/MAC_Unit/multiplier/A_swap2_carry_i_17/O
                         net (fo=4, routed)           0.758    44.488    chip_core/mprj/TopLevel/LUT/MAC_Unit/multiplier/A_swap2_carry_i_17_n_0
    SLICE_X57Y65         LUT4 (Prop_lut4_I2_O)        0.328    44.816 r  chip_core/mprj/TopLevel/LUT/MAC_Unit/multiplier/A_swap2_carry_i_7/O
                         net (fo=1, routed)           0.000    44.816    chip_core/mprj/TopLevel/LUT/MAC_Unit/adder/S[1]
    SLICE_X57Y65         CARRY4 (Prop_carry4_S[1]_CO[3])
                                                      0.550    45.366 r  chip_core/mprj/TopLevel/LUT/MAC_Unit/adder/A_swap2_carry/CO[3]
                         net (fo=1, routed)           0.000    45.366    chip_core/mprj/TopLevel/LUT/MAC_Unit/adder/A_swap2_carry_n_0
    SLICE_X57Y66         CARRY4 (Prop_carry4_CI_CO[3])
                                                      0.114    45.480 r  chip_core/mprj/TopLevel/LUT/MAC_Unit/adder/A_swap2_carry__0/CO[3]
                         net (fo=1, routed)           0.000    45.480    chip_core/mprj/TopLevel/LUT/MAC_Unit/adder/A_swap2_carry__0_n_0
    SLICE_X57Y67         CARRY4 (Prop_carry4_CI_CO[3])
                                                      0.114    45.594 r  chip_core/mprj/TopLevel/LUT/MAC_Unit/adder/A_swap2_carry__1/CO[3]
                         net (fo=1, routed)           0.000    45.594    chip_core/mprj/TopLevel/LUT/MAC_Unit/adder/A_swap2_carry__1_n_0
    SLICE_X57Y68         CARRY4 (Prop_carry4_CI_CO[3])
                                                      0.114    45.708 r  chip_core/mprj/TopLevel/LUT/MAC_Unit/adder/A_swap2_carry__2/CO[3]
                         net (fo=83, routed)          1.252    46.960    chip_core/mprj/TopLevel/LUT/MAC_Unit/multiplier/CO[0]
    SLICE_X62Y72         LUT6 (Prop_lut6_I4_O)        0.124    47.084 r  chip_core/mprj/TopLevel/LUT/MAC_Unit/multiplier/exponent_diff_carry_i_14/O
                         net (fo=5, routed)           0.719    47.803    chip_core/mprj/TopLevel/LUT/MAC_Unit/multiplier/B_Exponent[0]
    SLICE_X62Y68         LUT2 (Prop_lut2_I1_O)        0.124    47.927 r  chip_core/mprj/TopLevel/LUT/MAC_Unit/multiplier/exponent_diff_carry_i_8/O
                         net (fo=1, routed)           0.000    47.927    chip_core/mprj/TopLevel/LUT/MAC_Unit/adder/Exponent_sub_carry_i_69_0[0]
    SLICE_X62Y68         CARRY4 (Prop_carry4_S[0]_CO[3])
                                                      0.513    48.440 r  chip_core/mprj/TopLevel/LUT/MAC_Unit/adder/exponent_diff_carry/CO[3]
                         net (fo=1, routed)           0.000    48.440    chip_core/mprj/TopLevel/LUT/MAC_Unit/adder/exponent_diff_carry_n_0
    SLICE_X62Y69         CARRY4 (Prop_carry4_CI_O[0])
                                                      0.219    48.659 r  chip_core/mprj/TopLevel/LUT/MAC_Unit/adder/exponent_diff_carry__0/O[0]
                         net (fo=41, routed)          0.692    49.351    chip_core/mprj/TopLevel/LUT/MAC_Unit/multiplier/p_1_in[4]
    SLICE_X63Y71         LUT2 (Prop_lut2_I1_O)        0.295    49.646 r  chip_core/mprj/TopLevel/LUT/MAC_Unit/multiplier/B_Exponent_shifted_carry__0_i_7/O
                         net (fo=1, routed)           0.000    49.646    chip_core/mprj/TopLevel/LUT/MAC_Unit/adder/wait_reg[21]_i_40[0]
    SLICE_X63Y71         CARRY4 (Prop_carry4_S[0]_O[3])
                                                      0.606    50.252 r  chip_core/mprj/TopLevel/LUT/MAC_Unit/adder/B_Exponent_shifted_carry__0/O[3]
                         net (fo=1, routed)           0.585    50.837    chip_core/mprj/TopLevel/LUT/MAC_Unit/multiplier/B_Exponent_shifted[7]
    SLICE_X65Y71         LUT4 (Prop_lut4_I1_O)        0.306    51.143 f  chip_core/mprj/TopLevel/LUT/MAC_Unit/multiplier/Exponent_sub_carry_i_41/O
                         net (fo=76, routed)          1.819    52.962    chip_core/mprj/TopLevel/LUT/MAC_Unit/multiplier/Exponent_sub_carry_i_41_n_0
    SLICE_X79Y65         LUT4 (Prop_lut4_I0_O)        0.124    53.086 f  chip_core/mprj/TopLevel/LUT/MAC_Unit/multiplier/Exponent_sub_carry_i_38/O
                         net (fo=88, routed)          1.174    54.260    chip_core/mprj/TopLevel/DMA/u_mm2s/Exponent_sub_carry_i_68
    SLICE_X69Y62         LUT2 (Prop_lut2_I1_O)        0.124    54.384 r  chip_core/mprj/TopLevel/DMA/u_mm2s/Exponent_sub_carry_i_89/O
                         net (fo=26, routed)          0.790    55.174    chip_core/mprj/TopLevel/LUT/MAC_Unit/multiplier/Exponent_sub_carry_i_32_1
    SLICE_X64Y66         LUT4 (Prop_lut4_I0_O)        0.124    55.298 r  chip_core/mprj/TopLevel/LUT/MAC_Unit/multiplier/Exponent_sub_carry_i_118/O
                         net (fo=23, routed)          0.667    55.965    chip_core/mprj/TopLevel/LUT/MAC_Unit/multiplier/exponent_diff_carry__0
    SLICE_X63Y63         LUT5 (Prop_lut5_I4_O)        0.124    56.089 r  chip_core/mprj/TopLevel/LUT/MAC_Unit/multiplier/Exponent_sub_carry_i_92/O
                         net (fo=1, routed)           0.000    56.089    chip_core/mprj/TopLevel/LUT/MAC_Unit/multiplier/Exponent_sub_carry_i_92_n_0
    SLICE_X63Y63         CARRY4 (Prop_carry4_S[1]_O[3])
                                                      0.640    56.729 r  chip_core/mprj/TopLevel/LUT/MAC_Unit/multiplier/Exponent_sub_carry_i_50/O[3]
                         net (fo=2, routed)           0.722    57.450    chip_core/mprj/TopLevel/LUT/MAC_Unit/adder/Exponent_sub_carry_i_17_0[3]
    SLICE_X61Y63         LUT2 (Prop_lut2_I1_O)        0.306    57.756 r  chip_core/mprj/TopLevel/LUT/MAC_Unit/adder/Exponent_sub_carry_i_51/O
                         net (fo=1, routed)           0.000    57.756    chip_core/mprj/TopLevel/LUT/MAC_Unit/multiplier/wait_reg[1]_i_6_0[3]
    SLICE_X61Y63         CARRY4 (Prop_carry4_S[3]_CO[3])
                                                      0.401    58.157 r  chip_core/mprj/TopLevel/LUT/MAC_Unit/multiplier/Exponent_sub_carry_i_25/CO[3]
                         net (fo=1, routed)           0.000    58.157    chip_core/mprj/TopLevel/LUT/MAC_Unit/multiplier/Exponent_sub_carry_i_25_n_0
    SLICE_X61Y64         CARRY4 (Prop_carry4_CI_O[1])
                                                      0.334    58.491 r  chip_core/mprj/TopLevel/LUT/MAC_Unit/multiplier/Exponent_sub_carry_i_26/O[1]
                         net (fo=27, routed)          1.178    59.670    chip_core/mprj/TopLevel/LUT/MAC_Unit/multiplier/Mantissa_sub0[5]
    SLICE_X65Y64         LUT4 (Prop_lut4_I1_O)        0.331    60.001 f  chip_core/mprj/TopLevel/LUT/MAC_Unit/multiplier/Exponent_sub_carry_i_189/O
                         net (fo=1, routed)           0.626    60.627    chip_core/mprj/TopLevel/LUT/MAC_Unit/multiplier/Exponent_sub_carry_i_189_n_0
    SLICE_X69Y64         LUT6 (Prop_lut6_I2_O)        0.332    60.959 r  chip_core/mprj/TopLevel/LUT/MAC_Unit/multiplier/Exponent_sub_carry_i_154/O
                         net (fo=1, routed)           0.927    61.885    chip_core/mprj/TopLevel/LUT/MAC_Unit/multiplier/Exponent_sub_carry_i_154_n_0
    SLICE_X70Y66         LUT6 (Prop_lut6_I0_O)        0.124    62.009 r  chip_core/mprj/TopLevel/LUT/MAC_Unit/multiplier/Exponent_sub_carry_i_124/O
                         net (fo=1, routed)           0.493    62.503    chip_core/mprj/TopLevel/LUT/MAC_Unit/multiplier/Exponent_sub_carry_i_124_n_0
    SLICE_X71Y66         LUT6 (Prop_lut6_I0_O)        0.124    62.627 r  chip_core/mprj/TopLevel/LUT/MAC_Unit/multiplier/Exponent_sub_carry_i_75/O
                         net (fo=1, routed)           0.402    63.029    chip_core/mprj/TopLevel/LUT/MAC_Unit/multiplier/Exponent_sub_carry_i_75_n_0
    SLICE_X71Y67         LUT6 (Prop_lut6_I5_O)        0.124    63.153 r  chip_core/mprj/TopLevel/LUT/MAC_Unit/multiplier/Exponent_sub_carry_i_39/O
                         net (fo=1, routed)           0.700    63.853    chip_core/mprj/TopLevel/LUT/MAC_Unit/multiplier/Exponent_sub_carry_i_39_n_0
    SLICE_X60Y67         LUT6 (Prop_lut6_I1_O)        0.124    63.977 r  chip_core/mprj/TopLevel/LUT/MAC_Unit/multiplier/Exponent_sub_carry_i_19/O
                         net (fo=1, routed)           0.408    64.385    chip_core/mprj/TopLevel/LUT/MAC_Unit/multiplier/Exponent_sub_carry_i_19_n_0
    SLICE_X59Y68         LUT2 (Prop_lut2_I1_O)        0.124    64.509 r  chip_core/mprj/TopLevel/LUT/MAC_Unit/multiplier/Exponent_sub_carry_i_8/O
                         net (fo=1, routed)           0.000    64.509    chip_core/mprj/TopLevel/LUT/MAC_Unit/adder/pe/wait_reg[23]_i_7_0[0]
    SLICE_X59Y68         CARRY4 (Prop_carry4_S[0]_CO[3])
                                                      0.532    65.041 r  chip_core/mprj/TopLevel/LUT/MAC_Unit/adder/pe/Exponent_sub_carry/CO[3]
                         net (fo=1, routed)           0.000    65.041    chip_core/mprj/TopLevel/LUT/MAC_Unit/adder/pe/Exponent_sub_carry_n_0
    SLICE_X59Y69         CARRY4 (Prop_carry4_CI_O[1])
                                                      0.334    65.375 r  chip_core/mprj/TopLevel/LUT/MAC_Unit/adder/pe/Exponent_sub_carry__0/O[1]
                         net (fo=1, routed)           0.566    65.941    chip_core/mprj/TopLevel/LUT/MAC_Unit/multiplier/wait_reg[30]_i_3[4]
    SLICE_X60Y71         LUT5 (Prop_lut5_I1_O)        0.303    66.244 r  chip_core/mprj/TopLevel/LUT/MAC_Unit/multiplier/wait_reg[28]_i_6/O
                         net (fo=3, routed)           0.845    67.089    chip_core/mprj/TopLevel/LUT/B_Unit_3/MACresult[23]
    SLICE_X62Y83         LUT6 (Prop_lut6_I5_O)        0.124    67.213 r  chip_core/mprj/TopLevel/LUT/B_Unit_3/wait_reg[28]_i_5/O
                         net (fo=1, routed)           0.680    67.893    chip_core/mprj/TopLevel/LUT/B_Unit_1/wait_reg_reg[28]_0
    SLICE_X62Y83         LUT6 (Prop_lut6_I4_O)        0.124    68.017 r  chip_core/mprj/TopLevel/LUT/B_Unit_1/wait_reg[28]_i_2/O
                         net (fo=3, routed)           2.167    70.185    chip_core/mprj/TopLevel/LUT/lut_arb/dataOut_reg_reg[28]_0
    SLICE_X36Y45         LUT5 (Prop_lut5_I1_O)        0.124    70.309 r  chip_core/mprj/TopLevel/LUT/lut_arb/sreg[28]_i_10/O
                         net (fo=2, routed)           0.807    71.115    chip_core/soc/core/VexRiscv/IBusCachedPlugin_cache/memory_to_writeBack_MEMORY_READ_DATA[31]_i_4_1[22]
    SLICE_X36Y37         LUT6 (Prop_lut6_I2_O)        0.124    71.239 r  chip_core/soc/core/VexRiscv/IBusCachedPlugin_cache/memory_to_writeBack_MEMORY_READ_DATA[28]_i_4/O
                         net (fo=2, routed)           0.640    71.880    chip_core/soc/core/VexRiscv/IBusCachedPlugin_cache/wbs_dat_o_reg[30][14]
    SLICE_X33Y32         LUT6 (Prop_lut6_I4_O)        0.124    72.004 r  chip_core/soc/core/VexRiscv/IBusCachedPlugin_cache/memory_to_writeBack_MEMORY_READ_DATA[28]_i_2/O
                         net (fo=1, routed)           0.586    72.590    chip_core/soc/core/VexRiscv/IBusCachedPlugin_cache/memory_to_writeBack_MEMORY_READ_DATA[28]_i_2_n_0
    SLICE_X27Y32         LUT5 (Prop_lut5_I1_O)        0.124    72.714 r  chip_core/soc/core/VexRiscv/IBusCachedPlugin_cache/memory_to_writeBack_MEMORY_READ_DATA[28]_i_1/O
                         net (fo=1, routed)           0.000    72.714    chip_core/soc/core/VexRiscv/shared_dat_r[28]
    SLICE_X27Y32         FDRE                                         r  chip_core/soc/core/VexRiscv/memory_to_writeBack_MEMORY_READ_DATA_reg[28]/D
  -------------------------------------------------------------------    -------------------

                         (clock clock12 rise edge)   83.333    83.333 r  
    E3                                                0.000    83.333 r  clock100 (IN)
                         net (fo=0)                   0.000    83.333    clk_fix/inst/clk_in1
    E3                   IBUF (Prop_ibuf_I_O)         1.411    84.745 r  clk_fix/inst/clkin1_ibufg/O
                         net (fo=1, routed)           1.162    85.906    clk_fix/inst/clk_in1_clk_fix
    MMCME2_ADV_X1Y2      MMCME2_ADV (Prop_mmcme2_adv_CLKIN1_CLKOUT0)
                                                     -7.324    78.583 r  clk_fix/inst/mmcm_adv_inst/CLKOUT0
                         net (fo=1, routed)           1.639    80.222    clk_fix/inst/clk_out1_clk_fix
    BUFGCTRL_X0Y16       BUFG (Prop_bufg_I_O)         0.091    80.313 r  clk_fix/inst/clkout1_buf/O
                         net (fo=14035, routed)       1.680    81.993    chip_core/soc/core/VexRiscv/clk_out1
    SLICE_X27Y32         FDRE                                         r  chip_core/soc/core/VexRiscv/memory_to_writeBack_MEMORY_READ_DATA_reg[28]/C
                         clock pessimism              0.586    82.579    
                         clock uncertainty           -0.176    82.402    
    SLICE_X27Y32         FDRE (Setup_fdre_C_D)        0.031    82.433    chip_core/soc/core/VexRiscv/memory_to_writeBack_MEMORY_READ_DATA_reg[28]
  -------------------------------------------------------------------
                         required time                         82.433    
                         arrival time                         -72.714    
  -------------------------------------------------------------------
                         slack                                  9.720    

Slack (MET) :             9.782ns  (required time - arrival time)
  Source:                 chip_core/soc/core/FSM_onehot_grant_reg[1]/C
                            (rising edge-triggered cell FDRE clocked by clock12  {rise@0.000ns fall@41.667ns period=83.333ns})
  Destination:            chip_core/soc/core/VexRiscv/memory_to_writeBack_MEMORY_READ_DATA_reg[29]/D
                            (rising edge-triggered cell FDRE clocked by clock12  {rise@0.000ns fall@41.667ns period=83.333ns})
  Path Group:             clock12
  Path Type:              Setup (Max at Slow Process Corner)
  Requirement:            83.333ns  (clock12 rise@83.333ns - clock12 rise@0.000ns)
  Data Path Delay:        73.392ns  (logic 22.508ns (30.668%)  route 50.884ns (69.332%))
  Logic Levels:           75  (CARRY4=18 DSP48E1=2 LUT2=7 LUT3=2 LUT4=10 LUT5=8 LUT6=26 MUXF7=1 MUXF8=1)
  Clock Path Skew:        -0.014ns (DCD - SCD + CPR)
    Destination Clock Delay (DCD):    -1.340ns = ( 81.994 - 83.333 ) 
    Source Clock Delay      (SCD):    -0.740ns
    Clock Pessimism Removal (CPR):    0.586ns
  Clock Uncertainty:      0.176ns  ((TSJ^2 + DJ^2)^1/2) / 2 + PE
    Total System Jitter     (TSJ):    0.071ns
    Discrete Jitter          (DJ):    0.346ns
    Phase Error              (PE):    0.000ns

    Location             Delay type                Incr(ns)  Path(ns)    Netlist Resource(s)
  -------------------------------------------------------------------    -------------------
                         (clock clock12 rise edge)    0.000     0.000 r  
    E3                                                0.000     0.000 r  clock100 (IN)
                         net (fo=0)                   0.000     0.000    clk_fix/inst/clk_in1
    E3                   IBUF (Prop_ibuf_I_O)         1.482     1.482 r  clk_fix/inst/clkin1_ibufg/O
                         net (fo=1, routed)           1.233     2.715    clk_fix/inst/clk_in1_clk_fix
    MMCME2_ADV_X1Y2      MMCME2_ADV (Prop_mmcme2_adv_CLKIN1_CLKOUT0)
                                                     -7.070    -4.355 r  clk_fix/inst/mmcm_adv_inst/CLKOUT0
                         net (fo=1, routed)           1.719    -2.636    clk_fix/inst/clk_out1_clk_fix
    BUFGCTRL_X0Y16       BUFG (Prop_bufg_I_O)         0.096    -2.540 r  clk_fix/inst/clkout1_buf/O
                         net (fo=14035, routed)       1.800    -0.740    chip_core/soc/core/clk_out1
    SLICE_X25Y26         FDRE                                         r  chip_core/soc/core/FSM_onehot_grant_reg[1]/C
  -------------------------------------------------------------------    -------------------
    SLICE_X25Y26         FDRE (Prop_fdre_C_Q)         0.419    -0.321 r  chip_core/soc/core/FSM_onehot_grant_reg[1]/Q
                         net (fo=179, routed)         1.329     1.008    chip_core/soc/core/VexRiscv/IBusCachedPlugin_cache/grant_reg[1]
    SLICE_X20Y24         LUT5 (Prop_lut5_I1_O)        0.299     1.307 f  chip_core/soc/core/VexRiscv/IBusCachedPlugin_cache/address_reg[11]_i_3/O
                         net (fo=41, routed)          1.338     2.646    chip_core/soc/core/VexRiscv/IBusCachedPlugin_cache/dbg_uart_address_reg[9]_1
    SLICE_X18Y33         LUT4 (Prop_lut4_I0_O)        0.124     2.770 r  chip_core/soc/core/VexRiscv/IBusCachedPlugin_cache/SevenSegDisplay[31]_i_15/O
                         net (fo=1, routed)           0.669     3.439    chip_core/soc/core/VexRiscv/IBusCachedPlugin_cache/SevenSegDisplay[31]_i_15_n_0
    SLICE_X18Y33         LUT5 (Prop_lut5_I4_O)        0.124     3.563 r  chip_core/soc/core/VexRiscv/IBusCachedPlugin_cache/SevenSegDisplay[31]_i_12/O
                         net (fo=1, routed)           0.455     4.017    chip_core/soc/core/VexRiscv/IBusCachedPlugin_cache/SevenSegDisplay[31]_i_12_n_0
    SLICE_X17Y33         LUT6 (Prop_lut6_I4_O)        0.124     4.141 r  chip_core/soc/core/VexRiscv/IBusCachedPlugin_cache/SevenSegDisplay[31]_i_6/O
                         net (fo=66, routed)          0.853     4.994    chip_core/soc/core/VexRiscv/IBusCachedPlugin_cache/SevenSegDisplay[31]_i_6_n_0
    SLICE_X31Y31         LUT6 (Prop_lut6_I0_O)        0.124     5.118 r  chip_core/soc/core/VexRiscv/IBusCachedPlugin_cache/FSM_onehot_current_state[3]_inv_i_3/O
                         net (fo=93, routed)          1.102     6.221    chip_core/mprj/TopLevel/DMA/u_mm2s/b3_active
    SLICE_X41Y45         LUT6 (Prop_lut6_I1_O)        0.124     6.345 r  chip_core/mprj/TopLevel/DMA/u_mm2s/memory[29][31]_i_12/O
                         net (fo=150, routed)         2.028     8.373    chip_core/mprj/TopLevel/DMA/u_mm2s/FSM_onehot_current_state_reg[1]_inv_4
    SLICE_X41Y75         LUT4 (Prop_lut4_I2_O)        0.154     8.527 f  chip_core/mprj/TopLevel/DMA/u_mm2s/multiregimpl4_regs0_i_262/O
                         net (fo=120, routed)         1.753    10.280    chip_core/mprj/TopLevel/LUT/lut_arb/multiregimpl4_regs0_reg_i_926_7
    SLICE_X32Y60         LUT6 (Prop_lut6_I1_O)        0.327    10.607 r  chip_core/mprj/TopLevel/LUT/lut_arb/multiregimpl4_regs0_i_930/O
                         net (fo=1, routed)           0.662    11.269    chip_core/mprj/TopLevel/LUT/lut_arb/multiregimpl4_regs0_i_930_n_0
    SLICE_X31Y60         CARRY4 (Prop_carry4_DI[0]_CO[3])
                                                      0.526    11.795 r  chip_core/mprj/TopLevel/LUT/lut_arb/multiregimpl4_regs0_reg_i_537/CO[3]
                         net (fo=1, routed)           0.000    11.795    chip_core/mprj/TopLevel/LUT/lut_arb/multiregimpl4_regs0_reg_i_537_n_0
    SLICE_X31Y61         CARRY4 (Prop_carry4_CI_CO[3])
                                                      0.114    11.909 r  chip_core/mprj/TopLevel/LUT/lut_arb/multiregimpl4_regs0_reg_i_271/CO[3]
                         net (fo=1, routed)           1.222    13.131    chip_core/mprj/TopLevel/LUT/lut_arb/indexing_unit/f22/result2
    SLICE_X31Y81         LUT5 (Prop_lut5_I1_O)        0.124    13.255 r  chip_core/mprj/TopLevel/LUT/lut_arb/multiregimpl4_regs0_i_118/O
                         net (fo=1, routed)           0.620    13.875    chip_core/mprj/TopLevel/LUT/lut_arb/multiregimpl4_regs0_i_118_n_0
    SLICE_X31Y82         LUT6 (Prop_lut6_I5_O)        0.124    13.999 r  chip_core/mprj/TopLevel/LUT/lut_arb/multiregimpl4_regs0_i_39/O
                         net (fo=13, routed)          1.255    15.254    chip_core/mprj/TopLevel/LUT/lut_arb/indexing_unit/D[21]_26
    SLICE_X40Y78         LUT4 (Prop_lut4_I2_O)        0.152    15.406 f  chip_core/mprj/TopLevel/LUT/lut_arb/memory[29][31]_i_76/O
                         net (fo=7, routed)           0.893    16.299    chip_core/mprj/TopLevel/LUT/lut_arb/memory[29][31]_i_76_n_0
    SLICE_X44Y78         LUT5 (Prop_lut5_I2_O)        0.352    16.651 f  chip_core/mprj/TopLevel/LUT/lut_arb/memory[29][31]_i_79/O
                         net (fo=1, routed)           1.114    17.765    chip_core/mprj/TopLevel/LUT/lut_arb/memory[29][31]_i_79_n_0
    SLICE_X42Y76         LUT6 (Prop_lut6_I0_O)        0.326    18.091 r  chip_core/mprj/TopLevel/LUT/lut_arb/memory[29][31]_i_36/O
                         net (fo=1, routed)           0.590    18.681    chip_core/mprj/TopLevel/LUT/lut_arb/memory[29][31]_i_36_n_0
    SLICE_X42Y77         LUT6 (Prop_lut6_I4_O)        0.124    18.805 r  chip_core/mprj/TopLevel/LUT/lut_arb/memory[29][31]_i_14/O
                         net (fo=2, routed)           1.151    19.956    chip_core/mprj/TopLevel/LUT/lut_arb/Index[1]
    SLICE_X44Y56         LUT6 (Prop_lut6_I3_O)        0.124    20.080 r  chip_core/mprj/TopLevel/LUT/lut_arb/memory[29][31]_i_3/O
                         net (fo=1123, routed)        2.807    22.886    chip_core/mprj/TopLevel/LUT/M_Unit_3/memory[31][0]_i_4__6_0
    SLICE_X60Y101        LUT6 (Prop_lut6_I4_O)        0.124    23.010 r  chip_core/mprj/TopLevel/LUT/M_Unit_3/memory[31][30]_i_5__6/O
                         net (fo=1, routed)           0.000    23.010    chip_core/mprj/TopLevel/LUT/M_Unit_3/memory[31][30]_i_5__6_n_0
    SLICE_X60Y101        MUXF7 (Prop_muxf7_I0_O)      0.241    23.251 r  chip_core/mprj/TopLevel/LUT/M_Unit_3/memory_reg[31][30]_i_3__1/O
                         net (fo=1, routed)           0.000    23.251    chip_core/mprj/TopLevel/LUT/M_Unit_3/memory_reg[31][30]_i_3__1_n_0
    SLICE_X60Y101        MUXF8 (Prop_muxf8_I0_O)      0.098    23.349 r  chip_core/mprj/TopLevel/LUT/M_Unit_3/memory_reg[31][30]_i_2__6/O
                         net (fo=4, routed)           1.088    24.438    chip_core/mprj/TopLevel/DMA/u_mm2s/memory__1087_2[30]
    SLICE_X60Y85         LUT6 (Prop_lut6_I5_O)        0.319    24.757 r  chip_core/mprj/TopLevel/DMA/u_mm2s/Exponent_carry__0_i_13/O
                         net (fo=1, routed)           0.801    25.558    chip_core/mprj/TopLevel/DMA/u_mm2s/Exponent_carry__0_i_13_n_0
    SLICE_X60Y77         LUT2 (Prop_lut2_I0_O)        0.150    25.708 r  chip_core/mprj/TopLevel/DMA/u_mm2s/Exponent_carry__0_i_9/O
                         net (fo=5, routed)           0.625    26.332    chip_core/mprj/TopLevel/DMA/u_mm2s/address_reg_reg[15]_7
    SLICE_X59Y73         LUT5 (Prop_lut5_I4_O)        0.328    26.660 r  chip_core/mprj/TopLevel/DMA/u_mm2s/Product_i_65/O
                         net (fo=1, routed)           0.407    27.067    chip_core/mprj/TopLevel/DMA/u_mm2s/Product_i_65_n_0
    SLICE_X59Y73         LUT6 (Prop_lut6_I5_O)        0.124    27.191 r  chip_core/mprj/TopLevel/DMA/u_mm2s/Product_i_18/O
                         net (fo=1, routed)           1.164    28.356    chip_core/mprj/TopLevel/LUT/MAC_Unit/multiplier/A[23]
    DSP48_X1Y22          DSP48E1 (Prop_dsp48e1_A[23]_PCOUT[47])
                                                      4.036    32.392 r  chip_core/mprj/TopLevel/LUT/MAC_Unit/multiplier/Product/PCOUT[47]
                         net (fo=1, routed)           0.002    32.394    chip_core/mprj/TopLevel/LUT/MAC_Unit/multiplier/Product_n_106
    DSP48_X1Y23          DSP48E1 (Prop_dsp48e1_PCIN[47]_P[3])
                                                      1.518    33.912 r  chip_core/mprj/TopLevel/LUT/MAC_Unit/multiplier/Product__0/P[3]
                         net (fo=1, routed)           0.744    34.656    chip_core/mprj/TopLevel/LUT/MAC_Unit/multiplier/Product__0_n_102
    SLICE_X57Y56         LUT4 (Prop_lut4_I2_O)        0.124    34.780 r  chip_core/mprj/TopLevel/LUT/MAC_Unit/multiplier/A_swap2_carry_i_49/O
                         net (fo=1, routed)           0.407    35.187    chip_core/mprj/TopLevel/LUT/MAC_Unit/multiplier/A_swap2_carry_i_49_n_0
    SLICE_X57Y56         LUT5 (Prop_lut5_I4_O)        0.124    35.311 r  chip_core/mprj/TopLevel/LUT/MAC_Unit/multiplier/A_swap2_carry_i_48/O
                         net (fo=1, routed)           0.433    35.744    chip_core/mprj/TopLevel/LUT/MAC_Unit/multiplier/A_swap2_carry_i_48_n_0
    SLICE_X57Y56         LUT6 (Prop_lut6_I5_O)        0.124    35.868 r  chip_core/mprj/TopLevel/LUT/MAC_Unit/multiplier/A_swap2_carry_i_45/O
                         net (fo=1, routed)           0.436    36.304    chip_core/mprj/TopLevel/LUT/MAC_Unit/multiplier/A_swap2_carry_i_45_n_0
    SLICE_X57Y57         LUT6 (Prop_lut6_I5_O)        0.124    36.428 r  chip_core/mprj/TopLevel/LUT/MAC_Unit/multiplier/A_swap2_carry_i_43/O
                         net (fo=1, routed)           0.000    36.428    chip_core/mprj/TopLevel/LUT/MAC_Unit/multiplier/A_swap2_carry_i_43_n_0
    SLICE_X57Y57         CARRY4 (Prop_carry4_S[0]_CO[3])
                                                      0.532    36.960 r  chip_core/mprj/TopLevel/LUT/MAC_Unit/multiplier/A_swap2_carry_i_30/CO[3]
                         net (fo=1, routed)           0.000    36.960    chip_core/mprj/TopLevel/LUT/MAC_Unit/multiplier/A_swap2_carry_i_30_n_0
    SLICE_X57Y58         CARRY4 (Prop_carry4_CI_CO[3])
                                                      0.114    37.074 r  chip_core/mprj/TopLevel/LUT/MAC_Unit/multiplier/A_swap2_carry_i_25/CO[3]
                         net (fo=1, routed)           0.000    37.074    chip_core/mprj/TopLevel/LUT/MAC_Unit/multiplier/A_swap2_carry_i_25_n_0
    SLICE_X57Y59         CARRY4 (Prop_carry4_CI_CO[3])
                                                      0.114    37.188 r  chip_core/mprj/TopLevel/LUT/MAC_Unit/multiplier/A_swap2_carry__0_i_30/CO[3]
                         net (fo=1, routed)           0.000    37.188    chip_core/mprj/TopLevel/LUT/MAC_Unit/multiplier/A_swap2_carry__0_i_30_n_0
    SLICE_X57Y60         CARRY4 (Prop_carry4_CI_O[3])
                                                      0.313    37.501 r  chip_core/mprj/TopLevel/LUT/MAC_Unit/multiplier/A_swap2_carry__0_i_25/O[3]
                         net (fo=2, routed)           0.976    38.478    chip_core/mprj/TopLevel/LUT/MAC_Unit/multiplier/Mantissa__0[15]
    SLICE_X58Y62         LUT4 (Prop_lut4_I0_O)        0.328    38.806 r  chip_core/mprj/TopLevel/LUT/MAC_Unit/multiplier/A_swap2_carry__1_i_40/O
                         net (fo=1, routed)           0.718    39.524    chip_core/mprj/TopLevel/LUT/MAC_Unit/multiplier/A_swap2_carry__1_i_40_n_0
    SLICE_X58Y62         LUT6 (Prop_lut6_I2_O)        0.328    39.852 r  chip_core/mprj/TopLevel/LUT/MAC_Unit/multiplier/A_swap2_carry__1_i_28/O
                         net (fo=1, routed)           0.595    40.447    chip_core/mprj/TopLevel/LUT/MAC_Unit/multiplier/A_swap2_carry__1_i_28_n_0
    SLICE_X56Y61         LUT6 (Prop_lut6_I5_O)        0.124    40.571 f  chip_core/mprj/TopLevel/LUT/MAC_Unit/multiplier/A_swap2_carry__1_i_13/O
                         net (fo=40, routed)          1.159    41.730    chip_core/mprj/TopLevel/LUT/MAC_Unit/multiplier/A_swap2_carry__1_i_13_n_0
    SLICE_X60Y69         LUT3 (Prop_lut3_I1_O)        0.150    41.880 f  chip_core/mprj/TopLevel/LUT/MAC_Unit/multiplier/A_swap2_carry__1_i_18/O
                         net (fo=38, routed)          1.476    43.357    chip_core/mprj/TopLevel/LUT/MAC_Unit/multiplier/A_swap2_carry__1_i_18_n_0
    SLICE_X56Y61         LUT2 (Prop_lut2_I1_O)        0.374    43.731 r  chip_core/mprj/TopLevel/LUT/MAC_Unit/multiplier/A_swap2_carry_i_17/O
                         net (fo=4, routed)           0.758    44.488    chip_core/mprj/TopLevel/LUT/MAC_Unit/multiplier/A_swap2_carry_i_17_n_0
    SLICE_X57Y65         LUT4 (Prop_lut4_I2_O)        0.328    44.816 r  chip_core/mprj/TopLevel/LUT/MAC_Unit/multiplier/A_swap2_carry_i_7/O
                         net (fo=1, routed)           0.000    44.816    chip_core/mprj/TopLevel/LUT/MAC_Unit/adder/S[1]
    SLICE_X57Y65         CARRY4 (Prop_carry4_S[1]_CO[3])
                                                      0.550    45.366 r  chip_core/mprj/TopLevel/LUT/MAC_Unit/adder/A_swap2_carry/CO[3]
                         net (fo=1, routed)           0.000    45.366    chip_core/mprj/TopLevel/LUT/MAC_Unit/adder/A_swap2_carry_n_0
    SLICE_X57Y66         CARRY4 (Prop_carry4_CI_CO[3])
                                                      0.114    45.480 r  chip_core/mprj/TopLevel/LUT/MAC_Unit/adder/A_swap2_carry__0/CO[3]
                         net (fo=1, routed)           0.000    45.480    chip_core/mprj/TopLevel/LUT/MAC_Unit/adder/A_swap2_carry__0_n_0
    SLICE_X57Y67         CARRY4 (Prop_carry4_CI_CO[3])
                                                      0.114    45.594 r  chip_core/mprj/TopLevel/LUT/MAC_Unit/adder/A_swap2_carry__1/CO[3]
                         net (fo=1, routed)           0.000    45.594    chip_core/mprj/TopLevel/LUT/MAC_Unit/adder/A_swap2_carry__1_n_0
    SLICE_X57Y68         CARRY4 (Prop_carry4_CI_CO[3])
                                                      0.114    45.708 r  chip_core/mprj/TopLevel/LUT/MAC_Unit/adder/A_swap2_carry__2/CO[3]
                         net (fo=83, routed)          1.252    46.960    chip_core/mprj/TopLevel/LUT/MAC_Unit/multiplier/CO[0]
    SLICE_X62Y72         LUT6 (Prop_lut6_I4_O)        0.124    47.084 r  chip_core/mprj/TopLevel/LUT/MAC_Unit/multiplier/exponent_diff_carry_i_14/O
                         net (fo=5, routed)           0.719    47.803    chip_core/mprj/TopLevel/LUT/MAC_Unit/multiplier/B_Exponent[0]
    SLICE_X62Y68         LUT2 (Prop_lut2_I1_O)        0.124    47.927 r  chip_core/mprj/TopLevel/LUT/MAC_Unit/multiplier/exponent_diff_carry_i_8/O
                         net (fo=1, routed)           0.000    47.927    chip_core/mprj/TopLevel/LUT/MAC_Unit/adder/Exponent_sub_carry_i_69_0[0]
    SLICE_X62Y68         CARRY4 (Prop_carry4_S[0]_CO[3])
                                                      0.513    48.440 r  chip_core/mprj/TopLevel/LUT/MAC_Unit/adder/exponent_diff_carry/CO[3]
                         net (fo=1, routed)           0.000    48.440    chip_core/mprj/TopLevel/LUT/MAC_Unit/adder/exponent_diff_carry_n_0
    SLICE_X62Y69         CARRY4 (Prop_carry4_CI_O[0])
                                                      0.219    48.659 r  chip_core/mprj/TopLevel/LUT/MAC_Unit/adder/exponent_diff_carry__0/O[0]
                         net (fo=41, routed)          0.692    49.351    chip_core/mprj/TopLevel/LUT/MAC_Unit/multiplier/p_1_in[4]
    SLICE_X63Y71         LUT2 (Prop_lut2_I1_O)        0.295    49.646 r  chip_core/mprj/TopLevel/LUT/MAC_Unit/multiplier/B_Exponent_shifted_carry__0_i_7/O
                         net (fo=1, routed)           0.000    49.646    chip_core/mprj/TopLevel/LUT/MAC_Unit/adder/wait_reg[21]_i_40[0]
    SLICE_X63Y71         CARRY4 (Prop_carry4_S[0]_O[3])
                                                      0.606    50.252 r  chip_core/mprj/TopLevel/LUT/MAC_Unit/adder/B_Exponent_shifted_carry__0/O[3]
                         net (fo=1, routed)           0.585    50.837    chip_core/mprj/TopLevel/LUT/MAC_Unit/multiplier/B_Exponent_shifted[7]
    SLICE_X65Y71         LUT4 (Prop_lut4_I1_O)        0.306    51.143 f  chip_core/mprj/TopLevel/LUT/MAC_Unit/multiplier/Exponent_sub_carry_i_41/O
                         net (fo=76, routed)          1.819    52.962    chip_core/mprj/TopLevel/LUT/MAC_Unit/multiplier/Exponent_sub_carry_i_41_n_0
    SLICE_X79Y65         LUT4 (Prop_lut4_I0_O)        0.124    53.086 f  chip_core/mprj/TopLevel/LUT/MAC_Unit/multiplier/Exponent_sub_carry_i_38/O
                         net (fo=88, routed)          1.174    54.260    chip_core/mprj/TopLevel/DMA/u_mm2s/Exponent_sub_carry_i_68
    SLICE_X69Y62         LUT2 (Prop_lut2_I1_O)        0.124    54.384 r  chip_core/mprj/TopLevel/DMA/u_mm2s/Exponent_sub_carry_i_89/O
                         net (fo=26, routed)          0.790    55.174    chip_core/mprj/TopLevel/LUT/MAC_Unit/multiplier/Exponent_sub_carry_i_32_1
    SLICE_X64Y66         LUT4 (Prop_lut4_I0_O)        0.124    55.298 r  chip_core/mprj/TopLevel/LUT/MAC_Unit/multiplier/Exponent_sub_carry_i_118/O
                         net (fo=23, routed)          0.667    55.965    chip_core/mprj/TopLevel/LUT/MAC_Unit/multiplier/exponent_diff_carry__0
    SLICE_X63Y63         LUT5 (Prop_lut5_I4_O)        0.124    56.089 r  chip_core/mprj/TopLevel/LUT/MAC_Unit/multiplier/Exponent_sub_carry_i_92/O
                         net (fo=1, routed)           0.000    56.089    chip_core/mprj/TopLevel/LUT/MAC_Unit/multiplier/Exponent_sub_carry_i_92_n_0
    SLICE_X63Y63         CARRY4 (Prop_carry4_S[1]_O[3])
                                                      0.640    56.729 r  chip_core/mprj/TopLevel/LUT/MAC_Unit/multiplier/Exponent_sub_carry_i_50/O[3]
                         net (fo=2, routed)           0.722    57.450    chip_core/mprj/TopLevel/LUT/MAC_Unit/adder/Exponent_sub_carry_i_17_0[3]
    SLICE_X61Y63         LUT2 (Prop_lut2_I1_O)        0.306    57.756 r  chip_core/mprj/TopLevel/LUT/MAC_Unit/adder/Exponent_sub_carry_i_51/O
                         net (fo=1, routed)           0.000    57.756    chip_core/mprj/TopLevel/LUT/MAC_Unit/multiplier/wait_reg[1]_i_6_0[3]
    SLICE_X61Y63         CARRY4 (Prop_carry4_S[3]_CO[3])
                                                      0.401    58.157 r  chip_core/mprj/TopLevel/LUT/MAC_Unit/multiplier/Exponent_sub_carry_i_25/CO[3]
                         net (fo=1, routed)           0.000    58.157    chip_core/mprj/TopLevel/LUT/MAC_Unit/multiplier/Exponent_sub_carry_i_25_n_0
    SLICE_X61Y64         CARRY4 (Prop_carry4_CI_O[1])
                                                      0.334    58.491 r  chip_core/mprj/TopLevel/LUT/MAC_Unit/multiplier/Exponent_sub_carry_i_26/O[1]
                         net (fo=27, routed)          1.178    59.670    chip_core/mprj/TopLevel/LUT/MAC_Unit/multiplier/Mantissa_sub0[5]
    SLICE_X65Y64         LUT4 (Prop_lut4_I1_O)        0.331    60.001 f  chip_core/mprj/TopLevel/LUT/MAC_Unit/multiplier/Exponent_sub_carry_i_189/O
                         net (fo=1, routed)           0.626    60.627    chip_core/mprj/TopLevel/LUT/MAC_Unit/multiplier/Exponent_sub_carry_i_189_n_0
    SLICE_X69Y64         LUT6 (Prop_lut6_I2_O)        0.332    60.959 r  chip_core/mprj/TopLevel/LUT/MAC_Unit/multiplier/Exponent_sub_carry_i_154/O
                         net (fo=1, routed)           0.927    61.885    chip_core/mprj/TopLevel/LUT/MAC_Unit/multiplier/Exponent_sub_carry_i_154_n_0
    SLICE_X70Y66         LUT6 (Prop_lut6_I0_O)        0.124    62.009 r  chip_core/mprj/TopLevel/LUT/MAC_Unit/multiplier/Exponent_sub_carry_i_124/O
                         net (fo=1, routed)           0.493    62.503    chip_core/mprj/TopLevel/LUT/MAC_Unit/multiplier/Exponent_sub_carry_i_124_n_0
    SLICE_X71Y66         LUT6 (Prop_lut6_I0_O)        0.124    62.627 r  chip_core/mprj/TopLevel/LUT/MAC_Unit/multiplier/Exponent_sub_carry_i_75/O
                         net (fo=1, routed)           0.402    63.029    chip_core/mprj/TopLevel/LUT/MAC_Unit/multiplier/Exponent_sub_carry_i_75_n_0
    SLICE_X71Y67         LUT6 (Prop_lut6_I5_O)        0.124    63.153 r  chip_core/mprj/TopLevel/LUT/MAC_Unit/multiplier/Exponent_sub_carry_i_39/O
                         net (fo=1, routed)           0.700    63.853    chip_core/mprj/TopLevel/LUT/MAC_Unit/multiplier/Exponent_sub_carry_i_39_n_0
    SLICE_X60Y67         LUT6 (Prop_lut6_I1_O)        0.124    63.977 r  chip_core/mprj/TopLevel/LUT/MAC_Unit/multiplier/Exponent_sub_carry_i_19/O
                         net (fo=1, routed)           0.408    64.385    chip_core/mprj/TopLevel/LUT/MAC_Unit/multiplier/Exponent_sub_carry_i_19_n_0
    SLICE_X59Y68         LUT2 (Prop_lut2_I1_O)        0.124    64.509 r  chip_core/mprj/TopLevel/LUT/MAC_Unit/multiplier/Exponent_sub_carry_i_8/O
                         net (fo=1, routed)           0.000    64.509    chip_core/mprj/TopLevel/LUT/MAC_Unit/adder/pe/wait_reg[23]_i_7_0[0]
    SLICE_X59Y68         CARRY4 (Prop_carry4_S[0]_CO[3])
                                                      0.532    65.041 r  chip_core/mprj/TopLevel/LUT/MAC_Unit/adder/pe/Exponent_sub_carry/CO[3]
                         net (fo=1, routed)           0.000    65.041    chip_core/mprj/TopLevel/LUT/MAC_Unit/adder/pe/Exponent_sub_carry_n_0
    SLICE_X59Y69         CARRY4 (Prop_carry4_CI_O[2])
                                                      0.239    65.280 r  chip_core/mprj/TopLevel/LUT/MAC_Unit/adder/pe/Exponent_sub_carry__0/O[2]
                         net (fo=1, routed)           0.550    65.830    chip_core/mprj/TopLevel/LUT/MAC_Unit/multiplier/wait_reg[30]_i_3[5]
    SLICE_X59Y71         LUT5 (Prop_lut5_I1_O)        0.302    66.132 r  chip_core/mprj/TopLevel/LUT/MAC_Unit/multiplier/wait_reg[29]_i_6/O
                         net (fo=3, routed)           0.916    67.048    chip_core/mprj/TopLevel/LUT/B_Unit_3/MACresult[24]
    SLICE_X56Y83         LUT6 (Prop_lut6_I5_O)        0.124    67.172 r  chip_core/mprj/TopLevel/LUT/B_Unit_3/wait_reg[29]_i_5/O
                         net (fo=1, routed)           0.663    67.835    chip_core/mprj/TopLevel/LUT/B_Unit_1/wait_reg_reg[29]_0
    SLICE_X56Y83         LUT6 (Prop_lut6_I4_O)        0.124    67.959 r  chip_core/mprj/TopLevel/LUT/B_Unit_1/wait_reg[29]_i_2/O
                         net (fo=2, routed)           2.192    70.152    chip_core/mprj/TopLevel/LUT/B_Unit_1/FSM_onehot_current_state_reg[1]_inv_17
    SLICE_X33Y41         LUT3 (Prop_lut3_I1_O)        0.150    70.302 r  chip_core/mprj/TopLevel/LUT/B_Unit_1/wait_reg[29]_i_1/O
                         net (fo=3, routed)           0.520    70.821    chip_core/soc/core/VexRiscv/IBusCachedPlugin_cache/memory_to_writeBack_MEMORY_READ_DATA[30]_i_2_0[25]
    SLICE_X33Y39         LUT6 (Prop_lut6_I2_O)        0.326    71.147 r  chip_core/soc/core/VexRiscv/IBusCachedPlugin_cache/memory_to_writeBack_MEMORY_READ_DATA[29]_i_5/O
                         net (fo=1, routed)           0.642    71.790    chip_core/soc/core/VexRiscv/IBusCachedPlugin_cache/mprj/wbs_dat_o_user[29]
    SLICE_X33Y34         LUT6 (Prop_lut6_I2_O)        0.124    71.914 r  chip_core/soc/core/VexRiscv/IBusCachedPlugin_cache/memory_to_writeBack_MEMORY_READ_DATA[29]_i_2/O
                         net (fo=1, routed)           0.615    72.528    chip_core/soc/core/VexRiscv/IBusCachedPlugin_cache/memory_to_writeBack_MEMORY_READ_DATA[29]_i_2_n_0
    SLICE_X27Y33         LUT6 (Prop_lut6_I1_O)        0.124    72.652 r  chip_core/soc/core/VexRiscv/IBusCachedPlugin_cache/memory_to_writeBack_MEMORY_READ_DATA[29]_i_1/O
                         net (fo=1, routed)           0.000    72.652    chip_core/soc/core/VexRiscv/shared_dat_r[29]
    SLICE_X27Y33         FDRE                                         r  chip_core/soc/core/VexRiscv/memory_to_writeBack_MEMORY_READ_DATA_reg[29]/D
  -------------------------------------------------------------------    -------------------

                         (clock clock12 rise edge)   83.333    83.333 r  
    E3                                                0.000    83.333 r  clock100 (IN)
                         net (fo=0)                   0.000    83.333    clk_fix/inst/clk_in1
    E3                   IBUF (Prop_ibuf_I_O)         1.411    84.745 r  clk_fix/inst/clkin1_ibufg/O
                         net (fo=1, routed)           1.162    85.906    clk_fix/inst/clk_in1_clk_fix
    MMCME2_ADV_X1Y2      MMCME2_ADV (Prop_mmcme2_adv_CLKIN1_CLKOUT0)
                                                     -7.324    78.583 r  clk_fix/inst/mmcm_adv_inst/CLKOUT0
                         net (fo=1, routed)           1.639    80.222    clk_fix/inst/clk_out1_clk_fix
    BUFGCTRL_X0Y16       BUFG (Prop_bufg_I_O)         0.091    80.313 r  clk_fix/inst/clkout1_buf/O
                         net (fo=14035, routed)       1.681    81.994    chip_core/soc/core/VexRiscv/clk_out1
    SLICE_X27Y33         FDRE                                         r  chip_core/soc/core/VexRiscv/memory_to_writeBack_MEMORY_READ_DATA_reg[29]/C
                         clock pessimism              0.586    82.580    
                         clock uncertainty           -0.176    82.403    
    SLICE_X27Y33         FDRE (Setup_fdre_C_D)        0.031    82.434    chip_core/soc/core/VexRiscv/memory_to_writeBack_MEMORY_READ_DATA_reg[29]
  -------------------------------------------------------------------
                         required time                         82.434    
                         arrival time                         -72.652    
  -------------------------------------------------------------------
                         slack                                  9.782    





Min Delay Paths
--------------------------------------------------------------------------------------
Slack (MET) :             0.036ns  (arrival time - required time)
  Source:                 chip_core/mprj/TopLevel/SD/write_fifo_a_data_reg[24]/C
                            (rising edge-triggered cell FDRE clocked by clock12  {rise@0.000ns fall@41.667ns period=83.333ns})
  Destination:            chip_core/mprj/TopLevel/SD/fifo_a_reg/DIBDI[8]
                            (rising edge-triggered cell RAMB18E1 clocked by clock12  {rise@0.000ns fall@41.667ns period=83.333ns})
  Path Group:             clock12
  Path Type:              Hold (Min at Fast Process Corner)
  Requirement:            0.000ns  (clock12 rise@0.000ns - clock12 rise@0.000ns)
  Data Path Delay:        0.248ns  (logic 0.141ns (56.898%)  route 0.107ns (43.102%))
  Logic Levels:           0  
  Clock Path Skew:        0.056ns (DCD - SCD - CPR)
    Destination Clock Delay (DCD):    -0.737ns
    Source Clock Delay      (SCD):    -0.543ns
    Clock Pessimism Removal (CPR):    -0.251ns

    Location             Delay type                Incr(ns)  Path(ns)    Netlist Resource(s)
  -------------------------------------------------------------------    -------------------
                         (clock clock12 rise edge)    0.000     0.000 r  
    E3                                                0.000     0.000 r  clock100 (IN)
                         net (fo=0)                   0.000     0.000    clk_fix/inst/clk_in1
    E3                   IBUF (Prop_ibuf_I_O)         0.250     0.250 r  clk_fix/inst/clkin1_ibufg/O
                         net (fo=1, routed)           0.440     0.690    clk_fix/inst/clk_in1_clk_fix
    MMCME2_ADV_X1Y2      MMCME2_ADV (Prop_mmcme2_adv_CLKIN1_CLKOUT0)
                                                     -2.379    -1.689 r  clk_fix/inst/mmcm_adv_inst/CLKOUT0
                         net (fo=1, routed)           0.499    -1.190    clk_fix/inst/clk_out1_clk_fix
    BUFGCTRL_X0Y16       BUFG (Prop_bufg_I_O)         0.026    -1.164 r  clk_fix/inst/clkout1_buf/O
                         net (fo=14035, routed)       0.621    -0.543    chip_core/mprj/TopLevel/SD/clk_out1
    SLICE_X63Y25         FDRE                                         r  chip_core/mprj/TopLevel/SD/write_fifo_a_data_reg[24]/C
  -------------------------------------------------------------------    -------------------
    SLICE_X63Y25         FDRE (Prop_fdre_C_Q)         0.141    -0.402 r  chip_core/mprj/TopLevel/SD/write_fifo_a_data_reg[24]/Q
                         net (fo=1, routed)           0.107    -0.295    chip_core/mprj/TopLevel/SD/write_fifo_a_data[24]
    RAMB18_X1Y10         RAMB18E1                                     r  chip_core/mprj/TopLevel/SD/fifo_a_reg/DIBDI[8]
  -------------------------------------------------------------------    -------------------

                         (clock clock12 rise edge)    0.000     0.000 r  
    E3                                                0.000     0.000 r  clock100 (IN)
                         net (fo=0)                   0.000     0.000    clk_fix/inst/clk_in1
    E3                   IBUF (Prop_ibuf_I_O)         0.438     0.438 r  clk_fix/inst/clkin1_ibufg/O
                         net (fo=1, routed)           0.480     0.918    clk_fix/inst/clk_in1_clk_fix
    MMCME2_ADV_X1Y2      MMCME2_ADV (Prop_mmcme2_adv_CLKIN1_CLKOUT0)
                                                     -3.163    -2.245 r  clk_fix/inst/mmcm_adv_inst/CLKOUT0
                         net (fo=1, routed)           0.544    -1.702    clk_fix/inst/clk_out1_clk_fix
    BUFGCTRL_X0Y16       BUFG (Prop_bufg_I_O)         0.029    -1.673 r  clk_fix/inst/clkout1_buf/O
                         net (fo=14035, routed)       0.936    -0.737    chip_core/mprj/TopLevel/SD/clk_out1
    RAMB18_X1Y10         RAMB18E1                                     r  chip_core/mprj/TopLevel/SD/fifo_a_reg/CLKBWRCLK
                         clock pessimism              0.251    -0.486    
    RAMB18_X1Y10         RAMB18E1 (Hold_ramb18e1_CLKBWRCLK_DIBDI[8])
                                                      0.155    -0.331    chip_core/mprj/TopLevel/SD/fifo_a_reg
  -------------------------------------------------------------------
                         required time                          0.331    
                         arrival time                          -0.295    
  -------------------------------------------------------------------
                         slack                                  0.036    

Slack (MET) :             0.036ns  (arrival time - required time)
  Source:                 chip_core/soc/core/uart_rx_fifo_produce_reg[0]/C
                            (rising edge-triggered cell FDRE clocked by clock12  {rise@0.000ns fall@41.667ns period=83.333ns})
  Destination:            chip_core/soc/core/storage_1_reg_0_15_0_5/RAMA/WADR0
                            (rising edge-triggered cell RAMD32 clocked by clock12  {rise@0.000ns fall@41.667ns period=83.333ns})
  Path Group:             clock12
  Path Type:              Hold (Min at Fast Process Corner)
  Requirement:            0.000ns  (clock12 rise@0.000ns - clock12 rise@0.000ns)
  Data Path Delay:        0.359ns  (logic 0.141ns (39.235%)  route 0.218ns (60.765%))
  Logic Levels:           0  
  Clock Path Skew:        0.013ns (DCD - SCD - CPR)
    Destination Clock Delay (DCD):    -0.757ns
    Source Clock Delay      (SCD):    -0.523ns
    Clock Pessimism Removal (CPR):    -0.248ns

    Location             Delay type                Incr(ns)  Path(ns)    Netlist Resource(s)
  -------------------------------------------------------------------    -------------------
                         (clock clock12 rise edge)    0.000     0.000 r  
    E3                                                0.000     0.000 r  clock100 (IN)
                         net (fo=0)                   0.000     0.000    clk_fix/inst/clk_in1
    E3                   IBUF (Prop_ibuf_I_O)         0.250     0.250 r  clk_fix/inst/clkin1_ibufg/O
                         net (fo=1, routed)           0.440     0.690    clk_fix/inst/clk_in1_clk_fix
    MMCME2_ADV_X1Y2      MMCME2_ADV (Prop_mmcme2_adv_CLKIN1_CLKOUT0)
                                                     -2.379    -1.689 r  clk_fix/inst/mmcm_adv_inst/CLKOUT0
                         net (fo=1, routed)           0.499    -1.190    clk_fix/inst/clk_out1_clk_fix
    BUFGCTRL_X0Y16       BUFG (Prop_bufg_I_O)         0.026    -1.164 r  clk_fix/inst/clkout1_buf/O
                         net (fo=14035, routed)       0.641    -0.523    chip_core/soc/core/clk_out1
    SLICE_X15Y44         FDRE                                         r  chip_core/soc/core/uart_rx_fifo_produce_reg[0]/C
  -------------------------------------------------------------------    -------------------
    SLICE_X15Y44         FDRE (Prop_fdre_C_Q)         0.141    -0.382 r  chip_core/soc/core/uart_rx_fifo_produce_reg[0]/Q
                         net (fo=20, routed)          0.218    -0.163    chip_core/soc/core/storage_1_reg_0_15_0_5/ADDRD0
    SLICE_X14Y44         RAMD32                                       r  chip_core/soc/core/storage_1_reg_0_15_0_5/RAMA/WADR0
  -------------------------------------------------------------------    -------------------

                         (clock clock12 rise edge)    0.000     0.000 r  
    E3                                                0.000     0.000 r  clock100 (IN)
                         net (fo=0)                   0.000     0.000    clk_fix/inst/clk_in1
    E3                   IBUF (Prop_ibuf_I_O)         0.438     0.438 r  clk_fix/inst/clkin1_ibufg/O
                         net (fo=1, routed)           0.480     0.918    clk_fix/inst/clk_in1_clk_fix
    MMCME2_ADV_X1Y2      MMCME2_ADV (Prop_mmcme2_adv_CLKIN1_CLKOUT0)
                                                     -3.163    -2.245 r  clk_fix/inst/mmcm_adv_inst/CLKOUT0
                         net (fo=1, routed)           0.544    -1.702    clk_fix/inst/clk_out1_clk_fix
    BUFGCTRL_X0Y16       BUFG (Prop_bufg_I_O)         0.029    -1.673 r  clk_fix/inst/clkout1_buf/O
                         net (fo=14035, routed)       0.916    -0.757    chip_core/soc/core/storage_1_reg_0_15_0_5/WCLK
    SLICE_X14Y44         RAMD32                                       r  chip_core/soc/core/storage_1_reg_0_15_0_5/RAMA/CLK
                         clock pessimism              0.248    -0.510    
    SLICE_X14Y44         RAMD32 (Hold_ramd32_CLK_WADR0)
                                                      0.310    -0.200    chip_core/soc/core/storage_1_reg_0_15_0_5/RAMA
  -------------------------------------------------------------------
                         required time                          0.200    
                         arrival time                          -0.163    
  -------------------------------------------------------------------
                         slack                                  0.036    

Slack (MET) :             0.036ns  (arrival time - required time)
  Source:                 chip_core/soc/core/uart_rx_fifo_produce_reg[0]/C
                            (rising edge-triggered cell FDRE clocked by clock12  {rise@0.000ns fall@41.667ns period=83.333ns})
  Destination:            chip_core/soc/core/storage_1_reg_0_15_0_5/RAMA_D1/WADR0
                            (rising edge-triggered cell RAMD32 clocked by clock12  {rise@0.000ns fall@41.667ns period=83.333ns})
  Path Group:             clock12
  Path Type:              Hold (Min at Fast Process Corner)
  Requirement:            0.000ns  (clock12 rise@0.000ns - clock12 rise@0.000ns)
  Data Path Delay:        0.359ns  (logic 0.141ns (39.235%)  route 0.218ns (60.765%))
  Logic Levels:           0  
  Clock Path Skew:        0.013ns (DCD - SCD - CPR)
    Destination Clock Delay (DCD):    -0.757ns
    Source Clock Delay      (SCD):    -0.523ns
    Clock Pessimism Removal (CPR):    -0.248ns

    Location             Delay type                Incr(ns)  Path(ns)    Netlist Resource(s)
  -------------------------------------------------------------------    -------------------
                         (clock clock12 rise edge)    0.000     0.000 r  
    E3                                                0.000     0.000 r  clock100 (IN)
                         net (fo=0)                   0.000     0.000    clk_fix/inst/clk_in1
    E3                   IBUF (Prop_ibuf_I_O)         0.250     0.250 r  clk_fix/inst/clkin1_ibufg/O
                         net (fo=1, routed)           0.440     0.690    clk_fix/inst/clk_in1_clk_fix
    MMCME2_ADV_X1Y2      MMCME2_ADV (Prop_mmcme2_adv_CLKIN1_CLKOUT0)
                                                     -2.379    -1.689 r  clk_fix/inst/mmcm_adv_inst/CLKOUT0
                         net (fo=1, routed)           0.499    -1.190    clk_fix/inst/clk_out1_clk_fix
    BUFGCTRL_X0Y16       BUFG (Prop_bufg_I_O)         0.026    -1.164 r  clk_fix/inst/clkout1_buf/O
                         net (fo=14035, routed)       0.641    -0.523    chip_core/soc/core/clk_out1
    SLICE_X15Y44         FDRE                                         r  chip_core/soc/core/uart_rx_fifo_produce_reg[0]/C
  -------------------------------------------------------------------    -------------------
    SLICE_X15Y44         FDRE (Prop_fdre_C_Q)         0.141    -0.382 r  chip_core/soc/core/uart_rx_fifo_produce_reg[0]/Q
                         net (fo=20, routed)          0.218    -0.163    chip_core/soc/core/storage_1_reg_0_15_0_5/ADDRD0
    SLICE_X14Y44         RAMD32                                       r  chip_core/soc/core/storage_1_reg_0_15_0_5/RAMA_D1/WADR0
  -------------------------------------------------------------------    -------------------

                         (clock clock12 rise edge)    0.000     0.000 r  
    E3                                                0.000     0.000 r  clock100 (IN)
                         net (fo=0)                   0.000     0.000    clk_fix/inst/clk_in1
    E3                   IBUF (Prop_ibuf_I_O)         0.438     0.438 r  clk_fix/inst/clkin1_ibufg/O
                         net (fo=1, routed)           0.480     0.918    clk_fix/inst/clk_in1_clk_fix
    MMCME2_ADV_X1Y2      MMCME2_ADV (Prop_mmcme2_adv_CLKIN1_CLKOUT0)
                                                     -3.163    -2.245 r  clk_fix/inst/mmcm_adv_inst/CLKOUT0
                         net (fo=1, routed)           0.544    -1.702    clk_fix/inst/clk_out1_clk_fix
    BUFGCTRL_X0Y16       BUFG (Prop_bufg_I_O)         0.029    -1.673 r  clk_fix/inst/clkout1_buf/O
                         net (fo=14035, routed)       0.916    -0.757    chip_core/soc/core/storage_1_reg_0_15_0_5/WCLK
    SLICE_X14Y44         RAMD32                                       r  chip_core/soc/core/storage_1_reg_0_15_0_5/RAMA_D1/CLK
                         clock pessimism              0.248    -0.510    
    SLICE_X14Y44         RAMD32 (Hold_ramd32_CLK_WADR0)
                                                      0.310    -0.200    chip_core/soc/core/storage_1_reg_0_15_0_5/RAMA_D1
  -------------------------------------------------------------------
                         required time                          0.200    
                         arrival time                          -0.163    
  -------------------------------------------------------------------
                         slack                                  0.036    

Slack (MET) :             0.036ns  (arrival time - required time)
  Source:                 chip_core/soc/core/uart_rx_fifo_produce_reg[0]/C
                            (rising edge-triggered cell FDRE clocked by clock12  {rise@0.000ns fall@41.667ns period=83.333ns})
  Destination:            chip_core/soc/core/storage_1_reg_0_15_0_5/RAMB/WADR0
                            (rising edge-triggered cell RAMD32 clocked by clock12  {rise@0.000ns fall@41.667ns period=83.333ns})
  Path Group:             clock12
  Path Type:              Hold (Min at Fast Process Corner)
  Requirement:            0.000ns  (clock12 rise@0.000ns - clock12 rise@0.000ns)
  Data Path Delay:        0.359ns  (logic 0.141ns (39.235%)  route 0.218ns (60.765%))
  Logic Levels:           0  
  Clock Path Skew:        0.013ns (DCD - SCD - CPR)
    Destination Clock Delay (DCD):    -0.757ns
    Source Clock Delay      (SCD):    -0.523ns
    Clock Pessimism Removal (CPR):    -0.248ns

    Location             Delay type                Incr(ns)  Path(ns)    Netlist Resource(s)
  -------------------------------------------------------------------    -------------------
                         (clock clock12 rise edge)    0.000     0.000 r  
    E3                                                0.000     0.000 r  clock100 (IN)
                         net (fo=0)                   0.000     0.000    clk_fix/inst/clk_in1
    E3                   IBUF (Prop_ibuf_I_O)         0.250     0.250 r  clk_fix/inst/clkin1_ibufg/O
                         net (fo=1, routed)           0.440     0.690    clk_fix/inst/clk_in1_clk_fix
    MMCME2_ADV_X1Y2      MMCME2_ADV (Prop_mmcme2_adv_CLKIN1_CLKOUT0)
                                                     -2.379    -1.689 r  clk_fix/inst/mmcm_adv_inst/CLKOUT0
                         net (fo=1, routed)           0.499    -1.190    clk_fix/inst/clk_out1_clk_fix
    BUFGCTRL_X0Y16       BUFG (Prop_bufg_I_O)         0.026    -1.164 r  clk_fix/inst/clkout1_buf/O
                         net (fo=14035, routed)       0.641    -0.523    chip_core/soc/core/clk_out1
    SLICE_X15Y44         FDRE                                         r  chip_core/soc/core/uart_rx_fifo_produce_reg[0]/C
  -------------------------------------------------------------------    -------------------
    SLICE_X15Y44         FDRE (Prop_fdre_C_Q)         0.141    -0.382 r  chip_core/soc/core/uart_rx_fifo_produce_reg[0]/Q
                         net (fo=20, routed)          0.218    -0.163    chip_core/soc/core/storage_1_reg_0_15_0_5/ADDRD0
    SLICE_X14Y44         RAMD32                                       r  chip_core/soc/core/storage_1_reg_0_15_0_5/RAMB/WADR0
  -------------------------------------------------------------------    -------------------

                         (clock clock12 rise edge)    0.000     0.000 r  
    E3                                                0.000     0.000 r  clock100 (IN)
                         net (fo=0)                   0.000     0.000    clk_fix/inst/clk_in1
    E3                   IBUF (Prop_ibuf_I_O)         0.438     0.438 r  clk_fix/inst/clkin1_ibufg/O
                         net (fo=1, routed)           0.480     0.918    clk_fix/inst/clk_in1_clk_fix
    MMCME2_ADV_X1Y2      MMCME2_ADV (Prop_mmcme2_adv_CLKIN1_CLKOUT0)
                                                     -3.163    -2.245 r  clk_fix/inst/mmcm_adv_inst/CLKOUT0
                         net (fo=1, routed)           0.544    -1.702    clk_fix/inst/clk_out1_clk_fix
    BUFGCTRL_X0Y16       BUFG (Prop_bufg_I_O)         0.029    -1.673 r  clk_fix/inst/clkout1_buf/O
                         net (fo=14035, routed)       0.916    -0.757    chip_core/soc/core/storage_1_reg_0_15_0_5/WCLK
    SLICE_X14Y44         RAMD32                                       r  chip_core/soc/core/storage_1_reg_0_15_0_5/RAMB/CLK
                         clock pessimism              0.248    -0.510    
    SLICE_X14Y44         RAMD32 (Hold_ramd32_CLK_WADR0)
                                                      0.310    -0.200    chip_core/soc/core/storage_1_reg_0_15_0_5/RAMB
  -------------------------------------------------------------------
                         required time                          0.200    
                         arrival time                          -0.163    
  -------------------------------------------------------------------
                         slack                                  0.036    

Slack (MET) :             0.036ns  (arrival time - required time)
  Source:                 chip_core/soc/core/uart_rx_fifo_produce_reg[0]/C
                            (rising edge-triggered cell FDRE clocked by clock12  {rise@0.000ns fall@41.667ns period=83.333ns})
  Destination:            chip_core/soc/core/storage_1_reg_0_15_0_5/RAMB_D1/WADR0
                            (rising edge-triggered cell RAMD32 clocked by clock12  {rise@0.000ns fall@41.667ns period=83.333ns})
  Path Group:             clock12
  Path Type:              Hold (Min at Fast Process Corner)
  Requirement:            0.000ns  (clock12 rise@0.000ns - clock12 rise@0.000ns)
  Data Path Delay:        0.359ns  (logic 0.141ns (39.235%)  route 0.218ns (60.765%))
  Logic Levels:           0  
  Clock Path Skew:        0.013ns (DCD - SCD - CPR)
    Destination Clock Delay (DCD):    -0.757ns
    Source Clock Delay      (SCD):    -0.523ns
    Clock Pessimism Removal (CPR):    -0.248ns

    Location             Delay type                Incr(ns)  Path(ns)    Netlist Resource(s)
  -------------------------------------------------------------------    -------------------
                         (clock clock12 rise edge)    0.000     0.000 r  
    E3                                                0.000     0.000 r  clock100 (IN)
                         net (fo=0)                   0.000     0.000    clk_fix/inst/clk_in1
    E3                   IBUF (Prop_ibuf_I_O)         0.250     0.250 r  clk_fix/inst/clkin1_ibufg/O
                         net (fo=1, routed)           0.440     0.690    clk_fix/inst/clk_in1_clk_fix
    MMCME2_ADV_X1Y2      MMCME2_ADV (Prop_mmcme2_adv_CLKIN1_CLKOUT0)
                                                     -2.379    -1.689 r  clk_fix/inst/mmcm_adv_inst/CLKOUT0
                         net (fo=1, routed)           0.499    -1.190    clk_fix/inst/clk_out1_clk_fix
    BUFGCTRL_X0Y16       BUFG (Prop_bufg_I_O)         0.026    -1.164 r  clk_fix/inst/clkout1_buf/O
                         net (fo=14035, routed)       0.641    -0.523    chip_core/soc/core/clk_out1
    SLICE_X15Y44         FDRE                                         r  chip_core/soc/core/uart_rx_fifo_produce_reg[0]/C
  -------------------------------------------------------------------    -------------------
    SLICE_X15Y44         FDRE (Prop_fdre_C_Q)         0.141    -0.382 r  chip_core/soc/core/uart_rx_fifo_produce_reg[0]/Q
                         net (fo=20, routed)          0.218    -0.163    chip_core/soc/core/storage_1_reg_0_15_0_5/ADDRD0
    SLICE_X14Y44         RAMD32                                       r  chip_core/soc/core/storage_1_reg_0_15_0_5/RAMB_D1/WADR0
  -------------------------------------------------------------------    -------------------

                         (clock clock12 rise edge)    0.000     0.000 r  
    E3                                                0.000     0.000 r  clock100 (IN)
                         net (fo=0)                   0.000     0.000    clk_fix/inst/clk_in1
    E3                   IBUF (Prop_ibuf_I_O)         0.438     0.438 r  clk_fix/inst/clkin1_ibufg/O
                         net (fo=1, routed)           0.480     0.918    clk_fix/inst/clk_in1_clk_fix
    MMCME2_ADV_X1Y2      MMCME2_ADV (Prop_mmcme2_adv_CLKIN1_CLKOUT0)
                                                     -3.163    -2.245 r  clk_fix/inst/mmcm_adv_inst/CLKOUT0
                         net (fo=1, routed)           0.544    -1.702    clk_fix/inst/clk_out1_clk_fix
    BUFGCTRL_X0Y16       BUFG (Prop_bufg_I_O)         0.029    -1.673 r  clk_fix/inst/clkout1_buf/O
                         net (fo=14035, routed)       0.916    -0.757    chip_core/soc/core/storage_1_reg_0_15_0_5/WCLK
    SLICE_X14Y44         RAMD32                                       r  chip_core/soc/core/storage_1_reg_0_15_0_5/RAMB_D1/CLK
                         clock pessimism              0.248    -0.510    
    SLICE_X14Y44         RAMD32 (Hold_ramd32_CLK_WADR0)
                                                      0.310    -0.200    chip_core/soc/core/storage_1_reg_0_15_0_5/RAMB_D1
  -------------------------------------------------------------------
                         required time                          0.200    
                         arrival time                          -0.163    
  -------------------------------------------------------------------
                         slack                                  0.036    

Slack (MET) :             0.036ns  (arrival time - required time)
  Source:                 chip_core/soc/core/uart_rx_fifo_produce_reg[0]/C
                            (rising edge-triggered cell FDRE clocked by clock12  {rise@0.000ns fall@41.667ns period=83.333ns})
  Destination:            chip_core/soc/core/storage_1_reg_0_15_0_5/RAMC/WADR0
                            (rising edge-triggered cell RAMD32 clocked by clock12  {rise@0.000ns fall@41.667ns period=83.333ns})
  Path Group:             clock12
  Path Type:              Hold (Min at Fast Process Corner)
  Requirement:            0.000ns  (clock12 rise@0.000ns - clock12 rise@0.000ns)
  Data Path Delay:        0.359ns  (logic 0.141ns (39.235%)  route 0.218ns (60.765%))
  Logic Levels:           0  
  Clock Path Skew:        0.013ns (DCD - SCD - CPR)
    Destination Clock Delay (DCD):    -0.757ns
    Source Clock Delay      (SCD):    -0.523ns
    Clock Pessimism Removal (CPR):    -0.248ns

    Location             Delay type                Incr(ns)  Path(ns)    Netlist Resource(s)
  -------------------------------------------------------------------    -------------------
                         (clock clock12 rise edge)    0.000     0.000 r  
    E3                                                0.000     0.000 r  clock100 (IN)
                         net (fo=0)                   0.000     0.000    clk_fix/inst/clk_in1
    E3                   IBUF (Prop_ibuf_I_O)         0.250     0.250 r  clk_fix/inst/clkin1_ibufg/O
                         net (fo=1, routed)           0.440     0.690    clk_fix/inst/clk_in1_clk_fix
    MMCME2_ADV_X1Y2      MMCME2_ADV (Prop_mmcme2_adv_CLKIN1_CLKOUT0)
                                                     -2.379    -1.689 r  clk_fix/inst/mmcm_adv_inst/CLKOUT0
                         net (fo=1, routed)           0.499    -1.190    clk_fix/inst/clk_out1_clk_fix
    BUFGCTRL_X0Y16       BUFG (Prop_bufg_I_O)         0.026    -1.164 r  clk_fix/inst/clkout1_buf/O
                         net (fo=14035, routed)       0.641    -0.523    chip_core/soc/core/clk_out1
    SLICE_X15Y44         FDRE                                         r  chip_core/soc/core/uart_rx_fifo_produce_reg[0]/C
  -------------------------------------------------------------------    -------------------
    SLICE_X15Y44         FDRE (Prop_fdre_C_Q)         0.141    -0.382 r  chip_core/soc/core/uart_rx_fifo_produce_reg[0]/Q
                         net (fo=20, routed)          0.218    -0.163    chip_core/soc/core/storage_1_reg_0_15_0_5/ADDRD0
    SLICE_X14Y44         RAMD32                                       r  chip_core/soc/core/storage_1_reg_0_15_0_5/RAMC/WADR0
  -------------------------------------------------------------------    -------------------

                         (clock clock12 rise edge)    0.000     0.000 r  
    E3                                                0.000     0.000 r  clock100 (IN)
                         net (fo=0)                   0.000     0.000    clk_fix/inst/clk_in1
    E3                   IBUF (Prop_ibuf_I_O)         0.438     0.438 r  clk_fix/inst/clkin1_ibufg/O
                         net (fo=1, routed)           0.480     0.918    clk_fix/inst/clk_in1_clk_fix
    MMCME2_ADV_X1Y2      MMCME2_ADV (Prop_mmcme2_adv_CLKIN1_CLKOUT0)
                                                     -3.163    -2.245 r  clk_fix/inst/mmcm_adv_inst/CLKOUT0
                         net (fo=1, routed)           0.544    -1.702    clk_fix/inst/clk_out1_clk_fix
    BUFGCTRL_X0Y16       BUFG (Prop_bufg_I_O)         0.029    -1.673 r  clk_fix/inst/clkout1_buf/O
                         net (fo=14035, routed)       0.916    -0.757    chip_core/soc/core/storage_1_reg_0_15_0_5/WCLK
    SLICE_X14Y44         RAMD32                                       r  chip_core/soc/core/storage_1_reg_0_15_0_5/RAMC/CLK
                         clock pessimism              0.248    -0.510    
    SLICE_X14Y44         RAMD32 (Hold_ramd32_CLK_WADR0)
                                                      0.310    -0.200    chip_core/soc/core/storage_1_reg_0_15_0_5/RAMC
  -------------------------------------------------------------------
                         required time                          0.200    
                         arrival time                          -0.163    
  -------------------------------------------------------------------
                         slack                                  0.036    

Slack (MET) :             0.036ns  (arrival time - required time)
  Source:                 chip_core/soc/core/uart_rx_fifo_produce_reg[0]/C
                            (rising edge-triggered cell FDRE clocked by clock12  {rise@0.000ns fall@41.667ns period=83.333ns})
  Destination:            chip_core/soc/core/storage_1_reg_0_15_0_5/RAMC_D1/WADR0
                            (rising edge-triggered cell RAMD32 clocked by clock12  {rise@0.000ns fall@41.667ns period=83.333ns})
  Path Group:             clock12
  Path Type:              Hold (Min at Fast Process Corner)
  Requirement:            0.000ns  (clock12 rise@0.000ns - clock12 rise@0.000ns)
  Data Path Delay:        0.359ns  (logic 0.141ns (39.235%)  route 0.218ns (60.765%))
  Logic Levels:           0  
  Clock Path Skew:        0.013ns (DCD - SCD - CPR)
    Destination Clock Delay (DCD):    -0.757ns
    Source Clock Delay      (SCD):    -0.523ns
    Clock Pessimism Removal (CPR):    -0.248ns

    Location             Delay type                Incr(ns)  Path(ns)    Netlist Resource(s)
  -------------------------------------------------------------------    -------------------
                         (clock clock12 rise edge)    0.000     0.000 r  
    E3                                                0.000     0.000 r  clock100 (IN)
                         net (fo=0)                   0.000     0.000    clk_fix/inst/clk_in1
    E3                   IBUF (Prop_ibuf_I_O)         0.250     0.250 r  clk_fix/inst/clkin1_ibufg/O
                         net (fo=1, routed)           0.440     0.690    clk_fix/inst/clk_in1_clk_fix
    MMCME2_ADV_X1Y2      MMCME2_ADV (Prop_mmcme2_adv_CLKIN1_CLKOUT0)
                                                     -2.379    -1.689 r  clk_fix/inst/mmcm_adv_inst/CLKOUT0
                         net (fo=1, routed)           0.499    -1.190    clk_fix/inst/clk_out1_clk_fix
    BUFGCTRL_X0Y16       BUFG (Prop_bufg_I_O)         0.026    -1.164 r  clk_fix/inst/clkout1_buf/O
                         net (fo=14035, routed)       0.641    -0.523    chip_core/soc/core/clk_out1
    SLICE_X15Y44         FDRE                                         r  chip_core/soc/core/uart_rx_fifo_produce_reg[0]/C
  -------------------------------------------------------------------    -------------------
    SLICE_X15Y44         FDRE (Prop_fdre_C_Q)         0.141    -0.382 r  chip_core/soc/core/uart_rx_fifo_produce_reg[0]/Q
                         net (fo=20, routed)          0.218    -0.163    chip_core/soc/core/storage_1_reg_0_15_0_5/ADDRD0
    SLICE_X14Y44         RAMD32                                       r  chip_core/soc/core/storage_1_reg_0_15_0_5/RAMC_D1/WADR0
  -------------------------------------------------------------------    -------------------

                         (clock clock12 rise edge)    0.000     0.000 r  
    E3                                                0.000     0.000 r  clock100 (IN)
                         net (fo=0)                   0.000     0.000    clk_fix/inst/clk_in1
    E3                   IBUF (Prop_ibuf_I_O)         0.438     0.438 r  clk_fix/inst/clkin1_ibufg/O
                         net (fo=1, routed)           0.480     0.918    clk_fix/inst/clk_in1_clk_fix
    MMCME2_ADV_X1Y2      MMCME2_ADV (Prop_mmcme2_adv_CLKIN1_CLKOUT0)
                                                     -3.163    -2.245 r  clk_fix/inst/mmcm_adv_inst/CLKOUT0
                         net (fo=1, routed)           0.544    -1.702    clk_fix/inst/clk_out1_clk_fix
    BUFGCTRL_X0Y16       BUFG (Prop_bufg_I_O)         0.029    -1.673 r  clk_fix/inst/clkout1_buf/O
                         net (fo=14035, routed)       0.916    -0.757    chip_core/soc/core/storage_1_reg_0_15_0_5/WCLK
    SLICE_X14Y44         RAMD32                                       r  chip_core/soc/core/storage_1_reg_0_15_0_5/RAMC_D1/CLK
                         clock pessimism              0.248    -0.510    
    SLICE_X14Y44         RAMD32 (Hold_ramd32_CLK_WADR0)
                                                      0.310    -0.200    chip_core/soc/core/storage_1_reg_0_15_0_5/RAMC_D1
  -------------------------------------------------------------------
                         required time                          0.200    
                         arrival time                          -0.163    
  -------------------------------------------------------------------
                         slack                                  0.036    

Slack (MET) :             0.036ns  (arrival time - required time)
  Source:                 chip_core/soc/core/uart_rx_fifo_produce_reg[0]/C
                            (rising edge-triggered cell FDRE clocked by clock12  {rise@0.000ns fall@41.667ns period=83.333ns})
  Destination:            chip_core/soc/core/storage_1_reg_0_15_0_5/RAMD/ADR0
                            (rising edge-triggered cell RAMS32 clocked by clock12  {rise@0.000ns fall@41.667ns period=83.333ns})
  Path Group:             clock12
  Path Type:              Hold (Min at Fast Process Corner)
  Requirement:            0.000ns  (clock12 rise@0.000ns - clock12 rise@0.000ns)
  Data Path Delay:        0.359ns  (logic 0.141ns (39.235%)  route 0.218ns (60.765%))
  Logic Levels:           0  
  Clock Path Skew:        0.013ns (DCD - SCD - CPR)
    Destination Clock Delay (DCD):    -0.757ns
    Source Clock Delay      (SCD):    -0.523ns
    Clock Pessimism Removal (CPR):    -0.248ns

    Location             Delay type                Incr(ns)  Path(ns)    Netlist Resource(s)
  -------------------------------------------------------------------    -------------------
                         (clock clock12 rise edge)    0.000     0.000 r  
    E3                                                0.000     0.000 r  clock100 (IN)
                         net (fo=0)                   0.000     0.000    clk_fix/inst/clk_in1
    E3                   IBUF (Prop_ibuf_I_O)         0.250     0.250 r  clk_fix/inst/clkin1_ibufg/O
                         net (fo=1, routed)           0.440     0.690    clk_fix/inst/clk_in1_clk_fix
    MMCME2_ADV_X1Y2      MMCME2_ADV (Prop_mmcme2_adv_CLKIN1_CLKOUT0)
                                                     -2.379    -1.689 r  clk_fix/inst/mmcm_adv_inst/CLKOUT0
                         net (fo=1, routed)           0.499    -1.190    clk_fix/inst/clk_out1_clk_fix
    BUFGCTRL_X0Y16       BUFG (Prop_bufg_I_O)         0.026    -1.164 r  clk_fix/inst/clkout1_buf/O
                         net (fo=14035, routed)       0.641    -0.523    chip_core/soc/core/clk_out1
    SLICE_X15Y44         FDRE                                         r  chip_core/soc/core/uart_rx_fifo_produce_reg[0]/C
  -------------------------------------------------------------------    -------------------
    SLICE_X15Y44         FDRE (Prop_fdre_C_Q)         0.141    -0.382 r  chip_core/soc/core/uart_rx_fifo_produce_reg[0]/Q
                         net (fo=20, routed)          0.218    -0.163    chip_core/soc/core/storage_1_reg_0_15_0_5/ADDRD0
    SLICE_X14Y44         RAMS32                                       r  chip_core/soc/core/storage_1_reg_0_15_0_5/RAMD/ADR0
  -------------------------------------------------------------------    -------------------

                         (clock clock12 rise edge)    0.000     0.000 r  
    E3                                                0.000     0.000 r  clock100 (IN)
                         net (fo=0)                   0.000     0.000    clk_fix/inst/clk_in1
    E3                   IBUF (Prop_ibuf_I_O)         0.438     0.438 r  clk_fix/inst/clkin1_ibufg/O
                         net (fo=1, routed)           0.480     0.918    clk_fix/inst/clk_in1_clk_fix
    MMCME2_ADV_X1Y2      MMCME2_ADV (Prop_mmcme2_adv_CLKIN1_CLKOUT0)
                                                     -3.163    -2.245 r  clk_fix/inst/mmcm_adv_inst/CLKOUT0
                         net (fo=1, routed)           0.544    -1.702    clk_fix/inst/clk_out1_clk_fix
    BUFGCTRL_X0Y16       BUFG (Prop_bufg_I_O)         0.029    -1.673 r  clk_fix/inst/clkout1_buf/O
                         net (fo=14035, routed)       0.916    -0.757    chip_core/soc/core/storage_1_reg_0_15_0_5/WCLK
    SLICE_X14Y44         RAMS32                                       r  chip_core/soc/core/storage_1_reg_0_15_0_5/RAMD/CLK
                         clock pessimism              0.248    -0.510    
    SLICE_X14Y44         RAMS32 (Hold_rams32_CLK_ADR0)
                                                      0.310    -0.200    chip_core/soc/core/storage_1_reg_0_15_0_5/RAMD
  -------------------------------------------------------------------
                         required time                          0.200    
                         arrival time                          -0.163    
  -------------------------------------------------------------------
                         slack                                  0.036    

Slack (MET) :             0.036ns  (arrival time - required time)
  Source:                 chip_core/soc/core/uart_rx_fifo_produce_reg[0]/C
                            (rising edge-triggered cell FDRE clocked by clock12  {rise@0.000ns fall@41.667ns period=83.333ns})
  Destination:            chip_core/soc/core/storage_1_reg_0_15_0_5/RAMD_D1/ADR0
                            (rising edge-triggered cell RAMS32 clocked by clock12  {rise@0.000ns fall@41.667ns period=83.333ns})
  Path Group:             clock12
  Path Type:              Hold (Min at Fast Process Corner)
  Requirement:            0.000ns  (clock12 rise@0.000ns - clock12 rise@0.000ns)
  Data Path Delay:        0.359ns  (logic 0.141ns (39.235%)  route 0.218ns (60.765%))
  Logic Levels:           0  
  Clock Path Skew:        0.013ns (DCD - SCD - CPR)
    Destination Clock Delay (DCD):    -0.757ns
    Source Clock Delay      (SCD):    -0.523ns
    Clock Pessimism Removal (CPR):    -0.248ns

    Location             Delay type                Incr(ns)  Path(ns)    Netlist Resource(s)
  -------------------------------------------------------------------    -------------------
                         (clock clock12 rise edge)    0.000     0.000 r  
    E3                                                0.000     0.000 r  clock100 (IN)
                         net (fo=0)                   0.000     0.000    clk_fix/inst/clk_in1
    E3                   IBUF (Prop_ibuf_I_O)         0.250     0.250 r  clk_fix/inst/clkin1_ibufg/O
                         net (fo=1, routed)           0.440     0.690    clk_fix/inst/clk_in1_clk_fix
    MMCME2_ADV_X1Y2      MMCME2_ADV (Prop_mmcme2_adv_CLKIN1_CLKOUT0)
                                                     -2.379    -1.689 r  clk_fix/inst/mmcm_adv_inst/CLKOUT0
                         net (fo=1, routed)           0.499    -1.190    clk_fix/inst/clk_out1_clk_fix
    BUFGCTRL_X0Y16       BUFG (Prop_bufg_I_O)         0.026    -1.164 r  clk_fix/inst/clkout1_buf/O
                         net (fo=14035, routed)       0.641    -0.523    chip_core/soc/core/clk_out1
    SLICE_X15Y44         FDRE                                         r  chip_core/soc/core/uart_rx_fifo_produce_reg[0]/C
  -------------------------------------------------------------------    -------------------
    SLICE_X15Y44         FDRE (Prop_fdre_C_Q)         0.141    -0.382 r  chip_core/soc/core/uart_rx_fifo_produce_reg[0]/Q
                         net (fo=20, routed)          0.218    -0.163    chip_core/soc/core/storage_1_reg_0_15_0_5/ADDRD0
    SLICE_X14Y44         RAMS32                                       r  chip_core/soc/core/storage_1_reg_0_15_0_5/RAMD_D1/ADR0
  -------------------------------------------------------------------    -------------------

                         (clock clock12 rise edge)    0.000     0.000 r  
    E3                                                0.000     0.000 r  clock100 (IN)
                         net (fo=0)                   0.000     0.000    clk_fix/inst/clk_in1
    E3                   IBUF (Prop_ibuf_I_O)         0.438     0.438 r  clk_fix/inst/clkin1_ibufg/O
                         net (fo=1, routed)           0.480     0.918    clk_fix/inst/clk_in1_clk_fix
    MMCME2_ADV_X1Y2      MMCME2_ADV (Prop_mmcme2_adv_CLKIN1_CLKOUT0)
                                                     -3.163    -2.245 r  clk_fix/inst/mmcm_adv_inst/CLKOUT0
                         net (fo=1, routed)           0.544    -1.702    clk_fix/inst/clk_out1_clk_fix
    BUFGCTRL_X0Y16       BUFG (Prop_bufg_I_O)         0.029    -1.673 r  clk_fix/inst/clkout1_buf/O
                         net (fo=14035, routed)       0.916    -0.757    chip_core/soc/core/storage_1_reg_0_15_0_5/WCLK
    SLICE_X14Y44         RAMS32                                       r  chip_core/soc/core/storage_1_reg_0_15_0_5/RAMD_D1/CLK
                         clock pessimism              0.248    -0.510    
    SLICE_X14Y44         RAMS32 (Hold_rams32_CLK_ADR0)
                                                      0.310    -0.200    chip_core/soc/core/storage_1_reg_0_15_0_5/RAMD_D1
  -------------------------------------------------------------------
                         required time                          0.200    
                         arrival time                          -0.163    
  -------------------------------------------------------------------
                         slack                                  0.036    

Slack (MET) :             0.037ns  (arrival time - required time)
  Source:                 chip_core/mprj/TopLevel/SD/write_fifo_a_data_reg[25]/C
                            (rising edge-triggered cell FDRE clocked by clock12  {rise@0.000ns fall@41.667ns period=83.333ns})
  Destination:            chip_core/mprj/TopLevel/SD/fifo_a_reg/DIBDI[9]
                            (rising edge-triggered cell RAMB18E1 clocked by clock12  {rise@0.000ns fall@41.667ns period=83.333ns})
  Path Group:             clock12
  Path Type:              Hold (Min at Fast Process Corner)
  Requirement:            0.000ns  (clock12 rise@0.000ns - clock12 rise@0.000ns)
  Data Path Delay:        0.247ns  (logic 0.141ns (57.072%)  route 0.106ns (42.928%))
  Logic Levels:           0  
  Clock Path Skew:        0.055ns (DCD - SCD - CPR)
    Destination Clock Delay (DCD):    -0.737ns
    Source Clock Delay      (SCD):    -0.542ns
    Clock Pessimism Removal (CPR):    -0.251ns

    Location             Delay type                Incr(ns)  Path(ns)    Netlist Resource(s)
  -------------------------------------------------------------------    -------------------
                         (clock clock12 rise edge)    0.000     0.000 r  
    E3                                                0.000     0.000 r  clock100 (IN)
                         net (fo=0)                   0.000     0.000    clk_fix/inst/clk_in1
    E3                   IBUF (Prop_ibuf_I_O)         0.250     0.250 r  clk_fix/inst/clkin1_ibufg/O
                         net (fo=1, routed)           0.440     0.690    clk_fix/inst/clk_in1_clk_fix
    MMCME2_ADV_X1Y2      MMCME2_ADV (Prop_mmcme2_adv_CLKIN1_CLKOUT0)
                                                     -2.379    -1.689 r  clk_fix/inst/mmcm_adv_inst/CLKOUT0
                         net (fo=1, routed)           0.499    -1.190    clk_fix/inst/clk_out1_clk_fix
    BUFGCTRL_X0Y16       BUFG (Prop_bufg_I_O)         0.026    -1.164 r  clk_fix/inst/clkout1_buf/O
                         net (fo=14035, routed)       0.622    -0.542    chip_core/mprj/TopLevel/SD/clk_out1
    SLICE_X63Y26         FDRE                                         r  chip_core/mprj/TopLevel/SD/write_fifo_a_data_reg[25]/C
  -------------------------------------------------------------------    -------------------
    SLICE_X63Y26         FDRE (Prop_fdre_C_Q)         0.141    -0.401 r  chip_core/mprj/TopLevel/SD/write_fifo_a_data_reg[25]/Q
                         net (fo=1, routed)           0.106    -0.295    chip_core/mprj/TopLevel/SD/write_fifo_a_data[25]
    RAMB18_X1Y10         RAMB18E1                                     r  chip_core/mprj/TopLevel/SD/fifo_a_reg/DIBDI[9]
  -------------------------------------------------------------------    -------------------

                         (clock clock12 rise edge)    0.000     0.000 r  
    E3                                                0.000     0.000 r  clock100 (IN)
                         net (fo=0)                   0.000     0.000    clk_fix/inst/clk_in1
    E3                   IBUF (Prop_ibuf_I_O)         0.438     0.438 r  clk_fix/inst/clkin1_ibufg/O
                         net (fo=1, routed)           0.480     0.918    clk_fix/inst/clk_in1_clk_fix
    MMCME2_ADV_X1Y2      MMCME2_ADV (Prop_mmcme2_adv_CLKIN1_CLKOUT0)
                                                     -3.163    -2.245 r  clk_fix/inst/mmcm_adv_inst/CLKOUT0
                         net (fo=1, routed)           0.544    -1.702    clk_fix/inst/clk_out1_clk_fix
    BUFGCTRL_X0Y16       BUFG (Prop_bufg_I_O)         0.029    -1.673 r  clk_fix/inst/clkout1_buf/O
                         net (fo=14035, routed)       0.936    -0.737    chip_core/mprj/TopLevel/SD/clk_out1
    RAMB18_X1Y10         RAMB18E1                                     r  chip_core/mprj/TopLevel/SD/fifo_a_reg/CLKBWRCLK
                         clock pessimism              0.251    -0.486    
    RAMB18_X1Y10         RAMB18E1 (Hold_ramb18e1_CLKBWRCLK_DIBDI[9])
                                                      0.155    -0.331    chip_core/mprj/TopLevel/SD/fifo_a_reg
  -------------------------------------------------------------------
                         required time                          0.331    
                         arrival time                          -0.295    
  -------------------------------------------------------------------
                         slack                                  0.037    





Pulse Width Checks
--------------------------------------------------------------------------------------
Clock Name:         clock12
Waveform(ns):       { 0.000 41.667 }
Period(ns):         83.333
Sources:            { clk_fix/inst/mmcm_adv_inst/CLKOUT0 }

Check Type        Corner  Lib Pin             Reference Pin  Required(ns)  Actual(ns)  Slack(ns)  Location         Pin
Min Period        n/a     RAMB18E1/CLKARDCLK  n/a            2.944         83.333      80.389     RAMB18_X1Y10     chip_core/mprj/TopLevel/SD/fifo_a_reg/CLKARDCLK
Min Period        n/a     RAMB18E1/CLKBWRCLK  n/a            2.944         83.333      80.389     RAMB18_X1Y10     chip_core/mprj/TopLevel/SD/fifo_a_reg/CLKBWRCLK
Min Period        n/a     RAMB18E1/CLKARDCLK  n/a            2.944         83.333      80.389     RAMB18_X1Y11     chip_core/mprj/TopLevel/SD/fifo_b_reg/CLKARDCLK
Min Period        n/a     RAMB18E1/CLKBWRCLK  n/a            2.944         83.333      80.389     RAMB18_X1Y11     chip_core/mprj/TopLevel/SD/fifo_b_reg/CLKBWRCLK
Min Period        n/a     RAMB18E1/CLKARDCLK  n/a            2.944         83.333      80.389     RAMB18_X0Y10     chip_core/soc/core/RAM128/RAM_reg/CLKARDCLK
Min Period        n/a     RAMB18E1/CLKBWRCLK  n/a            2.944         83.333      80.389     RAMB18_X0Y10     chip_core/soc/core/RAM128/RAM_reg/CLKBWRCLK
Min Period        n/a     RAMB18E1/CLKARDCLK  n/a            2.944         83.333      80.389     RAMB18_X1Y8      chip_core/soc/core/RAM256/RAM_reg/CLKARDCLK
Min Period        n/a     RAMB18E1/CLKBWRCLK  n/a            2.944         83.333      80.389     RAMB18_X1Y8      chip_core/soc/core/RAM256/RAM_reg/CLKBWRCLK
Min Period        n/a     RAMB18E1/CLKARDCLK  n/a            2.944         83.333      80.389     RAMB18_X0Y4      chip_core/soc/core/VexRiscv/RegFilePlugin_regFile_reg_1/CLKARDCLK
Min Period        n/a     RAMB18E1/CLKBWRCLK  n/a            2.944         83.333      80.389     RAMB18_X0Y4      chip_core/soc/core/VexRiscv/RegFilePlugin_regFile_reg_1/CLKBWRCLK
Max Period        n/a     MMCME2_ADV/CLKOUT0  n/a            213.360       83.333      130.027    MMCME2_ADV_X1Y2  clk_fix/inst/mmcm_adv_inst/CLKOUT0
Low Pulse Width   Slow    RAMD64E/CLK         n/a            1.250         41.667      40.417     SLICE_X70Y31     chip_core/mprj/TopLevel/DMA/u_sfifo/mem_reg_0_63_0_2/RAMA/CLK
Low Pulse Width   Fast    RAMD64E/CLK         n/a            1.250         41.667      40.417     SLICE_X70Y31     chip_core/mprj/TopLevel/DMA/u_sfifo/mem_reg_0_63_0_2/RAMA/CLK
Low Pulse Width   Slow    RAMD64E/CLK         n/a            1.250         41.667      40.417     SLICE_X70Y31     chip_core/mprj/TopLevel/DMA/u_sfifo/mem_reg_0_63_0_2/RAMB/CLK
Low Pulse Width   Fast    RAMD64E/CLK         n/a            1.250         41.667      40.417     SLICE_X70Y31     chip_core/mprj/TopLevel/DMA/u_sfifo/mem_reg_0_63_0_2/RAMB/CLK
Low Pulse Width   Slow    RAMD64E/CLK         n/a            1.250         41.667      40.417     SLICE_X70Y31     chip_core/mprj/TopLevel/DMA/u_sfifo/mem_reg_0_63_0_2/RAMC/CLK
Low Pulse Width   Fast    RAMD64E/CLK         n/a            1.250         41.667      40.417     SLICE_X70Y31     chip_core/mprj/TopLevel/DMA/u_sfifo/mem_reg_0_63_0_2/RAMC/CLK
Low Pulse Width   Slow    RAMD64E/CLK         n/a            1.250         41.667      40.417     SLICE_X70Y31     chip_core/mprj/TopLevel/DMA/u_sfifo/mem_reg_0_63_0_2/RAMD/CLK
Low Pulse Width   Fast    RAMD64E/CLK         n/a            1.250         41.667      40.417     SLICE_X70Y31     chip_core/mprj/TopLevel/DMA/u_sfifo/mem_reg_0_63_0_2/RAMD/CLK
Low Pulse Width   Slow    RAMD64E/CLK         n/a            1.250         41.667      40.417     SLICE_X58Y30     chip_core/mprj/TopLevel/DMA/u_sfifo/mem_reg_0_63_12_14/RAMA/CLK
Low Pulse Width   Fast    RAMD64E/CLK         n/a            1.250         41.667      40.417     SLICE_X58Y30     chip_core/mprj/TopLevel/DMA/u_sfifo/mem_reg_0_63_12_14/RAMA/CLK
High Pulse Width  Slow    RAMD64E/CLK         n/a            1.250         41.667      40.417     SLICE_X70Y31     chip_core/mprj/TopLevel/DMA/u_sfifo/mem_reg_0_63_0_2/RAMA/CLK
High Pulse Width  Fast    RAMD64E/CLK         n/a            1.250         41.667      40.417     SLICE_X70Y31     chip_core/mprj/TopLevel/DMA/u_sfifo/mem_reg_0_63_0_2/RAMA/CLK
High Pulse Width  Slow    RAMD64E/CLK         n/a            1.250         41.667      40.417     SLICE_X70Y31     chip_core/mprj/TopLevel/DMA/u_sfifo/mem_reg_0_63_0_2/RAMB/CLK
High Pulse Width  Fast    RAMD64E/CLK         n/a            1.250         41.667      40.417     SLICE_X70Y31     chip_core/mprj/TopLevel/DMA/u_sfifo/mem_reg_0_63_0_2/RAMB/CLK
High Pulse Width  Slow    RAMD64E/CLK         n/a            1.250         41.667      40.417     SLICE_X70Y31     chip_core/mprj/TopLevel/DMA/u_sfifo/mem_reg_0_63_0_2/RAMC/CLK
High Pulse Width  Fast    RAMD64E/CLK         n/a            1.250         41.667      40.417     SLICE_X70Y31     chip_core/mprj/TopLevel/DMA/u_sfifo/mem_reg_0_63_0_2/RAMC/CLK
High Pulse Width  Slow    RAMD64E/CLK         n/a            1.250         41.667      40.417     SLICE_X70Y31     chip_core/mprj/TopLevel/DMA/u_sfifo/mem_reg_0_63_0_2/RAMD/CLK
High Pulse Width  Fast    RAMD64E/CLK         n/a            1.250         41.667      40.417     SLICE_X70Y31     chip_core/mprj/TopLevel/DMA/u_sfifo/mem_reg_0_63_0_2/RAMD/CLK
High Pulse Width  Slow    RAMD64E/CLK         n/a            1.250         41.667      40.417     SLICE_X58Y30     chip_core/mprj/TopLevel/DMA/u_sfifo/mem_reg_0_63_12_14/RAMA/CLK
High Pulse Width  Fast    RAMD64E/CLK         n/a            1.250         41.667      40.417     SLICE_X58Y30     chip_core/mprj/TopLevel/DMA/u_sfifo/mem_reg_0_63_12_14/RAMA/CLK



---------------------------------------------------------------------------------------------------
Path Group:  **async_default**
From Clock:  clock12
  To Clock:  clock12

Setup :            0  Failing Endpoints,  Worst Slack       25.702ns,  Total Violation        0.000ns
Hold  :            0  Failing Endpoints,  Worst Slack        0.518ns,  Total Violation        0.000ns
---------------------------------------------------------------------------------------------------


Max Delay Paths
--------------------------------------------------------------------------------------
Slack (MET) :             25.702ns  (required time - arrival time)
  Source:                 chip_core/clock_ctrl/reset_delay_reg[0]/C
                            (falling edge-triggered cell FDPE clocked by clock12  {rise@0.000ns fall@41.667ns period=83.333ns})
  Destination:            chip_core/mprj/SevenSegDisplay_reg[24]/CLR
                            (recovery check against rising-edge clock clock12  {rise@0.000ns fall@41.667ns period=83.333ns})
  Path Group:             **async_default**
  Path Type:              Recovery (Max at Slow Process Corner)
  Requirement:            41.667ns  (clock12 rise@83.333ns - clock12 fall@41.667ns)
  Data Path Delay:        15.420ns  (logic 0.459ns (2.977%)  route 14.961ns (97.023%))
  Logic Levels:           0  
  Clock Path Skew:        0.038ns (DCD - SCD + CPR)
    Destination Clock Delay (DCD):    -1.355ns = ( 81.979 - 83.333 ) 
    Source Clock Delay      (SCD):    -0.905ns = ( 40.762 - 41.667 ) 
    Clock Pessimism Removal (CPR):    0.487ns
  Clock Uncertainty:      0.176ns  ((TSJ^2 + DJ^2)^1/2) / 2 + PE
    Total System Jitter     (TSJ):    0.071ns
    Discrete Jitter          (DJ):    0.346ns
    Phase Error              (PE):    0.000ns

    Location             Delay type                Incr(ns)  Path(ns)    Netlist Resource(s)
  -------------------------------------------------------------------    -------------------
                         (clock clock12 fall edge)   41.667    41.667 f  
    E3                                                0.000    41.667 f  clock100 (IN)
                         net (fo=0)                   0.000    41.667    clk_fix/inst/clk_in1
    E3                   IBUF (Prop_ibuf_I_O)         1.482    43.148 f  clk_fix/inst/clkin1_ibufg/O
                         net (fo=1, routed)           1.233    44.382    clk_fix/inst/clk_in1_clk_fix
    MMCME2_ADV_X1Y2      MMCME2_ADV (Prop_mmcme2_adv_CLKIN1_CLKOUT0)
                                                     -7.070    37.311 f  clk_fix/inst/mmcm_adv_inst/CLKOUT0
                         net (fo=1, routed)           1.719    39.031    clk_fix/inst/clk_out1_clk_fix
    BUFGCTRL_X0Y16       BUFG (Prop_bufg_I_O)         0.096    39.127 f  clk_fix/inst/clkout1_buf/O
                         net (fo=14035, routed)       1.635    40.762    chip_core/clock_ctrl/clk_out1
    SLICE_X37Y85         FDPE                                         r  chip_core/clock_ctrl/reset_delay_reg[0]/C  (IS_INVERTED)
  -------------------------------------------------------------------    -------------------
    SLICE_X37Y85         FDPE (Prop_fdpe_C_Q)         0.459    41.221 f  chip_core/clock_ctrl/reset_delay_reg[0]/Q
                         net (fo=9722, routed)       14.961    56.182    chip_core/mprj/Q[0]
    SLICE_X40Y25         FDCE                                         f  chip_core/mprj/SevenSegDisplay_reg[24]/CLR
  -------------------------------------------------------------------    -------------------

                         (clock clock12 rise edge)   83.333    83.333 r  
    E3                                                0.000    83.333 r  clock100 (IN)
                         net (fo=0)                   0.000    83.333    clk_fix/inst/clk_in1
    E3                   IBUF (Prop_ibuf_I_O)         1.411    84.745 r  clk_fix/inst/clkin1_ibufg/O
                         net (fo=1, routed)           1.162    85.906    clk_fix/inst/clk_in1_clk_fix
    MMCME2_ADV_X1Y2      MMCME2_ADV (Prop_mmcme2_adv_CLKIN1_CLKOUT0)
                                                     -7.324    78.583 r  clk_fix/inst/mmcm_adv_inst/CLKOUT0
                         net (fo=1, routed)           1.639    80.222    clk_fix/inst/clk_out1_clk_fix
    BUFGCTRL_X0Y16       BUFG (Prop_bufg_I_O)         0.091    80.313 r  clk_fix/inst/clkout1_buf/O
                         net (fo=14035, routed)       1.666    81.979    chip_core/mprj/clk_out1
    SLICE_X40Y25         FDCE                                         r  chip_core/mprj/SevenSegDisplay_reg[24]/C
                         clock pessimism              0.487    82.466    
                         clock uncertainty           -0.176    82.290    
    SLICE_X40Y25         FDCE (Recov_fdce_C_CLR)     -0.405    81.885    chip_core/mprj/SevenSegDisplay_reg[24]
  -------------------------------------------------------------------
                         required time                         81.885    
                         arrival time                         -56.182    
  -------------------------------------------------------------------
                         slack                                 25.702    

Slack (MET) :             25.702ns  (required time - arrival time)
  Source:                 chip_core/clock_ctrl/reset_delay_reg[0]/C
                            (falling edge-triggered cell FDPE clocked by clock12  {rise@0.000ns fall@41.667ns period=83.333ns})
  Destination:            chip_core/mprj/SevenSegDisplay_reg[25]/CLR
                            (recovery check against rising-edge clock clock12  {rise@0.000ns fall@41.667ns period=83.333ns})
  Path Group:             **async_default**
  Path Type:              Recovery (Max at Slow Process Corner)
  Requirement:            41.667ns  (clock12 rise@83.333ns - clock12 fall@41.667ns)
  Data Path Delay:        15.420ns  (logic 0.459ns (2.977%)  route 14.961ns (97.023%))
  Logic Levels:           0  
  Clock Path Skew:        0.038ns (DCD - SCD + CPR)
    Destination Clock Delay (DCD):    -1.355ns = ( 81.979 - 83.333 ) 
    Source Clock Delay      (SCD):    -0.905ns = ( 40.762 - 41.667 ) 
    Clock Pessimism Removal (CPR):    0.487ns
  Clock Uncertainty:      0.176ns  ((TSJ^2 + DJ^2)^1/2) / 2 + PE
    Total System Jitter     (TSJ):    0.071ns
    Discrete Jitter          (DJ):    0.346ns
    Phase Error              (PE):    0.000ns

    Location             Delay type                Incr(ns)  Path(ns)    Netlist Resource(s)
  -------------------------------------------------------------------    -------------------
                         (clock clock12 fall edge)   41.667    41.667 f  
    E3                                                0.000    41.667 f  clock100 (IN)
                         net (fo=0)                   0.000    41.667    clk_fix/inst/clk_in1
    E3                   IBUF (Prop_ibuf_I_O)         1.482    43.148 f  clk_fix/inst/clkin1_ibufg/O
                         net (fo=1, routed)           1.233    44.382    clk_fix/inst/clk_in1_clk_fix
    MMCME2_ADV_X1Y2      MMCME2_ADV (Prop_mmcme2_adv_CLKIN1_CLKOUT0)
                                                     -7.070    37.311 f  clk_fix/inst/mmcm_adv_inst/CLKOUT0
                         net (fo=1, routed)           1.719    39.031    clk_fix/inst/clk_out1_clk_fix
    BUFGCTRL_X0Y16       BUFG (Prop_bufg_I_O)         0.096    39.127 f  clk_fix/inst/clkout1_buf/O
                         net (fo=14035, routed)       1.635    40.762    chip_core/clock_ctrl/clk_out1
    SLICE_X37Y85         FDPE                                         r  chip_core/clock_ctrl/reset_delay_reg[0]/C  (IS_INVERTED)
  -------------------------------------------------------------------    -------------------
    SLICE_X37Y85         FDPE (Prop_fdpe_C_Q)         0.459    41.221 f  chip_core/clock_ctrl/reset_delay_reg[0]/Q
                         net (fo=9722, routed)       14.961    56.182    chip_core/mprj/Q[0]
    SLICE_X40Y25         FDCE                                         f  chip_core/mprj/SevenSegDisplay_reg[25]/CLR
  -------------------------------------------------------------------    -------------------

                         (clock clock12 rise edge)   83.333    83.333 r  
    E3                                                0.000    83.333 r  clock100 (IN)
                         net (fo=0)                   0.000    83.333    clk_fix/inst/clk_in1
    E3                   IBUF (Prop_ibuf_I_O)         1.411    84.745 r  clk_fix/inst/clkin1_ibufg/O
                         net (fo=1, routed)           1.162    85.906    clk_fix/inst/clk_in1_clk_fix
    MMCME2_ADV_X1Y2      MMCME2_ADV (Prop_mmcme2_adv_CLKIN1_CLKOUT0)
                                                     -7.324    78.583 r  clk_fix/inst/mmcm_adv_inst/CLKOUT0
                         net (fo=1, routed)           1.639    80.222    clk_fix/inst/clk_out1_clk_fix
    BUFGCTRL_X0Y16       BUFG (Prop_bufg_I_O)         0.091    80.313 r  clk_fix/inst/clkout1_buf/O
                         net (fo=14035, routed)       1.666    81.979    chip_core/mprj/clk_out1
    SLICE_X40Y25         FDCE                                         r  chip_core/mprj/SevenSegDisplay_reg[25]/C
                         clock pessimism              0.487    82.466    
                         clock uncertainty           -0.176    82.290    
    SLICE_X40Y25         FDCE (Recov_fdce_C_CLR)     -0.405    81.885    chip_core/mprj/SevenSegDisplay_reg[25]
  -------------------------------------------------------------------
                         required time                         81.885    
                         arrival time                         -56.182    
  -------------------------------------------------------------------
                         slack                                 25.702    

Slack (MET) :             25.702ns  (required time - arrival time)
  Source:                 chip_core/clock_ctrl/reset_delay_reg[0]/C
                            (falling edge-triggered cell FDPE clocked by clock12  {rise@0.000ns fall@41.667ns period=83.333ns})
  Destination:            chip_core/mprj/SevenSegDisplay_reg[26]/CLR
                            (recovery check against rising-edge clock clock12  {rise@0.000ns fall@41.667ns period=83.333ns})
  Path Group:             **async_default**
  Path Type:              Recovery (Max at Slow Process Corner)
  Requirement:            41.667ns  (clock12 rise@83.333ns - clock12 fall@41.667ns)
  Data Path Delay:        15.420ns  (logic 0.459ns (2.977%)  route 14.961ns (97.023%))
  Logic Levels:           0  
  Clock Path Skew:        0.038ns (DCD - SCD + CPR)
    Destination Clock Delay (DCD):    -1.355ns = ( 81.979 - 83.333 ) 
    Source Clock Delay      (SCD):    -0.905ns = ( 40.762 - 41.667 ) 
    Clock Pessimism Removal (CPR):    0.487ns
  Clock Uncertainty:      0.176ns  ((TSJ^2 + DJ^2)^1/2) / 2 + PE
    Total System Jitter     (TSJ):    0.071ns
    Discrete Jitter          (DJ):    0.346ns
    Phase Error              (PE):    0.000ns

    Location             Delay type                Incr(ns)  Path(ns)    Netlist Resource(s)
  -------------------------------------------------------------------    -------------------
                         (clock clock12 fall edge)   41.667    41.667 f  
    E3                                                0.000    41.667 f  clock100 (IN)
                         net (fo=0)                   0.000    41.667    clk_fix/inst/clk_in1
    E3                   IBUF (Prop_ibuf_I_O)         1.482    43.148 f  clk_fix/inst/clkin1_ibufg/O
                         net (fo=1, routed)           1.233    44.382    clk_fix/inst/clk_in1_clk_fix
    MMCME2_ADV_X1Y2      MMCME2_ADV (Prop_mmcme2_adv_CLKIN1_CLKOUT0)
                                                     -7.070    37.311 f  clk_fix/inst/mmcm_adv_inst/CLKOUT0
                         net (fo=1, routed)           1.719    39.031    clk_fix/inst/clk_out1_clk_fix
    BUFGCTRL_X0Y16       BUFG (Prop_bufg_I_O)         0.096    39.127 f  clk_fix/inst/clkout1_buf/O
                         net (fo=14035, routed)       1.635    40.762    chip_core/clock_ctrl/clk_out1
    SLICE_X37Y85         FDPE                                         r  chip_core/clock_ctrl/reset_delay_reg[0]/C  (IS_INVERTED)
  -------------------------------------------------------------------    -------------------
    SLICE_X37Y85         FDPE (Prop_fdpe_C_Q)         0.459    41.221 f  chip_core/clock_ctrl/reset_delay_reg[0]/Q
                         net (fo=9722, routed)       14.961    56.182    chip_core/mprj/Q[0]
    SLICE_X40Y25         FDCE                                         f  chip_core/mprj/SevenSegDisplay_reg[26]/CLR
  -------------------------------------------------------------------    -------------------

                         (clock clock12 rise edge)   83.333    83.333 r  
    E3                                                0.000    83.333 r  clock100 (IN)
                         net (fo=0)                   0.000    83.333    clk_fix/inst/clk_in1
    E3                   IBUF (Prop_ibuf_I_O)         1.411    84.745 r  clk_fix/inst/clkin1_ibufg/O
                         net (fo=1, routed)           1.162    85.906    clk_fix/inst/clk_in1_clk_fix
    MMCME2_ADV_X1Y2      MMCME2_ADV (Prop_mmcme2_adv_CLKIN1_CLKOUT0)
                                                     -7.324    78.583 r  clk_fix/inst/mmcm_adv_inst/CLKOUT0
                         net (fo=1, routed)           1.639    80.222    clk_fix/inst/clk_out1_clk_fix
    BUFGCTRL_X0Y16       BUFG (Prop_bufg_I_O)         0.091    80.313 r  clk_fix/inst/clkout1_buf/O
                         net (fo=14035, routed)       1.666    81.979    chip_core/mprj/clk_out1
    SLICE_X40Y25         FDCE                                         r  chip_core/mprj/SevenSegDisplay_reg[26]/C
                         clock pessimism              0.487    82.466    
                         clock uncertainty           -0.176    82.290    
    SLICE_X40Y25         FDCE (Recov_fdce_C_CLR)     -0.405    81.885    chip_core/mprj/SevenSegDisplay_reg[26]
  -------------------------------------------------------------------
                         required time                         81.885    
                         arrival time                         -56.182    
  -------------------------------------------------------------------
                         slack                                 25.702    

Slack (MET) :             25.702ns  (required time - arrival time)
  Source:                 chip_core/clock_ctrl/reset_delay_reg[0]/C
                            (falling edge-triggered cell FDPE clocked by clock12  {rise@0.000ns fall@41.667ns period=83.333ns})
  Destination:            chip_core/mprj/SevenSegDisplay_reg[27]/CLR
                            (recovery check against rising-edge clock clock12  {rise@0.000ns fall@41.667ns period=83.333ns})
  Path Group:             **async_default**
  Path Type:              Recovery (Max at Slow Process Corner)
  Requirement:            41.667ns  (clock12 rise@83.333ns - clock12 fall@41.667ns)
  Data Path Delay:        15.420ns  (logic 0.459ns (2.977%)  route 14.961ns (97.023%))
  Logic Levels:           0  
  Clock Path Skew:        0.038ns (DCD - SCD + CPR)
    Destination Clock Delay (DCD):    -1.355ns = ( 81.979 - 83.333 ) 
    Source Clock Delay      (SCD):    -0.905ns = ( 40.762 - 41.667 ) 
    Clock Pessimism Removal (CPR):    0.487ns
  Clock Uncertainty:      0.176ns  ((TSJ^2 + DJ^2)^1/2) / 2 + PE
    Total System Jitter     (TSJ):    0.071ns
    Discrete Jitter          (DJ):    0.346ns
    Phase Error              (PE):    0.000ns

    Location             Delay type                Incr(ns)  Path(ns)    Netlist Resource(s)
  -------------------------------------------------------------------    -------------------
                         (clock clock12 fall edge)   41.667    41.667 f  
    E3                                                0.000    41.667 f  clock100 (IN)
                         net (fo=0)                   0.000    41.667    clk_fix/inst/clk_in1
    E3                   IBUF (Prop_ibuf_I_O)         1.482    43.148 f  clk_fix/inst/clkin1_ibufg/O
                         net (fo=1, routed)           1.233    44.382    clk_fix/inst/clk_in1_clk_fix
    MMCME2_ADV_X1Y2      MMCME2_ADV (Prop_mmcme2_adv_CLKIN1_CLKOUT0)
                                                     -7.070    37.311 f  clk_fix/inst/mmcm_adv_inst/CLKOUT0
                         net (fo=1, routed)           1.719    39.031    clk_fix/inst/clk_out1_clk_fix
    BUFGCTRL_X0Y16       BUFG (Prop_bufg_I_O)         0.096    39.127 f  clk_fix/inst/clkout1_buf/O
                         net (fo=14035, routed)       1.635    40.762    chip_core/clock_ctrl/clk_out1
    SLICE_X37Y85         FDPE                                         r  chip_core/clock_ctrl/reset_delay_reg[0]/C  (IS_INVERTED)
  -------------------------------------------------------------------    -------------------
    SLICE_X37Y85         FDPE (Prop_fdpe_C_Q)         0.459    41.221 f  chip_core/clock_ctrl/reset_delay_reg[0]/Q
                         net (fo=9722, routed)       14.961    56.182    chip_core/mprj/Q[0]
    SLICE_X40Y25         FDCE                                         f  chip_core/mprj/SevenSegDisplay_reg[27]/CLR
  -------------------------------------------------------------------    -------------------

                         (clock clock12 rise edge)   83.333    83.333 r  
    E3                                                0.000    83.333 r  clock100 (IN)
                         net (fo=0)                   0.000    83.333    clk_fix/inst/clk_in1
    E3                   IBUF (Prop_ibuf_I_O)         1.411    84.745 r  clk_fix/inst/clkin1_ibufg/O
                         net (fo=1, routed)           1.162    85.906    clk_fix/inst/clk_in1_clk_fix
    MMCME2_ADV_X1Y2      MMCME2_ADV (Prop_mmcme2_adv_CLKIN1_CLKOUT0)
                                                     -7.324    78.583 r  clk_fix/inst/mmcm_adv_inst/CLKOUT0
                         net (fo=1, routed)           1.639    80.222    clk_fix/inst/clk_out1_clk_fix
    BUFGCTRL_X0Y16       BUFG (Prop_bufg_I_O)         0.091    80.313 r  clk_fix/inst/clkout1_buf/O
                         net (fo=14035, routed)       1.666    81.979    chip_core/mprj/clk_out1
    SLICE_X40Y25         FDCE                                         r  chip_core/mprj/SevenSegDisplay_reg[27]/C
                         clock pessimism              0.487    82.466    
                         clock uncertainty           -0.176    82.290    
    SLICE_X40Y25         FDCE (Recov_fdce_C_CLR)     -0.405    81.885    chip_core/mprj/SevenSegDisplay_reg[27]
  -------------------------------------------------------------------
                         required time                         81.885    
                         arrival time                         -56.182    
  -------------------------------------------------------------------
                         slack                                 25.702    

Slack (MET) :             25.707ns  (required time - arrival time)
  Source:                 chip_core/clock_ctrl/reset_delay_reg[0]/C
                            (falling edge-triggered cell FDPE clocked by clock12  {rise@0.000ns fall@41.667ns period=83.333ns})
  Destination:            chip_core/mprj/SevenSegDisplay_reg[12]/CLR
                            (recovery check against rising-edge clock clock12  {rise@0.000ns fall@41.667ns period=83.333ns})
  Path Group:             **async_default**
  Path Type:              Recovery (Max at Slow Process Corner)
  Requirement:            41.667ns  (clock12 rise@83.333ns - clock12 fall@41.667ns)
  Data Path Delay:        15.416ns  (logic 0.459ns (2.977%)  route 14.957ns (97.023%))
  Logic Levels:           0  
  Clock Path Skew:        0.038ns (DCD - SCD + CPR)
    Destination Clock Delay (DCD):    -1.355ns = ( 81.979 - 83.333 ) 
    Source Clock Delay      (SCD):    -0.905ns = ( 40.762 - 41.667 ) 
    Clock Pessimism Removal (CPR):    0.487ns
  Clock Uncertainty:      0.176ns  ((TSJ^2 + DJ^2)^1/2) / 2 + PE
    Total System Jitter     (TSJ):    0.071ns
    Discrete Jitter          (DJ):    0.346ns
    Phase Error              (PE):    0.000ns

    Location             Delay type                Incr(ns)  Path(ns)    Netlist Resource(s)
  -------------------------------------------------------------------    -------------------
                         (clock clock12 fall edge)   41.667    41.667 f  
    E3                                                0.000    41.667 f  clock100 (IN)
                         net (fo=0)                   0.000    41.667    clk_fix/inst/clk_in1
    E3                   IBUF (Prop_ibuf_I_O)         1.482    43.148 f  clk_fix/inst/clkin1_ibufg/O
                         net (fo=1, routed)           1.233    44.382    clk_fix/inst/clk_in1_clk_fix
    MMCME2_ADV_X1Y2      MMCME2_ADV (Prop_mmcme2_adv_CLKIN1_CLKOUT0)
                                                     -7.070    37.311 f  clk_fix/inst/mmcm_adv_inst/CLKOUT0
                         net (fo=1, routed)           1.719    39.031    clk_fix/inst/clk_out1_clk_fix
    BUFGCTRL_X0Y16       BUFG (Prop_bufg_I_O)         0.096    39.127 f  clk_fix/inst/clkout1_buf/O
                         net (fo=14035, routed)       1.635    40.762    chip_core/clock_ctrl/clk_out1
    SLICE_X37Y85         FDPE                                         r  chip_core/clock_ctrl/reset_delay_reg[0]/C  (IS_INVERTED)
  -------------------------------------------------------------------    -------------------
    SLICE_X37Y85         FDPE (Prop_fdpe_C_Q)         0.459    41.221 f  chip_core/clock_ctrl/reset_delay_reg[0]/Q
                         net (fo=9722, routed)       14.957    56.178    chip_core/mprj/Q[0]
    SLICE_X41Y25         FDCE                                         f  chip_core/mprj/SevenSegDisplay_reg[12]/CLR
  -------------------------------------------------------------------    -------------------

                         (clock clock12 rise edge)   83.333    83.333 r  
    E3                                                0.000    83.333 r  clock100 (IN)
                         net (fo=0)                   0.000    83.333    clk_fix/inst/clk_in1
    E3                   IBUF (Prop_ibuf_I_O)         1.411    84.745 r  clk_fix/inst/clkin1_ibufg/O
                         net (fo=1, routed)           1.162    85.906    clk_fix/inst/clk_in1_clk_fix
    MMCME2_ADV_X1Y2      MMCME2_ADV (Prop_mmcme2_adv_CLKIN1_CLKOUT0)
                                                     -7.324    78.583 r  clk_fix/inst/mmcm_adv_inst/CLKOUT0
                         net (fo=1, routed)           1.639    80.222    clk_fix/inst/clk_out1_clk_fix
    BUFGCTRL_X0Y16       BUFG (Prop_bufg_I_O)         0.091    80.313 r  clk_fix/inst/clkout1_buf/O
                         net (fo=14035, routed)       1.666    81.979    chip_core/mprj/clk_out1
    SLICE_X41Y25         FDCE                                         r  chip_core/mprj/SevenSegDisplay_reg[12]/C
                         clock pessimism              0.487    82.466    
                         clock uncertainty           -0.176    82.290    
    SLICE_X41Y25         FDCE (Recov_fdce_C_CLR)     -0.405    81.885    chip_core/mprj/SevenSegDisplay_reg[12]
  -------------------------------------------------------------------
                         required time                         81.885    
                         arrival time                         -56.178    
  -------------------------------------------------------------------
                         slack                                 25.707    

Slack (MET) :             25.707ns  (required time - arrival time)
  Source:                 chip_core/clock_ctrl/reset_delay_reg[0]/C
                            (falling edge-triggered cell FDPE clocked by clock12  {rise@0.000ns fall@41.667ns period=83.333ns})
  Destination:            chip_core/mprj/SevenSegDisplay_reg[20]/CLR
                            (recovery check against rising-edge clock clock12  {rise@0.000ns fall@41.667ns period=83.333ns})
  Path Group:             **async_default**
  Path Type:              Recovery (Max at Slow Process Corner)
  Requirement:            41.667ns  (clock12 rise@83.333ns - clock12 fall@41.667ns)
  Data Path Delay:        15.416ns  (logic 0.459ns (2.977%)  route 14.957ns (97.023%))
  Logic Levels:           0  
  Clock Path Skew:        0.038ns (DCD - SCD + CPR)
    Destination Clock Delay (DCD):    -1.355ns = ( 81.979 - 83.333 ) 
    Source Clock Delay      (SCD):    -0.905ns = ( 40.762 - 41.667 ) 
    Clock Pessimism Removal (CPR):    0.487ns
  Clock Uncertainty:      0.176ns  ((TSJ^2 + DJ^2)^1/2) / 2 + PE
    Total System Jitter     (TSJ):    0.071ns
    Discrete Jitter          (DJ):    0.346ns
    Phase Error              (PE):    0.000ns

    Location             Delay type                Incr(ns)  Path(ns)    Netlist Resource(s)
  -------------------------------------------------------------------    -------------------
                         (clock clock12 fall edge)   41.667    41.667 f  
    E3                                                0.000    41.667 f  clock100 (IN)
                         net (fo=0)                   0.000    41.667    clk_fix/inst/clk_in1
    E3                   IBUF (Prop_ibuf_I_O)         1.482    43.148 f  clk_fix/inst/clkin1_ibufg/O
                         net (fo=1, routed)           1.233    44.382    clk_fix/inst/clk_in1_clk_fix
    MMCME2_ADV_X1Y2      MMCME2_ADV (Prop_mmcme2_adv_CLKIN1_CLKOUT0)
                                                     -7.070    37.311 f  clk_fix/inst/mmcm_adv_inst/CLKOUT0
                         net (fo=1, routed)           1.719    39.031    clk_fix/inst/clk_out1_clk_fix
    BUFGCTRL_X0Y16       BUFG (Prop_bufg_I_O)         0.096    39.127 f  clk_fix/inst/clkout1_buf/O
                         net (fo=14035, routed)       1.635    40.762    chip_core/clock_ctrl/clk_out1
    SLICE_X37Y85         FDPE                                         r  chip_core/clock_ctrl/reset_delay_reg[0]/C  (IS_INVERTED)
  -------------------------------------------------------------------    -------------------
    SLICE_X37Y85         FDPE (Prop_fdpe_C_Q)         0.459    41.221 f  chip_core/clock_ctrl/reset_delay_reg[0]/Q
                         net (fo=9722, routed)       14.957    56.178    chip_core/mprj/Q[0]
    SLICE_X41Y25         FDCE                                         f  chip_core/mprj/SevenSegDisplay_reg[20]/CLR
  -------------------------------------------------------------------    -------------------

                         (clock clock12 rise edge)   83.333    83.333 r  
    E3                                                0.000    83.333 r  clock100 (IN)
                         net (fo=0)                   0.000    83.333    clk_fix/inst/clk_in1
    E3                   IBUF (Prop_ibuf_I_O)         1.411    84.745 r  clk_fix/inst/clkin1_ibufg/O
                         net (fo=1, routed)           1.162    85.906    clk_fix/inst/clk_in1_clk_fix
    MMCME2_ADV_X1Y2      MMCME2_ADV (Prop_mmcme2_adv_CLKIN1_CLKOUT0)
                                                     -7.324    78.583 r  clk_fix/inst/mmcm_adv_inst/CLKOUT0
                         net (fo=1, routed)           1.639    80.222    clk_fix/inst/clk_out1_clk_fix
    BUFGCTRL_X0Y16       BUFG (Prop_bufg_I_O)         0.091    80.313 r  clk_fix/inst/clkout1_buf/O
                         net (fo=14035, routed)       1.666    81.979    chip_core/mprj/clk_out1
    SLICE_X41Y25         FDCE                                         r  chip_core/mprj/SevenSegDisplay_reg[20]/C
                         clock pessimism              0.487    82.466    
                         clock uncertainty           -0.176    82.290    
    SLICE_X41Y25         FDCE (Recov_fdce_C_CLR)     -0.405    81.885    chip_core/mprj/SevenSegDisplay_reg[20]
  -------------------------------------------------------------------
                         required time                         81.885    
                         arrival time                         -56.178    
  -------------------------------------------------------------------
                         slack                                 25.707    

Slack (MET) :             25.707ns  (required time - arrival time)
  Source:                 chip_core/clock_ctrl/reset_delay_reg[0]/C
                            (falling edge-triggered cell FDPE clocked by clock12  {rise@0.000ns fall@41.667ns period=83.333ns})
  Destination:            chip_core/mprj/SevenSegDisplay_reg[23]/CLR
                            (recovery check against rising-edge clock clock12  {rise@0.000ns fall@41.667ns period=83.333ns})
  Path Group:             **async_default**
  Path Type:              Recovery (Max at Slow Process Corner)
  Requirement:            41.667ns  (clock12 rise@83.333ns - clock12 fall@41.667ns)
  Data Path Delay:        15.416ns  (logic 0.459ns (2.977%)  route 14.957ns (97.023%))
  Logic Levels:           0  
  Clock Path Skew:        0.038ns (DCD - SCD + CPR)
    Destination Clock Delay (DCD):    -1.355ns = ( 81.979 - 83.333 ) 
    Source Clock Delay      (SCD):    -0.905ns = ( 40.762 - 41.667 ) 
    Clock Pessimism Removal (CPR):    0.487ns
  Clock Uncertainty:      0.176ns  ((TSJ^2 + DJ^2)^1/2) / 2 + PE
    Total System Jitter     (TSJ):    0.071ns
    Discrete Jitter          (DJ):    0.346ns
    Phase Error              (PE):    0.000ns

    Location             Delay type                Incr(ns)  Path(ns)    Netlist Resource(s)
  -------------------------------------------------------------------    -------------------
                         (clock clock12 fall edge)   41.667    41.667 f  
    E3                                                0.000    41.667 f  clock100 (IN)
                         net (fo=0)                   0.000    41.667    clk_fix/inst/clk_in1
    E3                   IBUF (Prop_ibuf_I_O)         1.482    43.148 f  clk_fix/inst/clkin1_ibufg/O
                         net (fo=1, routed)           1.233    44.382    clk_fix/inst/clk_in1_clk_fix
    MMCME2_ADV_X1Y2      MMCME2_ADV (Prop_mmcme2_adv_CLKIN1_CLKOUT0)
                                                     -7.070    37.311 f  clk_fix/inst/mmcm_adv_inst/CLKOUT0
                         net (fo=1, routed)           1.719    39.031    clk_fix/inst/clk_out1_clk_fix
    BUFGCTRL_X0Y16       BUFG (Prop_bufg_I_O)         0.096    39.127 f  clk_fix/inst/clkout1_buf/O
                         net (fo=14035, routed)       1.635    40.762    chip_core/clock_ctrl/clk_out1
    SLICE_X37Y85         FDPE                                         r  chip_core/clock_ctrl/reset_delay_reg[0]/C  (IS_INVERTED)
  -------------------------------------------------------------------    -------------------
    SLICE_X37Y85         FDPE (Prop_fdpe_C_Q)         0.459    41.221 f  chip_core/clock_ctrl/reset_delay_reg[0]/Q
                         net (fo=9722, routed)       14.957    56.178    chip_core/mprj/Q[0]
    SLICE_X41Y25         FDCE                                         f  chip_core/mprj/SevenSegDisplay_reg[23]/CLR
  -------------------------------------------------------------------    -------------------

                         (clock clock12 rise edge)   83.333    83.333 r  
    E3                                                0.000    83.333 r  clock100 (IN)
                         net (fo=0)                   0.000    83.333    clk_fix/inst/clk_in1
    E3                   IBUF (Prop_ibuf_I_O)         1.411    84.745 r  clk_fix/inst/clkin1_ibufg/O
                         net (fo=1, routed)           1.162    85.906    clk_fix/inst/clk_in1_clk_fix
    MMCME2_ADV_X1Y2      MMCME2_ADV (Prop_mmcme2_adv_CLKIN1_CLKOUT0)
                                                     -7.324    78.583 r  clk_fix/inst/mmcm_adv_inst/CLKOUT0
                         net (fo=1, routed)           1.639    80.222    clk_fix/inst/clk_out1_clk_fix
    BUFGCTRL_X0Y16       BUFG (Prop_bufg_I_O)         0.091    80.313 r  clk_fix/inst/clkout1_buf/O
                         net (fo=14035, routed)       1.666    81.979    chip_core/mprj/clk_out1
    SLICE_X41Y25         FDCE                                         r  chip_core/mprj/SevenSegDisplay_reg[23]/C
                         clock pessimism              0.487    82.466    
                         clock uncertainty           -0.176    82.290    
    SLICE_X41Y25         FDCE (Recov_fdce_C_CLR)     -0.405    81.885    chip_core/mprj/SevenSegDisplay_reg[23]
  -------------------------------------------------------------------
                         required time                         81.885    
                         arrival time                         -56.178    
  -------------------------------------------------------------------
                         slack                                 25.707    

Slack (MET) :             26.029ns  (required time - arrival time)
  Source:                 chip_core/clock_ctrl/reset_delay_reg[0]/C
                            (falling edge-triggered cell FDPE clocked by clock12  {rise@0.000ns fall@41.667ns period=83.333ns})
  Destination:            chip_core/mprj/SevenSegDisplay_reg[4]/CLR
                            (recovery check against rising-edge clock clock12  {rise@0.000ns fall@41.667ns period=83.333ns})
  Path Group:             **async_default**
  Path Type:              Recovery (Max at Slow Process Corner)
  Requirement:            41.667ns  (clock12 rise@83.333ns - clock12 fall@41.667ns)
  Data Path Delay:        15.096ns  (logic 0.459ns (3.041%)  route 14.637ns (96.959%))
  Logic Levels:           0  
  Clock Path Skew:        0.040ns (DCD - SCD + CPR)
    Destination Clock Delay (DCD):    -1.353ns = ( 81.981 - 83.333 ) 
    Source Clock Delay      (SCD):    -0.905ns = ( 40.762 - 41.667 ) 
    Clock Pessimism Removal (CPR):    0.487ns
  Clock Uncertainty:      0.176ns  ((TSJ^2 + DJ^2)^1/2) / 2 + PE
    Total System Jitter     (TSJ):    0.071ns
    Discrete Jitter          (DJ):    0.346ns
    Phase Error              (PE):    0.000ns

    Location             Delay type                Incr(ns)  Path(ns)    Netlist Resource(s)
  -------------------------------------------------------------------    -------------------
                         (clock clock12 fall edge)   41.667    41.667 f  
    E3                                                0.000    41.667 f  clock100 (IN)
                         net (fo=0)                   0.000    41.667    clk_fix/inst/clk_in1
    E3                   IBUF (Prop_ibuf_I_O)         1.482    43.148 f  clk_fix/inst/clkin1_ibufg/O
                         net (fo=1, routed)           1.233    44.382    clk_fix/inst/clk_in1_clk_fix
    MMCME2_ADV_X1Y2      MMCME2_ADV (Prop_mmcme2_adv_CLKIN1_CLKOUT0)
                                                     -7.070    37.311 f  clk_fix/inst/mmcm_adv_inst/CLKOUT0
                         net (fo=1, routed)           1.719    39.031    clk_fix/inst/clk_out1_clk_fix
    BUFGCTRL_X0Y16       BUFG (Prop_bufg_I_O)         0.096    39.127 f  clk_fix/inst/clkout1_buf/O
                         net (fo=14035, routed)       1.635    40.762    chip_core/clock_ctrl/clk_out1
    SLICE_X37Y85         FDPE                                         r  chip_core/clock_ctrl/reset_delay_reg[0]/C  (IS_INVERTED)
  -------------------------------------------------------------------    -------------------
    SLICE_X37Y85         FDPE (Prop_fdpe_C_Q)         0.459    41.221 f  chip_core/clock_ctrl/reset_delay_reg[0]/Q
                         net (fo=9722, routed)       14.637    55.858    chip_core/mprj/Q[0]
    SLICE_X37Y24         FDCE                                         f  chip_core/mprj/SevenSegDisplay_reg[4]/CLR
  -------------------------------------------------------------------    -------------------

                         (clock clock12 rise edge)   83.333    83.333 r  
    E3                                                0.000    83.333 r  clock100 (IN)
                         net (fo=0)                   0.000    83.333    clk_fix/inst/clk_in1
    E3                   IBUF (Prop_ibuf_I_O)         1.411    84.745 r  clk_fix/inst/clkin1_ibufg/O
                         net (fo=1, routed)           1.162    85.906    clk_fix/inst/clk_in1_clk_fix
    MMCME2_ADV_X1Y2      MMCME2_ADV (Prop_mmcme2_adv_CLKIN1_CLKOUT0)
                                                     -7.324    78.583 r  clk_fix/inst/mmcm_adv_inst/CLKOUT0
                         net (fo=1, routed)           1.639    80.222    clk_fix/inst/clk_out1_clk_fix
    BUFGCTRL_X0Y16       BUFG (Prop_bufg_I_O)         0.091    80.313 r  clk_fix/inst/clkout1_buf/O
                         net (fo=14035, routed)       1.668    81.981    chip_core/mprj/clk_out1
    SLICE_X37Y24         FDCE                                         r  chip_core/mprj/SevenSegDisplay_reg[4]/C
                         clock pessimism              0.487    82.468    
                         clock uncertainty           -0.176    82.292    
    SLICE_X37Y24         FDCE (Recov_fdce_C_CLR)     -0.405    81.887    chip_core/mprj/SevenSegDisplay_reg[4]
  -------------------------------------------------------------------
                         required time                         81.887    
                         arrival time                         -55.858    
  -------------------------------------------------------------------
                         slack                                 26.029    

Slack (MET) :             26.029ns  (required time - arrival time)
  Source:                 chip_core/clock_ctrl/reset_delay_reg[0]/C
                            (falling edge-triggered cell FDPE clocked by clock12  {rise@0.000ns fall@41.667ns period=83.333ns})
  Destination:            chip_core/mprj/SevenSegDisplay_reg[5]/CLR
                            (recovery check against rising-edge clock clock12  {rise@0.000ns fall@41.667ns period=83.333ns})
  Path Group:             **async_default**
  Path Type:              Recovery (Max at Slow Process Corner)
  Requirement:            41.667ns  (clock12 rise@83.333ns - clock12 fall@41.667ns)
  Data Path Delay:        15.096ns  (logic 0.459ns (3.041%)  route 14.637ns (96.959%))
  Logic Levels:           0  
  Clock Path Skew:        0.040ns (DCD - SCD + CPR)
    Destination Clock Delay (DCD):    -1.353ns = ( 81.981 - 83.333 ) 
    Source Clock Delay      (SCD):    -0.905ns = ( 40.762 - 41.667 ) 
    Clock Pessimism Removal (CPR):    0.487ns
  Clock Uncertainty:      0.176ns  ((TSJ^2 + DJ^2)^1/2) / 2 + PE
    Total System Jitter     (TSJ):    0.071ns
    Discrete Jitter          (DJ):    0.346ns
    Phase Error              (PE):    0.000ns

    Location             Delay type                Incr(ns)  Path(ns)    Netlist Resource(s)
  -------------------------------------------------------------------    -------------------
                         (clock clock12 fall edge)   41.667    41.667 f  
    E3                                                0.000    41.667 f  clock100 (IN)
                         net (fo=0)                   0.000    41.667    clk_fix/inst/clk_in1
    E3                   IBUF (Prop_ibuf_I_O)         1.482    43.148 f  clk_fix/inst/clkin1_ibufg/O
                         net (fo=1, routed)           1.233    44.382    clk_fix/inst/clk_in1_clk_fix
    MMCME2_ADV_X1Y2      MMCME2_ADV (Prop_mmcme2_adv_CLKIN1_CLKOUT0)
                                                     -7.070    37.311 f  clk_fix/inst/mmcm_adv_inst/CLKOUT0
                         net (fo=1, routed)           1.719    39.031    clk_fix/inst/clk_out1_clk_fix
    BUFGCTRL_X0Y16       BUFG (Prop_bufg_I_O)         0.096    39.127 f  clk_fix/inst/clkout1_buf/O
                         net (fo=14035, routed)       1.635    40.762    chip_core/clock_ctrl/clk_out1
    SLICE_X37Y85         FDPE                                         r  chip_core/clock_ctrl/reset_delay_reg[0]/C  (IS_INVERTED)
  -------------------------------------------------------------------    -------------------
    SLICE_X37Y85         FDPE (Prop_fdpe_C_Q)         0.459    41.221 f  chip_core/clock_ctrl/reset_delay_reg[0]/Q
                         net (fo=9722, routed)       14.637    55.858    chip_core/mprj/Q[0]
    SLICE_X37Y24         FDCE                                         f  chip_core/mprj/SevenSegDisplay_reg[5]/CLR
  -------------------------------------------------------------------    -------------------

                         (clock clock12 rise edge)   83.333    83.333 r  
    E3                                                0.000    83.333 r  clock100 (IN)
                         net (fo=0)                   0.000    83.333    clk_fix/inst/clk_in1
    E3                   IBUF (Prop_ibuf_I_O)         1.411    84.745 r  clk_fix/inst/clkin1_ibufg/O
                         net (fo=1, routed)           1.162    85.906    clk_fix/inst/clk_in1_clk_fix
    MMCME2_ADV_X1Y2      MMCME2_ADV (Prop_mmcme2_adv_CLKIN1_CLKOUT0)
                                                     -7.324    78.583 r  clk_fix/inst/mmcm_adv_inst/CLKOUT0
                         net (fo=1, routed)           1.639    80.222    clk_fix/inst/clk_out1_clk_fix
    BUFGCTRL_X0Y16       BUFG (Prop_bufg_I_O)         0.091    80.313 r  clk_fix/inst/clkout1_buf/O
                         net (fo=14035, routed)       1.668    81.981    chip_core/mprj/clk_out1
    SLICE_X37Y24         FDCE                                         r  chip_core/mprj/SevenSegDisplay_reg[5]/C
                         clock pessimism              0.487    82.468    
                         clock uncertainty           -0.176    82.292    
    SLICE_X37Y24         FDCE (Recov_fdce_C_CLR)     -0.405    81.887    chip_core/mprj/SevenSegDisplay_reg[5]
  -------------------------------------------------------------------
                         required time                         81.887    
                         arrival time                         -55.858    
  -------------------------------------------------------------------
                         slack                                 26.029    

Slack (MET) :             26.029ns  (required time - arrival time)
  Source:                 chip_core/clock_ctrl/reset_delay_reg[0]/C
                            (falling edge-triggered cell FDPE clocked by clock12  {rise@0.000ns fall@41.667ns period=83.333ns})
  Destination:            chip_core/mprj/SevenSegDisplay_reg[7]/CLR
                            (recovery check against rising-edge clock clock12  {rise@0.000ns fall@41.667ns period=83.333ns})
  Path Group:             **async_default**
  Path Type:              Recovery (Max at Slow Process Corner)
  Requirement:            41.667ns  (clock12 rise@83.333ns - clock12 fall@41.667ns)
  Data Path Delay:        15.096ns  (logic 0.459ns (3.041%)  route 14.637ns (96.959%))
  Logic Levels:           0  
  Clock Path Skew:        0.040ns (DCD - SCD + CPR)
    Destination Clock Delay (DCD):    -1.353ns = ( 81.981 - 83.333 ) 
    Source Clock Delay      (SCD):    -0.905ns = ( 40.762 - 41.667 ) 
    Clock Pessimism Removal (CPR):    0.487ns
  Clock Uncertainty:      0.176ns  ((TSJ^2 + DJ^2)^1/2) / 2 + PE
    Total System Jitter     (TSJ):    0.071ns
    Discrete Jitter          (DJ):    0.346ns
    Phase Error              (PE):    0.000ns

    Location             Delay type                Incr(ns)  Path(ns)    Netlist Resource(s)
  -------------------------------------------------------------------    -------------------
                         (clock clock12 fall edge)   41.667    41.667 f  
    E3                                                0.000    41.667 f  clock100 (IN)
                         net (fo=0)                   0.000    41.667    clk_fix/inst/clk_in1
    E3                   IBUF (Prop_ibuf_I_O)         1.482    43.148 f  clk_fix/inst/clkin1_ibufg/O
                         net (fo=1, routed)           1.233    44.382    clk_fix/inst/clk_in1_clk_fix
    MMCME2_ADV_X1Y2      MMCME2_ADV (Prop_mmcme2_adv_CLKIN1_CLKOUT0)
                                                     -7.070    37.311 f  clk_fix/inst/mmcm_adv_inst/CLKOUT0
                         net (fo=1, routed)           1.719    39.031    clk_fix/inst/clk_out1_clk_fix
    BUFGCTRL_X0Y16       BUFG (Prop_bufg_I_O)         0.096    39.127 f  clk_fix/inst/clkout1_buf/O
                         net (fo=14035, routed)       1.635    40.762    chip_core/clock_ctrl/clk_out1
    SLICE_X37Y85         FDPE                                         r  chip_core/clock_ctrl/reset_delay_reg[0]/C  (IS_INVERTED)
  -------------------------------------------------------------------    -------------------
    SLICE_X37Y85         FDPE (Prop_fdpe_C_Q)         0.459    41.221 f  chip_core/clock_ctrl/reset_delay_reg[0]/Q
                         net (fo=9722, routed)       14.637    55.858    chip_core/mprj/Q[0]
    SLICE_X37Y24         FDCE                                         f  chip_core/mprj/SevenSegDisplay_reg[7]/CLR
  -------------------------------------------------------------------    -------------------

                         (clock clock12 rise edge)   83.333    83.333 r  
    E3                                                0.000    83.333 r  clock100 (IN)
                         net (fo=0)                   0.000    83.333    clk_fix/inst/clk_in1
    E3                   IBUF (Prop_ibuf_I_O)         1.411    84.745 r  clk_fix/inst/clkin1_ibufg/O
                         net (fo=1, routed)           1.162    85.906    clk_fix/inst/clk_in1_clk_fix
    MMCME2_ADV_X1Y2      MMCME2_ADV (Prop_mmcme2_adv_CLKIN1_CLKOUT0)
                                                     -7.324    78.583 r  clk_fix/inst/mmcm_adv_inst/CLKOUT0
                         net (fo=1, routed)           1.639    80.222    clk_fix/inst/clk_out1_clk_fix
    BUFGCTRL_X0Y16       BUFG (Prop_bufg_I_O)         0.091    80.313 r  clk_fix/inst/clkout1_buf/O
                         net (fo=14035, routed)       1.668    81.981    chip_core/mprj/clk_out1
    SLICE_X37Y24         FDCE                                         r  chip_core/mprj/SevenSegDisplay_reg[7]/C
                         clock pessimism              0.487    82.468    
                         clock uncertainty           -0.176    82.292    
    SLICE_X37Y24         FDCE (Recov_fdce_C_CLR)     -0.405    81.887    chip_core/mprj/SevenSegDisplay_reg[7]
  -------------------------------------------------------------------
                         required time                         81.887    
                         arrival time                         -55.858    
  -------------------------------------------------------------------
                         slack                                 26.029    





Min Delay Paths
--------------------------------------------------------------------------------------
Slack (MET) :             0.518ns  (arrival time - required time)
  Source:                 chip_core/soc/core/int_rst_reg/C
                            (rising edge-triggered cell FDRE clocked by clock12  {rise@0.000ns fall@41.667ns period=83.333ns})
  Destination:            chip_core/soc/core/VexRiscv/DebugPlugin_resetIt_reg/CLR
                            (removal check against rising-edge clock clock12  {rise@0.000ns fall@41.667ns period=83.333ns})
  Path Group:             **async_default**
  Path Type:              Removal (Min at Fast Process Corner)
  Requirement:            0.000ns  (clock12 rise@0.000ns - clock12 rise@0.000ns)
  Data Path Delay:        0.457ns  (logic 0.141ns (30.868%)  route 0.316ns (69.132%))
  Logic Levels:           0  
  Clock Path Skew:        0.031ns (DCD - SCD - CPR)
    Destination Clock Delay (DCD):    -0.776ns
    Source Clock Delay      (SCD):    -0.536ns
    Clock Pessimism Removal (CPR):    -0.272ns

    Location             Delay type                Incr(ns)  Path(ns)    Netlist Resource(s)
  -------------------------------------------------------------------    -------------------
                         (clock clock12 rise edge)    0.000     0.000 r  
    E3                                                0.000     0.000 r  clock100 (IN)
                         net (fo=0)                   0.000     0.000    clk_fix/inst/clk_in1
    E3                   IBUF (Prop_ibuf_I_O)         0.250     0.250 r  clk_fix/inst/clkin1_ibufg/O
                         net (fo=1, routed)           0.440     0.690    clk_fix/inst/clk_in1_clk_fix
    MMCME2_ADV_X1Y2      MMCME2_ADV (Prop_mmcme2_adv_CLKIN1_CLKOUT0)
                                                     -2.379    -1.689 r  clk_fix/inst/mmcm_adv_inst/CLKOUT0
                         net (fo=1, routed)           0.499    -1.190    clk_fix/inst/clk_out1_clk_fix
    BUFGCTRL_X0Y16       BUFG (Prop_bufg_I_O)         0.026    -1.164 r  clk_fix/inst/clkout1_buf/O
                         net (fo=14035, routed)       0.628    -0.536    chip_core/soc/core/clk_out1
    SLICE_X31Y27         FDRE                                         r  chip_core/soc/core/int_rst_reg/C
  -------------------------------------------------------------------    -------------------
    SLICE_X31Y27         FDRE (Prop_fdre_C_Q)         0.141    -0.395 f  chip_core/soc/core/int_rst_reg/Q
                         net (fo=1065, routed)        0.316    -0.079    chip_core/soc/core/VexRiscv/DebugPlugin_haltedByBreak_reg_0
    SLICE_X31Y23         FDCE                                         f  chip_core/soc/core/VexRiscv/DebugPlugin_resetIt_reg/CLR
  -------------------------------------------------------------------    -------------------

                         (clock clock12 rise edge)    0.000     0.000 r  
    E3                                                0.000     0.000 r  clock100 (IN)
                         net (fo=0)                   0.000     0.000    clk_fix/inst/clk_in1
    E3                   IBUF (Prop_ibuf_I_O)         0.438     0.438 r  clk_fix/inst/clkin1_ibufg/O
                         net (fo=1, routed)           0.480     0.918    clk_fix/inst/clk_in1_clk_fix
    MMCME2_ADV_X1Y2      MMCME2_ADV (Prop_mmcme2_adv_CLKIN1_CLKOUT0)
                                                     -3.163    -2.245 r  clk_fix/inst/mmcm_adv_inst/CLKOUT0
                         net (fo=1, routed)           0.544    -1.702    clk_fix/inst/clk_out1_clk_fix
    BUFGCTRL_X0Y16       BUFG (Prop_bufg_I_O)         0.029    -1.673 r  clk_fix/inst/clkout1_buf/O
                         net (fo=14035, routed)       0.897    -0.776    chip_core/soc/core/VexRiscv/clk_out1
    SLICE_X31Y23         FDCE                                         r  chip_core/soc/core/VexRiscv/DebugPlugin_resetIt_reg/C
                         clock pessimism              0.272    -0.505    
    SLICE_X31Y23         FDCE (Remov_fdce_C_CLR)     -0.092    -0.597    chip_core/soc/core/VexRiscv/DebugPlugin_resetIt_reg
  -------------------------------------------------------------------
                         required time                          0.597    
                         arrival time                          -0.079    
  -------------------------------------------------------------------
                         slack                                  0.518    

Slack (MET) :             0.688ns  (arrival time - required time)
  Source:                 chip_core/por_fpga/reset_reg__0/C
                            (rising edge-triggered cell FDRE clocked by clock12  {rise@0.000ns fall@41.667ns period=83.333ns})
  Destination:            chip_core/housekeeping/serial_data_staging_1_reg[0]/CLR
                            (removal check against rising-edge clock clock12  {rise@0.000ns fall@41.667ns period=83.333ns})
  Path Group:             **async_default**
  Path Type:              Removal (Min at Fast Process Corner)
  Requirement:            0.000ns  (clock12 rise@0.000ns - clock12 rise@0.000ns)
  Data Path Delay:        0.862ns  (logic 0.141ns (16.364%)  route 0.721ns (83.636%))
  Logic Levels:           0  
  Clock Path Skew:        0.266ns (DCD - SCD - CPR)
    Destination Clock Delay (DCD):    -0.839ns
    Source Clock Delay      (SCD):    -0.596ns
    Clock Pessimism Removal (CPR):    -0.509ns

    Location             Delay type                Incr(ns)  Path(ns)    Netlist Resource(s)
  -------------------------------------------------------------------    -------------------
                         (clock clock12 rise edge)    0.000     0.000 r  
    E3                                                0.000     0.000 r  clock100 (IN)
                         net (fo=0)                   0.000     0.000    clk_fix/inst/clk_in1
    E3                   IBUF (Prop_ibuf_I_O)         0.250     0.250 r  clk_fix/inst/clkin1_ibufg/O
                         net (fo=1, routed)           0.440     0.690    clk_fix/inst/clk_in1_clk_fix
    MMCME2_ADV_X1Y2      MMCME2_ADV (Prop_mmcme2_adv_CLKIN1_CLKOUT0)
                                                     -2.379    -1.689 r  clk_fix/inst/mmcm_adv_inst/CLKOUT0
                         net (fo=1, routed)           0.499    -1.190    clk_fix/inst/clk_out1_clk_fix
    BUFGCTRL_X0Y16       BUFG (Prop_bufg_I_O)         0.026    -1.164 r  clk_fix/inst/clkout1_buf/O
                         net (fo=14035, routed)       0.568    -0.596    chip_core/por_fpga/clk_out1
    SLICE_X39Y96         FDRE                                         r  chip_core/por_fpga/reset_reg__0/C
  -------------------------------------------------------------------    -------------------
    SLICE_X39Y96         FDRE (Prop_fdre_C_Q)         0.141    -0.455 f  chip_core/por_fpga/reset_reg__0/Q
                         net (fo=663, routed)         0.721     0.265    chip_core/housekeeping/por
    SLICE_X39Y105        FDCE                                         f  chip_core/housekeeping/serial_data_staging_1_reg[0]/CLR
  -------------------------------------------------------------------    -------------------

                         (clock clock12 rise edge)    0.000     0.000 r  
    E3                                                0.000     0.000 r  clock100 (IN)
                         net (fo=0)                   0.000     0.000    clk_fix/inst/clk_in1
    E3                   IBUF (Prop_ibuf_I_O)         0.438     0.438 r  clk_fix/inst/clkin1_ibufg/O
                         net (fo=1, routed)           0.480     0.918    clk_fix/inst/clk_in1_clk_fix
    MMCME2_ADV_X1Y2      MMCME2_ADV (Prop_mmcme2_adv_CLKIN1_CLKOUT0)
                                                     -3.163    -2.245 r  clk_fix/inst/mmcm_adv_inst/CLKOUT0
                         net (fo=1, routed)           0.544    -1.702    clk_fix/inst/clk_out1_clk_fix
    BUFGCTRL_X0Y16       BUFG (Prop_bufg_I_O)         0.029    -1.673 r  clk_fix/inst/clkout1_buf/O
                         net (fo=14035, routed)       0.834    -0.839    chip_core/housekeeping/clk_out1
    SLICE_X39Y105        FDCE                                         r  chip_core/housekeeping/serial_data_staging_1_reg[0]/C
                         clock pessimism              0.509    -0.330    
    SLICE_X39Y105        FDCE (Remov_fdce_C_CLR)     -0.092    -0.422    chip_core/housekeeping/serial_data_staging_1_reg[0]
  -------------------------------------------------------------------
                         required time                          0.422    
                         arrival time                           0.265    
  -------------------------------------------------------------------
                         slack                                  0.688    

Slack (MET) :             0.688ns  (arrival time - required time)
  Source:                 chip_core/por_fpga/reset_reg__0/C
                            (rising edge-triggered cell FDRE clocked by clock12  {rise@0.000ns fall@41.667ns period=83.333ns})
  Destination:            chip_core/housekeeping/serial_data_staging_1_reg[8]/CLR
                            (removal check against rising-edge clock clock12  {rise@0.000ns fall@41.667ns period=83.333ns})
  Path Group:             **async_default**
  Path Type:              Removal (Min at Fast Process Corner)
  Requirement:            0.000ns  (clock12 rise@0.000ns - clock12 rise@0.000ns)
  Data Path Delay:        0.862ns  (logic 0.141ns (16.364%)  route 0.721ns (83.636%))
  Logic Levels:           0  
  Clock Path Skew:        0.266ns (DCD - SCD - CPR)
    Destination Clock Delay (DCD):    -0.839ns
    Source Clock Delay      (SCD):    -0.596ns
    Clock Pessimism Removal (CPR):    -0.509ns

    Location             Delay type                Incr(ns)  Path(ns)    Netlist Resource(s)
  -------------------------------------------------------------------    -------------------
                         (clock clock12 rise edge)    0.000     0.000 r  
    E3                                                0.000     0.000 r  clock100 (IN)
                         net (fo=0)                   0.000     0.000    clk_fix/inst/clk_in1
    E3                   IBUF (Prop_ibuf_I_O)         0.250     0.250 r  clk_fix/inst/clkin1_ibufg/O
                         net (fo=1, routed)           0.440     0.690    clk_fix/inst/clk_in1_clk_fix
    MMCME2_ADV_X1Y2      MMCME2_ADV (Prop_mmcme2_adv_CLKIN1_CLKOUT0)
                                                     -2.379    -1.689 r  clk_fix/inst/mmcm_adv_inst/CLKOUT0
                         net (fo=1, routed)           0.499    -1.190    clk_fix/inst/clk_out1_clk_fix
    BUFGCTRL_X0Y16       BUFG (Prop_bufg_I_O)         0.026    -1.164 r  clk_fix/inst/clkout1_buf/O
                         net (fo=14035, routed)       0.568    -0.596    chip_core/por_fpga/clk_out1
    SLICE_X39Y96         FDRE                                         r  chip_core/por_fpga/reset_reg__0/C
  -------------------------------------------------------------------    -------------------
    SLICE_X39Y96         FDRE (Prop_fdre_C_Q)         0.141    -0.455 f  chip_core/por_fpga/reset_reg__0/Q
                         net (fo=663, routed)         0.721     0.265    chip_core/housekeeping/por
    SLICE_X39Y105        FDCE                                         f  chip_core/housekeeping/serial_data_staging_1_reg[8]/CLR
  -------------------------------------------------------------------    -------------------

                         (clock clock12 rise edge)    0.000     0.000 r  
    E3                                                0.000     0.000 r  clock100 (IN)
                         net (fo=0)                   0.000     0.000    clk_fix/inst/clk_in1
    E3                   IBUF (Prop_ibuf_I_O)         0.438     0.438 r  clk_fix/inst/clkin1_ibufg/O
                         net (fo=1, routed)           0.480     0.918    clk_fix/inst/clk_in1_clk_fix
    MMCME2_ADV_X1Y2      MMCME2_ADV (Prop_mmcme2_adv_CLKIN1_CLKOUT0)
                                                     -3.163    -2.245 r  clk_fix/inst/mmcm_adv_inst/CLKOUT0
                         net (fo=1, routed)           0.544    -1.702    clk_fix/inst/clk_out1_clk_fix
    BUFGCTRL_X0Y16       BUFG (Prop_bufg_I_O)         0.029    -1.673 r  clk_fix/inst/clkout1_buf/O
                         net (fo=14035, routed)       0.834    -0.839    chip_core/housekeeping/clk_out1
    SLICE_X39Y105        FDCE                                         r  chip_core/housekeeping/serial_data_staging_1_reg[8]/C
                         clock pessimism              0.509    -0.330    
    SLICE_X39Y105        FDCE (Remov_fdce_C_CLR)     -0.092    -0.422    chip_core/housekeeping/serial_data_staging_1_reg[8]
  -------------------------------------------------------------------
                         required time                          0.422    
                         arrival time                           0.265    
  -------------------------------------------------------------------
                         slack                                  0.688    

Slack (MET) :             0.688ns  (arrival time - required time)
  Source:                 chip_core/por_fpga/reset_reg__0/C
                            (rising edge-triggered cell FDRE clocked by clock12  {rise@0.000ns fall@41.667ns period=83.333ns})
  Destination:            chip_core/housekeeping/serial_data_staging_2_reg[3]/CLR
                            (removal check against rising-edge clock clock12  {rise@0.000ns fall@41.667ns period=83.333ns})
  Path Group:             **async_default**
  Path Type:              Removal (Min at Fast Process Corner)
  Requirement:            0.000ns  (clock12 rise@0.000ns - clock12 rise@0.000ns)
  Data Path Delay:        0.862ns  (logic 0.141ns (16.364%)  route 0.721ns (83.636%))
  Logic Levels:           0  
  Clock Path Skew:        0.266ns (DCD - SCD - CPR)
    Destination Clock Delay (DCD):    -0.839ns
    Source Clock Delay      (SCD):    -0.596ns
    Clock Pessimism Removal (CPR):    -0.509ns

    Location             Delay type                Incr(ns)  Path(ns)    Netlist Resource(s)
  -------------------------------------------------------------------    -------------------
                         (clock clock12 rise edge)    0.000     0.000 r  
    E3                                                0.000     0.000 r  clock100 (IN)
                         net (fo=0)                   0.000     0.000    clk_fix/inst/clk_in1
    E3                   IBUF (Prop_ibuf_I_O)         0.250     0.250 r  clk_fix/inst/clkin1_ibufg/O
                         net (fo=1, routed)           0.440     0.690    clk_fix/inst/clk_in1_clk_fix
    MMCME2_ADV_X1Y2      MMCME2_ADV (Prop_mmcme2_adv_CLKIN1_CLKOUT0)
                                                     -2.379    -1.689 r  clk_fix/inst/mmcm_adv_inst/CLKOUT0
                         net (fo=1, routed)           0.499    -1.190    clk_fix/inst/clk_out1_clk_fix
    BUFGCTRL_X0Y16       BUFG (Prop_bufg_I_O)         0.026    -1.164 r  clk_fix/inst/clkout1_buf/O
                         net (fo=14035, routed)       0.568    -0.596    chip_core/por_fpga/clk_out1
    SLICE_X39Y96         FDRE                                         r  chip_core/por_fpga/reset_reg__0/C
  -------------------------------------------------------------------    -------------------
    SLICE_X39Y96         FDRE (Prop_fdre_C_Q)         0.141    -0.455 f  chip_core/por_fpga/reset_reg__0/Q
                         net (fo=663, routed)         0.721     0.265    chip_core/housekeeping/por
    SLICE_X39Y105        FDCE                                         f  chip_core/housekeeping/serial_data_staging_2_reg[3]/CLR
  -------------------------------------------------------------------    -------------------

                         (clock clock12 rise edge)    0.000     0.000 r  
    E3                                                0.000     0.000 r  clock100 (IN)
                         net (fo=0)                   0.000     0.000    clk_fix/inst/clk_in1
    E3                   IBUF (Prop_ibuf_I_O)         0.438     0.438 r  clk_fix/inst/clkin1_ibufg/O
                         net (fo=1, routed)           0.480     0.918    clk_fix/inst/clk_in1_clk_fix
    MMCME2_ADV_X1Y2      MMCME2_ADV (Prop_mmcme2_adv_CLKIN1_CLKOUT0)
                                                     -3.163    -2.245 r  clk_fix/inst/mmcm_adv_inst/CLKOUT0
                         net (fo=1, routed)           0.544    -1.702    clk_fix/inst/clk_out1_clk_fix
    BUFGCTRL_X0Y16       BUFG (Prop_bufg_I_O)         0.029    -1.673 r  clk_fix/inst/clkout1_buf/O
                         net (fo=14035, routed)       0.834    -0.839    chip_core/housekeeping/clk_out1
    SLICE_X39Y105        FDCE                                         r  chip_core/housekeeping/serial_data_staging_2_reg[3]/C
                         clock pessimism              0.509    -0.330    
    SLICE_X39Y105        FDCE (Remov_fdce_C_CLR)     -0.092    -0.422    chip_core/housekeeping/serial_data_staging_2_reg[3]
  -------------------------------------------------------------------
                         required time                          0.422    
                         arrival time                           0.265    
  -------------------------------------------------------------------
                         slack                                  0.688    

Slack (MET) :             0.688ns  (arrival time - required time)
  Source:                 chip_core/por_fpga/reset_reg__0/C
                            (rising edge-triggered cell FDRE clocked by clock12  {rise@0.000ns fall@41.667ns period=83.333ns})
  Destination:            chip_core/housekeeping/serial_data_staging_2_reg[4]/CLR
                            (removal check against rising-edge clock clock12  {rise@0.000ns fall@41.667ns period=83.333ns})
  Path Group:             **async_default**
  Path Type:              Removal (Min at Fast Process Corner)
  Requirement:            0.000ns  (clock12 rise@0.000ns - clock12 rise@0.000ns)
  Data Path Delay:        0.862ns  (logic 0.141ns (16.364%)  route 0.721ns (83.636%))
  Logic Levels:           0  
  Clock Path Skew:        0.266ns (DCD - SCD - CPR)
    Destination Clock Delay (DCD):    -0.839ns
    Source Clock Delay      (SCD):    -0.596ns
    Clock Pessimism Removal (CPR):    -0.509ns

    Location             Delay type                Incr(ns)  Path(ns)    Netlist Resource(s)
  -------------------------------------------------------------------    -------------------
                         (clock clock12 rise edge)    0.000     0.000 r  
    E3                                                0.000     0.000 r  clock100 (IN)
                         net (fo=0)                   0.000     0.000    clk_fix/inst/clk_in1
    E3                   IBUF (Prop_ibuf_I_O)         0.250     0.250 r  clk_fix/inst/clkin1_ibufg/O
                         net (fo=1, routed)           0.440     0.690    clk_fix/inst/clk_in1_clk_fix
    MMCME2_ADV_X1Y2      MMCME2_ADV (Prop_mmcme2_adv_CLKIN1_CLKOUT0)
                                                     -2.379    -1.689 r  clk_fix/inst/mmcm_adv_inst/CLKOUT0
                         net (fo=1, routed)           0.499    -1.190    clk_fix/inst/clk_out1_clk_fix
    BUFGCTRL_X0Y16       BUFG (Prop_bufg_I_O)         0.026    -1.164 r  clk_fix/inst/clkout1_buf/O
                         net (fo=14035, routed)       0.568    -0.596    chip_core/por_fpga/clk_out1
    SLICE_X39Y96         FDRE                                         r  chip_core/por_fpga/reset_reg__0/C
  -------------------------------------------------------------------    -------------------
    SLICE_X39Y96         FDRE (Prop_fdre_C_Q)         0.141    -0.455 f  chip_core/por_fpga/reset_reg__0/Q
                         net (fo=663, routed)         0.721     0.265    chip_core/housekeeping/por
    SLICE_X39Y105        FDCE                                         f  chip_core/housekeeping/serial_data_staging_2_reg[4]/CLR
  -------------------------------------------------------------------    -------------------

                         (clock clock12 rise edge)    0.000     0.000 r  
    E3                                                0.000     0.000 r  clock100 (IN)
                         net (fo=0)                   0.000     0.000    clk_fix/inst/clk_in1
    E3                   IBUF (Prop_ibuf_I_O)         0.438     0.438 r  clk_fix/inst/clkin1_ibufg/O
                         net (fo=1, routed)           0.480     0.918    clk_fix/inst/clk_in1_clk_fix
    MMCME2_ADV_X1Y2      MMCME2_ADV (Prop_mmcme2_adv_CLKIN1_CLKOUT0)
                                                     -3.163    -2.245 r  clk_fix/inst/mmcm_adv_inst/CLKOUT0
                         net (fo=1, routed)           0.544    -1.702    clk_fix/inst/clk_out1_clk_fix
    BUFGCTRL_X0Y16       BUFG (Prop_bufg_I_O)         0.029    -1.673 r  clk_fix/inst/clkout1_buf/O
                         net (fo=14035, routed)       0.834    -0.839    chip_core/housekeeping/clk_out1
    SLICE_X39Y105        FDCE                                         r  chip_core/housekeeping/serial_data_staging_2_reg[4]/C
                         clock pessimism              0.509    -0.330    
    SLICE_X39Y105        FDCE (Remov_fdce_C_CLR)     -0.092    -0.422    chip_core/housekeeping/serial_data_staging_2_reg[4]
  -------------------------------------------------------------------
                         required time                          0.422    
                         arrival time                           0.265    
  -------------------------------------------------------------------
                         slack                                  0.688    

Slack (MET) :             0.716ns  (arrival time - required time)
  Source:                 chip_core/por_fpga/reset_reg__0/C
                            (rising edge-triggered cell FDRE clocked by clock12  {rise@0.000ns fall@41.667ns period=83.333ns})
  Destination:            chip_core/housekeeping/serial_data_staging_1_reg[1]/CLR
                            (removal check against rising-edge clock clock12  {rise@0.000ns fall@41.667ns period=83.333ns})
  Path Group:             **async_default**
  Path Type:              Removal (Min at Fast Process Corner)
  Requirement:            0.000ns  (clock12 rise@0.000ns - clock12 rise@0.000ns)
  Data Path Delay:        0.888ns  (logic 0.141ns (15.877%)  route 0.747ns (84.123%))
  Logic Levels:           0  
  Clock Path Skew:        0.264ns (DCD - SCD - CPR)
    Destination Clock Delay (DCD):    -0.841ns
    Source Clock Delay      (SCD):    -0.596ns
    Clock Pessimism Removal (CPR):    -0.509ns

    Location             Delay type                Incr(ns)  Path(ns)    Netlist Resource(s)
  -------------------------------------------------------------------    -------------------
                         (clock clock12 rise edge)    0.000     0.000 r  
    E3                                                0.000     0.000 r  clock100 (IN)
                         net (fo=0)                   0.000     0.000    clk_fix/inst/clk_in1
    E3                   IBUF (Prop_ibuf_I_O)         0.250     0.250 r  clk_fix/inst/clkin1_ibufg/O
                         net (fo=1, routed)           0.440     0.690    clk_fix/inst/clk_in1_clk_fix
    MMCME2_ADV_X1Y2      MMCME2_ADV (Prop_mmcme2_adv_CLKIN1_CLKOUT0)
                                                     -2.379    -1.689 r  clk_fix/inst/mmcm_adv_inst/CLKOUT0
                         net (fo=1, routed)           0.499    -1.190    clk_fix/inst/clk_out1_clk_fix
    BUFGCTRL_X0Y16       BUFG (Prop_bufg_I_O)         0.026    -1.164 r  clk_fix/inst/clkout1_buf/O
                         net (fo=14035, routed)       0.568    -0.596    chip_core/por_fpga/clk_out1
    SLICE_X39Y96         FDRE                                         r  chip_core/por_fpga/reset_reg__0/C
  -------------------------------------------------------------------    -------------------
    SLICE_X39Y96         FDRE (Prop_fdre_C_Q)         0.141    -0.455 f  chip_core/por_fpga/reset_reg__0/Q
                         net (fo=663, routed)         0.747     0.292    chip_core/housekeeping/por
    SLICE_X45Y105        FDCE                                         f  chip_core/housekeeping/serial_data_staging_1_reg[1]/CLR
  -------------------------------------------------------------------    -------------------

                         (clock clock12 rise edge)    0.000     0.000 r  
    E3                                                0.000     0.000 r  clock100 (IN)
                         net (fo=0)                   0.000     0.000    clk_fix/inst/clk_in1
    E3                   IBUF (Prop_ibuf_I_O)         0.438     0.438 r  clk_fix/inst/clkin1_ibufg/O
                         net (fo=1, routed)           0.480     0.918    clk_fix/inst/clk_in1_clk_fix
    MMCME2_ADV_X1Y2      MMCME2_ADV (Prop_mmcme2_adv_CLKIN1_CLKOUT0)
                                                     -3.163    -2.245 r  clk_fix/inst/mmcm_adv_inst/CLKOUT0
                         net (fo=1, routed)           0.544    -1.702    clk_fix/inst/clk_out1_clk_fix
    BUFGCTRL_X0Y16       BUFG (Prop_bufg_I_O)         0.029    -1.673 r  clk_fix/inst/clkout1_buf/O
                         net (fo=14035, routed)       0.831    -0.841    chip_core/housekeeping/clk_out1
    SLICE_X45Y105        FDCE                                         r  chip_core/housekeeping/serial_data_staging_1_reg[1]/C
                         clock pessimism              0.509    -0.332    
    SLICE_X45Y105        FDCE (Remov_fdce_C_CLR)     -0.092    -0.424    chip_core/housekeeping/serial_data_staging_1_reg[1]
  -------------------------------------------------------------------
                         required time                          0.424    
                         arrival time                           0.292    
  -------------------------------------------------------------------
                         slack                                  0.716    

Slack (MET) :             0.716ns  (arrival time - required time)
  Source:                 chip_core/por_fpga/reset_reg__0/C
                            (rising edge-triggered cell FDRE clocked by clock12  {rise@0.000ns fall@41.667ns period=83.333ns})
  Destination:            chip_core/housekeeping/serial_data_staging_1_reg[2]/CLR
                            (removal check against rising-edge clock clock12  {rise@0.000ns fall@41.667ns period=83.333ns})
  Path Group:             **async_default**
  Path Type:              Removal (Min at Fast Process Corner)
  Requirement:            0.000ns  (clock12 rise@0.000ns - clock12 rise@0.000ns)
  Data Path Delay:        0.888ns  (logic 0.141ns (15.877%)  route 0.747ns (84.123%))
  Logic Levels:           0  
  Clock Path Skew:        0.264ns (DCD - SCD - CPR)
    Destination Clock Delay (DCD):    -0.841ns
    Source Clock Delay      (SCD):    -0.596ns
    Clock Pessimism Removal (CPR):    -0.509ns

    Location             Delay type                Incr(ns)  Path(ns)    Netlist Resource(s)
  -------------------------------------------------------------------    -------------------
                         (clock clock12 rise edge)    0.000     0.000 r  
    E3                                                0.000     0.000 r  clock100 (IN)
                         net (fo=0)                   0.000     0.000    clk_fix/inst/clk_in1
    E3                   IBUF (Prop_ibuf_I_O)         0.250     0.250 r  clk_fix/inst/clkin1_ibufg/O
                         net (fo=1, routed)           0.440     0.690    clk_fix/inst/clk_in1_clk_fix
    MMCME2_ADV_X1Y2      MMCME2_ADV (Prop_mmcme2_adv_CLKIN1_CLKOUT0)
                                                     -2.379    -1.689 r  clk_fix/inst/mmcm_adv_inst/CLKOUT0
                         net (fo=1, routed)           0.499    -1.190    clk_fix/inst/clk_out1_clk_fix
    BUFGCTRL_X0Y16       BUFG (Prop_bufg_I_O)         0.026    -1.164 r  clk_fix/inst/clkout1_buf/O
                         net (fo=14035, routed)       0.568    -0.596    chip_core/por_fpga/clk_out1
    SLICE_X39Y96         FDRE                                         r  chip_core/por_fpga/reset_reg__0/C
  -------------------------------------------------------------------    -------------------
    SLICE_X39Y96         FDRE (Prop_fdre_C_Q)         0.141    -0.455 f  chip_core/por_fpga/reset_reg__0/Q
                         net (fo=663, routed)         0.747     0.292    chip_core/housekeeping/por
    SLICE_X45Y105        FDCE                                         f  chip_core/housekeeping/serial_data_staging_1_reg[2]/CLR
  -------------------------------------------------------------------    -------------------

                         (clock clock12 rise edge)    0.000     0.000 r  
    E3                                                0.000     0.000 r  clock100 (IN)
                         net (fo=0)                   0.000     0.000    clk_fix/inst/clk_in1
    E3                   IBUF (Prop_ibuf_I_O)         0.438     0.438 r  clk_fix/inst/clkin1_ibufg/O
                         net (fo=1, routed)           0.480     0.918    clk_fix/inst/clk_in1_clk_fix
    MMCME2_ADV_X1Y2      MMCME2_ADV (Prop_mmcme2_adv_CLKIN1_CLKOUT0)
                                                     -3.163    -2.245 r  clk_fix/inst/mmcm_adv_inst/CLKOUT0
                         net (fo=1, routed)           0.544    -1.702    clk_fix/inst/clk_out1_clk_fix
    BUFGCTRL_X0Y16       BUFG (Prop_bufg_I_O)         0.029    -1.673 r  clk_fix/inst/clkout1_buf/O
                         net (fo=14035, routed)       0.831    -0.841    chip_core/housekeeping/clk_out1
    SLICE_X45Y105        FDCE                                         r  chip_core/housekeeping/serial_data_staging_1_reg[2]/C
                         clock pessimism              0.509    -0.332    
    SLICE_X45Y105        FDCE (Remov_fdce_C_CLR)     -0.092    -0.424    chip_core/housekeeping/serial_data_staging_1_reg[2]
  -------------------------------------------------------------------
                         required time                          0.424    
                         arrival time                           0.292    
  -------------------------------------------------------------------
                         slack                                  0.716    

Slack (MET) :             0.716ns  (arrival time - required time)
  Source:                 chip_core/por_fpga/reset_reg__0/C
                            (rising edge-triggered cell FDRE clocked by clock12  {rise@0.000ns fall@41.667ns period=83.333ns})
  Destination:            chip_core/housekeeping/serial_data_staging_1_reg[3]/CLR
                            (removal check against rising-edge clock clock12  {rise@0.000ns fall@41.667ns period=83.333ns})
  Path Group:             **async_default**
  Path Type:              Removal (Min at Fast Process Corner)
  Requirement:            0.000ns  (clock12 rise@0.000ns - clock12 rise@0.000ns)
  Data Path Delay:        0.888ns  (logic 0.141ns (15.877%)  route 0.747ns (84.123%))
  Logic Levels:           0  
  Clock Path Skew:        0.264ns (DCD - SCD - CPR)
    Destination Clock Delay (DCD):    -0.841ns
    Source Clock Delay      (SCD):    -0.596ns
    Clock Pessimism Removal (CPR):    -0.509ns

    Location             Delay type                Incr(ns)  Path(ns)    Netlist Resource(s)
  -------------------------------------------------------------------    -------------------
                         (clock clock12 rise edge)    0.000     0.000 r  
    E3                                                0.000     0.000 r  clock100 (IN)
                         net (fo=0)                   0.000     0.000    clk_fix/inst/clk_in1
    E3                   IBUF (Prop_ibuf_I_O)         0.250     0.250 r  clk_fix/inst/clkin1_ibufg/O
                         net (fo=1, routed)           0.440     0.690    clk_fix/inst/clk_in1_clk_fix
    MMCME2_ADV_X1Y2      MMCME2_ADV (Prop_mmcme2_adv_CLKIN1_CLKOUT0)
                                                     -2.379    -1.689 r  clk_fix/inst/mmcm_adv_inst/CLKOUT0
                         net (fo=1, routed)           0.499    -1.190    clk_fix/inst/clk_out1_clk_fix
    BUFGCTRL_X0Y16       BUFG (Prop_bufg_I_O)         0.026    -1.164 r  clk_fix/inst/clkout1_buf/O
                         net (fo=14035, routed)       0.568    -0.596    chip_core/por_fpga/clk_out1
    SLICE_X39Y96         FDRE                                         r  chip_core/por_fpga/reset_reg__0/C
  -------------------------------------------------------------------    -------------------
    SLICE_X39Y96         FDRE (Prop_fdre_C_Q)         0.141    -0.455 f  chip_core/por_fpga/reset_reg__0/Q
                         net (fo=663, routed)         0.747     0.292    chip_core/housekeeping/por
    SLICE_X45Y105        FDCE                                         f  chip_core/housekeeping/serial_data_staging_1_reg[3]/CLR
  -------------------------------------------------------------------    -------------------

                         (clock clock12 rise edge)    0.000     0.000 r  
    E3                                                0.000     0.000 r  clock100 (IN)
                         net (fo=0)                   0.000     0.000    clk_fix/inst/clk_in1
    E3                   IBUF (Prop_ibuf_I_O)         0.438     0.438 r  clk_fix/inst/clkin1_ibufg/O
                         net (fo=1, routed)           0.480     0.918    clk_fix/inst/clk_in1_clk_fix
    MMCME2_ADV_X1Y2      MMCME2_ADV (Prop_mmcme2_adv_CLKIN1_CLKOUT0)
                                                     -3.163    -2.245 r  clk_fix/inst/mmcm_adv_inst/CLKOUT0
                         net (fo=1, routed)           0.544    -1.702    clk_fix/inst/clk_out1_clk_fix
    BUFGCTRL_X0Y16       BUFG (Prop_bufg_I_O)         0.029    -1.673 r  clk_fix/inst/clkout1_buf/O
                         net (fo=14035, routed)       0.831    -0.841    chip_core/housekeeping/clk_out1
    SLICE_X45Y105        FDCE                                         r  chip_core/housekeeping/serial_data_staging_1_reg[3]/C
                         clock pessimism              0.509    -0.332    
    SLICE_X45Y105        FDCE (Remov_fdce_C_CLR)     -0.092    -0.424    chip_core/housekeeping/serial_data_staging_1_reg[3]
  -------------------------------------------------------------------
                         required time                          0.424    
                         arrival time                           0.292    
  -------------------------------------------------------------------
                         slack                                  0.716    

Slack (MET) :             0.716ns  (arrival time - required time)
  Source:                 chip_core/por_fpga/reset_reg__0/C
                            (rising edge-triggered cell FDRE clocked by clock12  {rise@0.000ns fall@41.667ns period=83.333ns})
  Destination:            chip_core/housekeeping/serial_data_staging_1_reg[4]/CLR
                            (removal check against rising-edge clock clock12  {rise@0.000ns fall@41.667ns period=83.333ns})
  Path Group:             **async_default**
  Path Type:              Removal (Min at Fast Process Corner)
  Requirement:            0.000ns  (clock12 rise@0.000ns - clock12 rise@0.000ns)
  Data Path Delay:        0.888ns  (logic 0.141ns (15.877%)  route 0.747ns (84.123%))
  Logic Levels:           0  
  Clock Path Skew:        0.264ns (DCD - SCD - CPR)
    Destination Clock Delay (DCD):    -0.841ns
    Source Clock Delay      (SCD):    -0.596ns
    Clock Pessimism Removal (CPR):    -0.509ns

    Location             Delay type                Incr(ns)  Path(ns)    Netlist Resource(s)
  -------------------------------------------------------------------    -------------------
                         (clock clock12 rise edge)    0.000     0.000 r  
    E3                                                0.000     0.000 r  clock100 (IN)
                         net (fo=0)                   0.000     0.000    clk_fix/inst/clk_in1
    E3                   IBUF (Prop_ibuf_I_O)         0.250     0.250 r  clk_fix/inst/clkin1_ibufg/O
                         net (fo=1, routed)           0.440     0.690    clk_fix/inst/clk_in1_clk_fix
    MMCME2_ADV_X1Y2      MMCME2_ADV (Prop_mmcme2_adv_CLKIN1_CLKOUT0)
                                                     -2.379    -1.689 r  clk_fix/inst/mmcm_adv_inst/CLKOUT0
                         net (fo=1, routed)           0.499    -1.190    clk_fix/inst/clk_out1_clk_fix
    BUFGCTRL_X0Y16       BUFG (Prop_bufg_I_O)         0.026    -1.164 r  clk_fix/inst/clkout1_buf/O
                         net (fo=14035, routed)       0.568    -0.596    chip_core/por_fpga/clk_out1
    SLICE_X39Y96         FDRE                                         r  chip_core/por_fpga/reset_reg__0/C
  -------------------------------------------------------------------    -------------------
    SLICE_X39Y96         FDRE (Prop_fdre_C_Q)         0.141    -0.455 f  chip_core/por_fpga/reset_reg__0/Q
                         net (fo=663, routed)         0.747     0.292    chip_core/housekeeping/por
    SLICE_X45Y105        FDCE                                         f  chip_core/housekeeping/serial_data_staging_1_reg[4]/CLR
  -------------------------------------------------------------------    -------------------

                         (clock clock12 rise edge)    0.000     0.000 r  
    E3                                                0.000     0.000 r  clock100 (IN)
                         net (fo=0)                   0.000     0.000    clk_fix/inst/clk_in1
    E3                   IBUF (Prop_ibuf_I_O)         0.438     0.438 r  clk_fix/inst/clkin1_ibufg/O
                         net (fo=1, routed)           0.480     0.918    clk_fix/inst/clk_in1_clk_fix
    MMCME2_ADV_X1Y2      MMCME2_ADV (Prop_mmcme2_adv_CLKIN1_CLKOUT0)
                                                     -3.163    -2.245 r  clk_fix/inst/mmcm_adv_inst/CLKOUT0
                         net (fo=1, routed)           0.544    -1.702    clk_fix/inst/clk_out1_clk_fix
    BUFGCTRL_X0Y16       BUFG (Prop_bufg_I_O)         0.029    -1.673 r  clk_fix/inst/clkout1_buf/O
                         net (fo=14035, routed)       0.831    -0.841    chip_core/housekeeping/clk_out1
    SLICE_X45Y105        FDCE                                         r  chip_core/housekeeping/serial_data_staging_1_reg[4]/C
                         clock pessimism              0.509    -0.332    
    SLICE_X45Y105        FDCE (Remov_fdce_C_CLR)     -0.092    -0.424    chip_core/housekeeping/serial_data_staging_1_reg[4]
  -------------------------------------------------------------------
                         required time                          0.424    
                         arrival time                           0.292    
  -------------------------------------------------------------------
                         slack                                  0.716    

Slack (MET) :             0.754ns  (arrival time - required time)
  Source:                 chip_core/por_fpga/reset_reg__0/C
                            (rising edge-triggered cell FDRE clocked by clock12  {rise@0.000ns fall@41.667ns period=83.333ns})
  Destination:            chip_core/housekeeping/FSM_sequential_xfer_state_reg[0]/CLR
                            (removal check against rising-edge clock clock12  {rise@0.000ns fall@41.667ns period=83.333ns})
  Path Group:             **async_default**
  Path Type:              Removal (Min at Fast Process Corner)
  Requirement:            0.000ns  (clock12 rise@0.000ns - clock12 rise@0.000ns)
  Data Path Delay:        0.926ns  (logic 0.141ns (15.232%)  route 0.785ns (84.768%))
  Logic Levels:           0  
  Clock Path Skew:        0.264ns (DCD - SCD - CPR)
    Destination Clock Delay (DCD):    -0.841ns
    Source Clock Delay      (SCD):    -0.596ns
    Clock Pessimism Removal (CPR):    -0.509ns

    Location             Delay type                Incr(ns)  Path(ns)    Netlist Resource(s)
  -------------------------------------------------------------------    -------------------
                         (clock clock12 rise edge)    0.000     0.000 r  
    E3                                                0.000     0.000 r  clock100 (IN)
                         net (fo=0)                   0.000     0.000    clk_fix/inst/clk_in1
    E3                   IBUF (Prop_ibuf_I_O)         0.250     0.250 r  clk_fix/inst/clkin1_ibufg/O
                         net (fo=1, routed)           0.440     0.690    clk_fix/inst/clk_in1_clk_fix
    MMCME2_ADV_X1Y2      MMCME2_ADV (Prop_mmcme2_adv_CLKIN1_CLKOUT0)
                                                     -2.379    -1.689 r  clk_fix/inst/mmcm_adv_inst/CLKOUT0
                         net (fo=1, routed)           0.499    -1.190    clk_fix/inst/clk_out1_clk_fix
    BUFGCTRL_X0Y16       BUFG (Prop_bufg_I_O)         0.026    -1.164 r  clk_fix/inst/clkout1_buf/O
                         net (fo=14035, routed)       0.568    -0.596    chip_core/por_fpga/clk_out1
    SLICE_X39Y96         FDRE                                         r  chip_core/por_fpga/reset_reg__0/C
  -------------------------------------------------------------------    -------------------
    SLICE_X39Y96         FDRE (Prop_fdre_C_Q)         0.141    -0.455 f  chip_core/por_fpga/reset_reg__0/Q
                         net (fo=663, routed)         0.785     0.329    chip_core/housekeeping/por
    SLICE_X49Y100        FDCE                                         f  chip_core/housekeeping/FSM_sequential_xfer_state_reg[0]/CLR
  -------------------------------------------------------------------    -------------------

                         (clock clock12 rise edge)    0.000     0.000 r  
    E3                                                0.000     0.000 r  clock100 (IN)
                         net (fo=0)                   0.000     0.000    clk_fix/inst/clk_in1
    E3                   IBUF (Prop_ibuf_I_O)         0.438     0.438 r  clk_fix/inst/clkin1_ibufg/O
                         net (fo=1, routed)           0.480     0.918    clk_fix/inst/clk_in1_clk_fix
    MMCME2_ADV_X1Y2      MMCME2_ADV (Prop_mmcme2_adv_CLKIN1_CLKOUT0)
                                                     -3.163    -2.245 r  clk_fix/inst/mmcm_adv_inst/CLKOUT0
                         net (fo=1, routed)           0.544    -1.702    clk_fix/inst/clk_out1_clk_fix
    BUFGCTRL_X0Y16       BUFG (Prop_bufg_I_O)         0.029    -1.673 r  clk_fix/inst/clkout1_buf/O
                         net (fo=14035, routed)       0.832    -0.841    chip_core/housekeeping/clk_out1
    SLICE_X49Y100        FDCE                                         r  chip_core/housekeeping/FSM_sequential_xfer_state_reg[0]/C
                         clock pessimism              0.509    -0.332    
    SLICE_X49Y100        FDCE (Remov_fdce_C_CLR)     -0.092    -0.424    chip_core/housekeeping/FSM_sequential_xfer_state_reg[0]
  -------------------------------------------------------------------
                         required time                          0.424    
                         arrival time                           0.329    
  -------------------------------------------------------------------
                         slack                                  0.754    





