
*** Running vivado
    with args -log caravel.vds -m64 -product Vivado -mode batch -messageDb vivado.pb -notrace -source caravel.tcl



****** Vivado v2023.2 (64-bit)
  **** SW Build 4029153 on Fri Oct 13 20:14:34 MDT 2023
  **** IP Build 4028589 on Sat Oct 14 00:45:43 MDT 2023
  **** SharedData Build 4025554 on Tue Oct 10 17:18:54 MDT 2023
    ** Copyright 1986-2022 Xilinx, Inc. All Rights Reserved.
    ** Copyright 2022-2023 Advanced Micro Devices, Inc. All Rights Reserved.

source caravel.tcl -notrace
create_project: Time (s): cpu = 00:00:06 ; elapsed = 00:00:07 . Memory (MB): peak = 564.777 ; gain = 181.605
Command: synth_design -top caravel -part xc7a100tcsg324-1
Starting synth_design
Attempting to get a license for feature 'Synthesis' and/or device 'xc7a100t'
INFO: [Common 17-349] Got license for feature 'Synthesis' and/or device 'xc7a100t'
INFO: [Device 21-403] Loading part xc7a100tcsg324-1
INFO: [Synth 8-7079] Multithreading enabled for synth_design using a maximum of 2 processes.
INFO: [Synth 8-7078] Launching helper process for spawning children vivado processes
INFO: [Synth 8-7075] Helper process launched with PID 41836
---------------------------------------------------------------------------------
Starting RTL Elaboration : Time (s): cpu = 00:00:04 ; elapsed = 00:00:05 . Memory (MB): peak = 1428.020 ; gain = 437.703
---------------------------------------------------------------------------------
INFO: [Synth 8-11241] undeclared symbol 'perform', assumed default net type 'wire' [D:/Github Repositories/Caravel_NPU_FPGA_2025/CARAVEL/CARAVEL.srcs/sources_1/imports/imports/LUT_Module/FloatingAddition.v:59]
WARNING: [Synth 8-11065] parameter 'Divider' becomes localparam in 'Refreshing7SegNexysA7' with formal parameter declaration list [D:/Github Repositories/Caravel_NPU_FPGA_2025/CARAVEL/CARAVEL.srcs/sources_1/imports/lab6ece433fall2024tempate/Refreshing7SegNexysA7.v:12]
WARNING: [Synth 8-11065] parameter 'NumberOfBits' becomes localparam in 'Refreshing7SegNexysA7' with formal parameter declaration list [D:/Github Repositories/Caravel_NPU_FPGA_2025/CARAVEL/CARAVEL.srcs/sources_1/imports/lab6ece433fall2024tempate/Refreshing7SegNexysA7.v:13]
INFO: [Synth 8-11241] undeclared symbol 'qspi_enabled', assumed default net type 'wire' [D:/Github Repositories/Caravel_NPU_FPGA_2025/CARAVEL/CARAVEL.srcs/sources_1/imports/src/caravel_core.v:343]
INFO: [Synth 8-11241] undeclared symbol 'uart_enabled', assumed default net type 'wire' [D:/Github Repositories/Caravel_NPU_FPGA_2025/CARAVEL/CARAVEL.srcs/sources_1/imports/src/caravel_core.v:344]
INFO: [Synth 8-11241] undeclared symbol 'spi_enabled', assumed default net type 'wire' [D:/Github Repositories/Caravel_NPU_FPGA_2025/CARAVEL/CARAVEL.srcs/sources_1/imports/src/caravel_core.v:345]
INFO: [Synth 8-11241] undeclared symbol 'debug_mode', assumed default net type 'wire' [D:/Github Repositories/Caravel_NPU_FPGA_2025/CARAVEL/CARAVEL.srcs/sources_1/imports/src/caravel_core.v:346]
INFO: [Synth 8-11241] undeclared symbol 'ser_tx', assumed default net type 'wire' [D:/Github Repositories/Caravel_NPU_FPGA_2025/CARAVEL/CARAVEL.srcs/sources_1/imports/src/caravel_core.v:350]
INFO: [Synth 8-11241] undeclared symbol 'ser_rx', assumed default net type 'wire' [D:/Github Repositories/Caravel_NPU_FPGA_2025/CARAVEL/CARAVEL.srcs/sources_1/imports/src/caravel_core.v:351]
INFO: [Synth 8-11241] undeclared symbol 'spi_sdi', assumed default net type 'wire' [D:/Github Repositories/Caravel_NPU_FPGA_2025/CARAVEL/CARAVEL.srcs/sources_1/imports/src/caravel_core.v:353]
INFO: [Synth 8-11241] undeclared symbol 'spi_csb', assumed default net type 'wire' [D:/Github Repositories/Caravel_NPU_FPGA_2025/CARAVEL/CARAVEL.srcs/sources_1/imports/src/caravel_core.v:354]
INFO: [Synth 8-11241] undeclared symbol 'spi_sck', assumed default net type 'wire' [D:/Github Repositories/Caravel_NPU_FPGA_2025/CARAVEL/CARAVEL.srcs/sources_1/imports/src/caravel_core.v:355]
INFO: [Synth 8-11241] undeclared symbol 'spi_sdo', assumed default net type 'wire' [D:/Github Repositories/Caravel_NPU_FPGA_2025/CARAVEL/CARAVEL.srcs/sources_1/imports/src/caravel_core.v:356]
INFO: [Synth 8-11241] undeclared symbol 'spi_sdoenb', assumed default net type 'wire' [D:/Github Repositories/Caravel_NPU_FPGA_2025/CARAVEL/CARAVEL.srcs/sources_1/imports/src/caravel_core.v:357]
INFO: [Synth 8-11241] undeclared symbol 'debug_in', assumed default net type 'wire' [D:/Github Repositories/Caravel_NPU_FPGA_2025/CARAVEL/CARAVEL.srcs/sources_1/imports/src/caravel_core.v:359]
INFO: [Synth 8-11241] undeclared symbol 'debug_out', assumed default net type 'wire' [D:/Github Repositories/Caravel_NPU_FPGA_2025/CARAVEL/CARAVEL.srcs/sources_1/imports/src/caravel_core.v:360]
INFO: [Synth 8-11241] undeclared symbol 'debug_oeb', assumed default net type 'wire' [D:/Github Repositories/Caravel_NPU_FPGA_2025/CARAVEL/CARAVEL.srcs/sources_1/imports/src/caravel_core.v:361]
INFO: [Synth 8-11241] undeclared symbol 'trap', assumed default net type 'wire' [D:/Github Repositories/Caravel_NPU_FPGA_2025/CARAVEL/CARAVEL.srcs/sources_1/imports/src/caravel_core.v:377]
INFO: [Synth 8-11241] undeclared symbol 'porb_l', assumed default net type 'wire' [D:/Github Repositories/Caravel_NPU_FPGA_2025/CARAVEL/CARAVEL.srcs/sources_1/imports/src/caravel_core.v:540]
INFO: [Synth 8-11241] undeclared symbol 'ext_reset', assumed default net type 'wire' [D:/Github Repositories/Caravel_NPU_FPGA_2025/CARAVEL/CARAVEL.srcs/sources_1/imports/src/caravel_core.v:558]
INFO: [Synth 8-11241] undeclared symbol 'spi_pll_ena', assumed default net type 'wire' [D:/Github Repositories/Caravel_NPU_FPGA_2025/CARAVEL/CARAVEL.srcs/sources_1/imports/src/caravel_core.v:622]
INFO: [Synth 8-11241] undeclared symbol 'spi_pll_dco_ena', assumed default net type 'wire' [D:/Github Repositories/Caravel_NPU_FPGA_2025/CARAVEL/CARAVEL.srcs/sources_1/imports/src/caravel_core.v:623]
INFO: [Synth 8-11241] undeclared symbol 'ext_clk_sel', assumed default net type 'wire' [D:/Github Repositories/Caravel_NPU_FPGA_2025/CARAVEL/CARAVEL.srcs/sources_1/imports/src/caravel_core.v:628]
WARNING: [Synth 8-10515] begin/end is required for generate-for in this mode of Verilog [D:/Github Repositories/Caravel_NPU_FPGA_2025/CARAVEL/CARAVEL.srcs/sources_1/imports/src/io_buf.v:13]
INFO: [Synth 8-11241] undeclared symbol 'resetb', assumed default net type 'wire' [D:/Github Repositories/Caravel_NPU_FPGA_2025/CARAVEL/CARAVEL.srcs/sources_1/imports/src/caravel.v:144]
WARNING: [Synth 8-11121] redeclaration of ANSI port 'ser_rx_out' is not allowed [D:/Github Repositories/Caravel_NPU_FPGA_2025/CARAVEL/CARAVEL.srcs/sources_1/imports/src/caravel.v:236]
WARNING: [Synth 8-11121] redeclaration of ANSI port 'ser_tx_out' is not allowed [D:/Github Repositories/Caravel_NPU_FPGA_2025/CARAVEL/CARAVEL.srcs/sources_1/imports/src/caravel.v:237]
WARNING: [Synth 8-11121] redeclaration of ANSI port 'sdo_out' is not allowed [D:/Github Repositories/Caravel_NPU_FPGA_2025/CARAVEL/CARAVEL.srcs/sources_1/imports/src/caravel.v:239]
WARNING: [Synth 8-11121] redeclaration of ANSI port 'sdi_out' is not allowed [D:/Github Repositories/Caravel_NPU_FPGA_2025/CARAVEL/CARAVEL.srcs/sources_1/imports/src/caravel.v:240]
WARNING: [Synth 8-11121] redeclaration of ANSI port 'csb_out' is not allowed [D:/Github Repositories/Caravel_NPU_FPGA_2025/CARAVEL/CARAVEL.srcs/sources_1/imports/src/caravel.v:241]
WARNING: [Synth 8-11121] redeclaration of ANSI port 'sck_out' is not allowed [D:/Github Repositories/Caravel_NPU_FPGA_2025/CARAVEL/CARAVEL.srcs/sources_1/imports/src/caravel.v:242]
INFO: [Synth 8-6157] synthesizing module 'caravel' [D:/Github Repositories/Caravel_NPU_FPGA_2025/CARAVEL/CARAVEL.srcs/sources_1/imports/src/caravel.v:46]
INFO: [Synth 8-6157] synthesizing module 'clk_fix' [D:/Github Repositories/Caravel_NPU_FPGA_2025/CARAVEL/CARAVEL.runs/synth_1/.Xil/Vivado-41424-RHIT-PW01EG6F/realtime/clk_fix_stub.v:6]
INFO: [Synth 8-6155] done synthesizing module 'clk_fix' (0#1) [D:/Github Repositories/Caravel_NPU_FPGA_2025/CARAVEL/CARAVEL.runs/synth_1/.Xil/Vivado-41424-RHIT-PW01EG6F/realtime/clk_fix_stub.v:6]
WARNING: [Synth 8-4446] all outputs are unconnected for this instance and logic may be removed [D:/Github Repositories/Caravel_NPU_FPGA_2025/CARAVEL/CARAVEL.srcs/sources_1/imports/src/caravel.v:98]
INFO: [Synth 8-6157] synthesizing module 'STARTUPE2' [D:/Vivato-Vitis/Vivado/2023.2/scripts/rt/data/unisim_comp.v:133907]
INFO: [Synth 8-6155] done synthesizing module 'STARTUPE2' (0#1) [D:/Vivato-Vitis/Vivado/2023.2/scripts/rt/data/unisim_comp.v:133907]
INFO: [Synth 8-6157] synthesizing module 'HEXto7Segment' [D:/Github Repositories/Caravel_NPU_FPGA_2025/CARAVEL/CARAVEL.srcs/sources_1/imports/lab6ece433fall2024tempate/HEXto7Segment.v:7]
INFO: [Synth 8-226] default block is never used [D:/Github Repositories/Caravel_NPU_FPGA_2025/CARAVEL/CARAVEL.srcs/sources_1/imports/lab6ece433fall2024tempate/HEXto7Segment.v:12]
INFO: [Synth 8-6155] done synthesizing module 'HEXto7Segment' (0#1) [D:/Github Repositories/Caravel_NPU_FPGA_2025/CARAVEL/CARAVEL.srcs/sources_1/imports/lab6ece433fall2024tempate/HEXto7Segment.v:7]
INFO: [Synth 8-6157] synthesizing module 'SevenSegDriverNexysA7' [D:/Github Repositories/Caravel_NPU_FPGA_2025/CARAVEL/CARAVEL.srcs/sources_1/imports/lab6ece433fall2024tempate/SevenSegDriverNexysA7.v:7]
INFO: [Synth 8-6157] synthesizing module 'DisplayMuxNexysA7' [D:/Github Repositories/Caravel_NPU_FPGA_2025/CARAVEL/CARAVEL.srcs/sources_1/imports/lab6ece433fall2024tempate/DisplayMuxNexysA7.v:7]
INFO: [Synth 8-6155] done synthesizing module 'DisplayMuxNexysA7' (0#1) [D:/Github Repositories/Caravel_NPU_FPGA_2025/CARAVEL/CARAVEL.srcs/sources_1/imports/lab6ece433fall2024tempate/DisplayMuxNexysA7.v:7]
INFO: [Synth 8-6157] synthesizing module 'Refreshing7SegNexysA7' [D:/Github Repositories/Caravel_NPU_FPGA_2025/CARAVEL/CARAVEL.srcs/sources_1/imports/lab6ece433fall2024tempate/Refreshing7SegNexysA7.v:6]
INFO: [Synth 8-6155] done synthesizing module 'Refreshing7SegNexysA7' (0#1) [D:/Github Repositories/Caravel_NPU_FPGA_2025/CARAVEL/CARAVEL.srcs/sources_1/imports/lab6ece433fall2024tempate/Refreshing7SegNexysA7.v:6]
INFO: [Synth 8-6155] done synthesizing module 'SevenSegDriverNexysA7' (0#1) [D:/Github Repositories/Caravel_NPU_FPGA_2025/CARAVEL/CARAVEL.srcs/sources_1/imports/lab6ece433fall2024tempate/SevenSegDriverNexysA7.v:7]
INFO: [Synth 8-6157] synthesizing module 'chip_io_FPGA' [D:/Github Repositories/Caravel_NPU_FPGA_2025/CARAVEL/CARAVEL.srcs/sources_1/imports/src/chip_io_FPGA.v:10]
INFO: [Synth 8-6157] synthesizing module 'io_buf' [D:/Github Repositories/Caravel_NPU_FPGA_2025/CARAVEL/CARAVEL.srcs/sources_1/imports/src/io_buf.v:1]
	Parameter WIDTH bound to: 1 - type: integer 
INFO: [Synth 8-6155] done synthesizing module 'io_buf' (0#1) [D:/Github Repositories/Caravel_NPU_FPGA_2025/CARAVEL/CARAVEL.srcs/sources_1/imports/src/io_buf.v:1]
INFO: [Synth 8-6157] synthesizing module 'io_buf__parameterized0' [D:/Github Repositories/Caravel_NPU_FPGA_2025/CARAVEL/CARAVEL.srcs/sources_1/imports/src/io_buf.v:1]
	Parameter WIDTH bound to: 38 - type: integer 
INFO: [Synth 8-6155] done synthesizing module 'io_buf__parameterized0' (0#1) [D:/Github Repositories/Caravel_NPU_FPGA_2025/CARAVEL/CARAVEL.srcs/sources_1/imports/src/io_buf.v:1]
INFO: [Synth 8-6155] done synthesizing module 'chip_io_FPGA' (0#1) [D:/Github Repositories/Caravel_NPU_FPGA_2025/CARAVEL/CARAVEL.srcs/sources_1/imports/src/chip_io_FPGA.v:10]
WARNING: [Synth 8-7071] port 'flash_csb_ieb_core' of module 'chip_io_FPGA' is unconnected for instance 'padframe' [D:/Github Repositories/Caravel_NPU_FPGA_2025/CARAVEL/CARAVEL.srcs/sources_1/imports/src/caravel.v:293]
WARNING: [Synth 8-7071] port 'flash_clk_ieb_core' of module 'chip_io_FPGA' is unconnected for instance 'padframe' [D:/Github Repositories/Caravel_NPU_FPGA_2025/CARAVEL/CARAVEL.srcs/sources_1/imports/src/caravel.v:293]
WARNING: [Synth 8-7023] instance 'padframe' of module 'chip_io_FPGA' has 45 connections declared, but only 43 given [D:/Github Repositories/Caravel_NPU_FPGA_2025/CARAVEL/CARAVEL.srcs/sources_1/imports/src/caravel.v:293]
INFO: [Synth 8-6157] synthesizing module 'caravel_core' [D:/Github Repositories/Caravel_NPU_FPGA_2025/CARAVEL/CARAVEL.srcs/sources_1/imports/src/caravel_core.v:45]
INFO: [Synth 8-6157] synthesizing module 'mgmt_core_wrapper' [D:/Github Repositories/Caravel_NPU_FPGA_2025/CARAVEL/CARAVEL.srcs/sources_1/imports/src/mgmt_core_wrapper.v:40]
INFO: [Synth 8-6157] synthesizing module 'mgmt_core' [D:/Github Repositories/Caravel_NPU_FPGA_2025/CARAVEL/CARAVEL.srcs/sources_1/imports/src/mgmt_core.v:4]
INFO: [Synth 8-155] case statement is not full and has no default [D:/Github Repositories/Caravel_NPU_FPGA_2025/CARAVEL/CARAVEL.srcs/sources_1/imports/src/mgmt_core.v:1888]
INFO: [Synth 8-155] case statement is not full and has no default [D:/Github Repositories/Caravel_NPU_FPGA_2025/CARAVEL/CARAVEL.srcs/sources_1/imports/src/mgmt_core.v:6809]
INFO: [Synth 8-155] case statement is not full and has no default [D:/Github Repositories/Caravel_NPU_FPGA_2025/CARAVEL/CARAVEL.srcs/sources_1/imports/src/mgmt_core.v:6825]
INFO: [Synth 8-155] case statement is not full and has no default [D:/Github Repositories/Caravel_NPU_FPGA_2025/CARAVEL/CARAVEL.srcs/sources_1/imports/src/mgmt_core.v:7136]
INFO: [Synth 8-155] case statement is not full and has no default [D:/Github Repositories/Caravel_NPU_FPGA_2025/CARAVEL/CARAVEL.srcs/sources_1/imports/src/mgmt_core.v:7181]
INFO: [Synth 8-155] case statement is not full and has no default [D:/Github Repositories/Caravel_NPU_FPGA_2025/CARAVEL/CARAVEL.srcs/sources_1/imports/src/mgmt_core.v:7204]
INFO: [Synth 8-155] case statement is not full and has no default [D:/Github Repositories/Caravel_NPU_FPGA_2025/CARAVEL/CARAVEL.srcs/sources_1/imports/src/mgmt_core.v:7216]
INFO: [Synth 8-155] case statement is not full and has no default [D:/Github Repositories/Caravel_NPU_FPGA_2025/CARAVEL/CARAVEL.srcs/sources_1/imports/src/mgmt_core.v:7228]
INFO: [Synth 8-155] case statement is not full and has no default [D:/Github Repositories/Caravel_NPU_FPGA_2025/CARAVEL/CARAVEL.srcs/sources_1/imports/src/mgmt_core.v:7261]
INFO: [Synth 8-155] case statement is not full and has no default [D:/Github Repositories/Caravel_NPU_FPGA_2025/CARAVEL/CARAVEL.srcs/sources_1/imports/src/mgmt_core.v:7273]
INFO: [Synth 8-155] case statement is not full and has no default [D:/Github Repositories/Caravel_NPU_FPGA_2025/CARAVEL/CARAVEL.srcs/sources_1/imports/src/mgmt_core.v:7317]
INFO: [Synth 8-155] case statement is not full and has no default [D:/Github Repositories/Caravel_NPU_FPGA_2025/CARAVEL/CARAVEL.srcs/sources_1/imports/src/mgmt_core.v:7410]
INFO: [Synth 8-155] case statement is not full and has no default [D:/Github Repositories/Caravel_NPU_FPGA_2025/CARAVEL/CARAVEL.srcs/sources_1/imports/src/mgmt_core.v:7422]
INFO: [Synth 8-155] case statement is not full and has no default [D:/Github Repositories/Caravel_NPU_FPGA_2025/CARAVEL/CARAVEL.srcs/sources_1/imports/src/mgmt_core.v:7434]
INFO: [Synth 8-155] case statement is not full and has no default [D:/Github Repositories/Caravel_NPU_FPGA_2025/CARAVEL/CARAVEL.srcs/sources_1/imports/src/mgmt_core.v:7482]
INFO: [Synth 8-155] case statement is not full and has no default [D:/Github Repositories/Caravel_NPU_FPGA_2025/CARAVEL/CARAVEL.srcs/sources_1/imports/src/mgmt_core.v:7537]
INFO: [Synth 8-155] case statement is not full and has no default [D:/Github Repositories/Caravel_NPU_FPGA_2025/CARAVEL/CARAVEL.srcs/sources_1/imports/src/mgmt_core.v:7579]
INFO: [Synth 8-155] case statement is not full and has no default [D:/Github Repositories/Caravel_NPU_FPGA_2025/CARAVEL/CARAVEL.srcs/sources_1/imports/src/mgmt_core.v:7591]
INFO: [Synth 8-155] case statement is not full and has no default [D:/Github Repositories/Caravel_NPU_FPGA_2025/CARAVEL/CARAVEL.srcs/sources_1/imports/src/mgmt_core.v:7632]
INFO: [Synth 8-155] case statement is not full and has no default [D:/Github Repositories/Caravel_NPU_FPGA_2025/CARAVEL/CARAVEL.srcs/sources_1/imports/src/mgmt_core.v:7673]
INFO: [Synth 8-155] case statement is not full and has no default [D:/Github Repositories/Caravel_NPU_FPGA_2025/CARAVEL/CARAVEL.srcs/sources_1/imports/src/mgmt_core.v:7714]
INFO: [Synth 8-155] case statement is not full and has no default [D:/Github Repositories/Caravel_NPU_FPGA_2025/CARAVEL/CARAVEL.srcs/sources_1/imports/src/mgmt_core.v:7755]
INFO: [Synth 8-155] case statement is not full and has no default [D:/Github Repositories/Caravel_NPU_FPGA_2025/CARAVEL/CARAVEL.srcs/sources_1/imports/src/mgmt_core.v:7796]
INFO: [Synth 8-155] case statement is not full and has no default [D:/Github Repositories/Caravel_NPU_FPGA_2025/CARAVEL/CARAVEL.srcs/sources_1/imports/src/mgmt_core.v:7837]
INFO: [Synth 8-6157] synthesizing module 'RAM256' [D:/Github Repositories/Caravel_NPU_FPGA_2025/CARAVEL/CARAVEL.srcs/sources_1/imports/src/RAM256.v:1]
INFO: [Synth 8-6155] done synthesizing module 'RAM256' (0#1) [D:/Github Repositories/Caravel_NPU_FPGA_2025/CARAVEL/CARAVEL.srcs/sources_1/imports/src/RAM256.v:1]
INFO: [Synth 8-6157] synthesizing module 'RAM128' [D:/Github Repositories/Caravel_NPU_FPGA_2025/CARAVEL/CARAVEL.srcs/sources_1/imports/src/RAM128.v:1]
INFO: [Synth 8-6155] done synthesizing module 'RAM128' (0#1) [D:/Github Repositories/Caravel_NPU_FPGA_2025/CARAVEL/CARAVEL.srcs/sources_1/imports/src/RAM128.v:1]
INFO: [Synth 8-6157] synthesizing module 'VexRiscv' [D:/Github Repositories/Caravel_NPU_FPGA_2025/CARAVEL/CARAVEL.srcs/sources_1/imports/src/VexRiscv.v:7]
INFO: [Synth 8-6157] synthesizing module 'InstructionCache' [D:/Github Repositories/Caravel_NPU_FPGA_2025/CARAVEL/CARAVEL.srcs/sources_1/imports/src/VexRiscv.v:5074]
INFO: [Synth 8-6155] done synthesizing module 'InstructionCache' (0#1) [D:/Github Repositories/Caravel_NPU_FPGA_2025/CARAVEL/CARAVEL.srcs/sources_1/imports/src/VexRiscv.v:5074]
INFO: [Synth 8-6155] done synthesizing module 'VexRiscv' (0#1) [D:/Github Repositories/Caravel_NPU_FPGA_2025/CARAVEL/CARAVEL.srcs/sources_1/imports/src/VexRiscv.v:7]
INFO: [Synth 8-6155] done synthesizing module 'mgmt_core' (0#1) [D:/Github Repositories/Caravel_NPU_FPGA_2025/CARAVEL/CARAVEL.srcs/sources_1/imports/src/mgmt_core.v:4]
WARNING: [Synth 8-7071] port 'clk_in' of module 'mgmt_core' is unconnected for instance 'core' [D:/Github Repositories/Caravel_NPU_FPGA_2025/CARAVEL/CARAVEL.srcs/sources_1/imports/src/mgmt_core_wrapper.v:130]
WARNING: [Synth 8-7071] port 'clk_out' of module 'mgmt_core' is unconnected for instance 'core' [D:/Github Repositories/Caravel_NPU_FPGA_2025/CARAVEL/CARAVEL.srcs/sources_1/imports/src/mgmt_core_wrapper.v:130]
WARNING: [Synth 8-7071] port 'resetn_in' of module 'mgmt_core' is unconnected for instance 'core' [D:/Github Repositories/Caravel_NPU_FPGA_2025/CARAVEL/CARAVEL.srcs/sources_1/imports/src/mgmt_core_wrapper.v:130]
WARNING: [Synth 8-7071] port 'resetn_out' of module 'mgmt_core' is unconnected for instance 'core' [D:/Github Repositories/Caravel_NPU_FPGA_2025/CARAVEL/CARAVEL.srcs/sources_1/imports/src/mgmt_core_wrapper.v:130]
WARNING: [Synth 8-7071] port 'serial_load_in' of module 'mgmt_core' is unconnected for instance 'core' [D:/Github Repositories/Caravel_NPU_FPGA_2025/CARAVEL/CARAVEL.srcs/sources_1/imports/src/mgmt_core_wrapper.v:130]
WARNING: [Synth 8-7071] port 'serial_load_out' of module 'mgmt_core' is unconnected for instance 'core' [D:/Github Repositories/Caravel_NPU_FPGA_2025/CARAVEL/CARAVEL.srcs/sources_1/imports/src/mgmt_core_wrapper.v:130]
WARNING: [Synth 8-7071] port 'serial_data_2_in' of module 'mgmt_core' is unconnected for instance 'core' [D:/Github Repositories/Caravel_NPU_FPGA_2025/CARAVEL/CARAVEL.srcs/sources_1/imports/src/mgmt_core_wrapper.v:130]
WARNING: [Synth 8-7071] port 'serial_data_2_out' of module 'mgmt_core' is unconnected for instance 'core' [D:/Github Repositories/Caravel_NPU_FPGA_2025/CARAVEL/CARAVEL.srcs/sources_1/imports/src/mgmt_core_wrapper.v:130]
WARNING: [Synth 8-7071] port 'serial_resetn_in' of module 'mgmt_core' is unconnected for instance 'core' [D:/Github Repositories/Caravel_NPU_FPGA_2025/CARAVEL/CARAVEL.srcs/sources_1/imports/src/mgmt_core_wrapper.v:130]
WARNING: [Synth 8-7071] port 'serial_resetn_out' of module 'mgmt_core' is unconnected for instance 'core' [D:/Github Repositories/Caravel_NPU_FPGA_2025/CARAVEL/CARAVEL.srcs/sources_1/imports/src/mgmt_core_wrapper.v:130]
WARNING: [Synth 8-7071] port 'serial_clock_in' of module 'mgmt_core' is unconnected for instance 'core' [D:/Github Repositories/Caravel_NPU_FPGA_2025/CARAVEL/CARAVEL.srcs/sources_1/imports/src/mgmt_core_wrapper.v:130]
WARNING: [Synth 8-7071] port 'serial_clock_out' of module 'mgmt_core' is unconnected for instance 'core' [D:/Github Repositories/Caravel_NPU_FPGA_2025/CARAVEL/CARAVEL.srcs/sources_1/imports/src/mgmt_core_wrapper.v:130]
WARNING: [Synth 8-7071] port 'rstb_l_in' of module 'mgmt_core' is unconnected for instance 'core' [D:/Github Repositories/Caravel_NPU_FPGA_2025/CARAVEL/CARAVEL.srcs/sources_1/imports/src/mgmt_core_wrapper.v:130]
WARNING: [Synth 8-7071] port 'rstb_l_out' of module 'mgmt_core' is unconnected for instance 'core' [D:/Github Repositories/Caravel_NPU_FPGA_2025/CARAVEL/CARAVEL.srcs/sources_1/imports/src/mgmt_core_wrapper.v:130]
WARNING: [Synth 8-7071] port 'por_l_in' of module 'mgmt_core' is unconnected for instance 'core' [D:/Github Repositories/Caravel_NPU_FPGA_2025/CARAVEL/CARAVEL.srcs/sources_1/imports/src/mgmt_core_wrapper.v:130]
WARNING: [Synth 8-7071] port 'por_l_out' of module 'mgmt_core' is unconnected for instance 'core' [D:/Github Repositories/Caravel_NPU_FPGA_2025/CARAVEL/CARAVEL.srcs/sources_1/imports/src/mgmt_core_wrapper.v:130]
WARNING: [Synth 8-7071] port 'porb_h_in' of module 'mgmt_core' is unconnected for instance 'core' [D:/Github Repositories/Caravel_NPU_FPGA_2025/CARAVEL/CARAVEL.srcs/sources_1/imports/src/mgmt_core_wrapper.v:130]
WARNING: [Synth 8-7071] port 'porb_h_out' of module 'mgmt_core' is unconnected for instance 'core' [D:/Github Repositories/Caravel_NPU_FPGA_2025/CARAVEL/CARAVEL.srcs/sources_1/imports/src/mgmt_core_wrapper.v:130]
WARNING: [Synth 8-7023] instance 'core' of module 'mgmt_core' has 74 connections declared, but only 56 given [D:/Github Repositories/Caravel_NPU_FPGA_2025/CARAVEL/CARAVEL.srcs/sources_1/imports/src/mgmt_core_wrapper.v:130]
INFO: [Synth 8-6155] done synthesizing module 'mgmt_core_wrapper' (0#1) [D:/Github Repositories/Caravel_NPU_FPGA_2025/CARAVEL/CARAVEL.srcs/sources_1/imports/src/mgmt_core_wrapper.v:40]
INFO: [Synth 8-6157] synthesizing module 'mgmt_protect' [D:/Github Repositories/Caravel_NPU_FPGA_2025/CARAVEL/CARAVEL.srcs/sources_1/imports/src/mgmt_protect.v:46]
INFO: [Synth 8-6157] synthesizing module 'mprj_logic_high' [D:/Github Repositories/Caravel_NPU_FPGA_2025/CARAVEL/CARAVEL.srcs/sources_1/imports/src/mprj_logic_high.v:23]
INFO: [Synth 8-6155] done synthesizing module 'mprj_logic_high' (0#1) [D:/Github Repositories/Caravel_NPU_FPGA_2025/CARAVEL/CARAVEL.srcs/sources_1/imports/src/mprj_logic_high.v:23]
INFO: [Synth 8-6157] synthesizing module 'mprj2_logic_high' [D:/Github Repositories/Caravel_NPU_FPGA_2025/CARAVEL/CARAVEL.srcs/sources_1/imports/src/mprj2_logic_high.v:24]
INFO: [Synth 8-6155] done synthesizing module 'mprj2_logic_high' (0#1) [D:/Github Repositories/Caravel_NPU_FPGA_2025/CARAVEL/CARAVEL.srcs/sources_1/imports/src/mprj2_logic_high.v:24]
INFO: [Synth 8-6157] synthesizing module 'mgmt_protect_hv' [D:/Github Repositories/Caravel_NPU_FPGA_2025/CARAVEL/CARAVEL.srcs/sources_1/imports/src/mgmt_protect_hv.v:33]
INFO: [Synth 8-6155] done synthesizing module 'mgmt_protect_hv' (0#1) [D:/Github Repositories/Caravel_NPU_FPGA_2025/CARAVEL/CARAVEL.srcs/sources_1/imports/src/mgmt_protect_hv.v:33]
INFO: [Synth 8-6155] done synthesizing module 'mgmt_protect' (0#1) [D:/Github Repositories/Caravel_NPU_FPGA_2025/CARAVEL/CARAVEL.srcs/sources_1/imports/src/mgmt_protect.v:46]
INFO: [Synth 8-6157] synthesizing module 'user_project_wrapper' [D:/Github Repositories/Caravel_NPU_FPGA_2025/CARAVEL/CARAVEL.srcs/sources_1/imports/src/__user_project_wrapper.v:40]
INFO: [Synth 8-6157] synthesizing module 'debug_regs' [D:/Github Repositories/Caravel_NPU_FPGA_2025/CARAVEL/CARAVEL.srcs/sources_1/imports/src/debug_regs.v:2]
INFO: [Synth 8-6155] done synthesizing module 'debug_regs' (0#1) [D:/Github Repositories/Caravel_NPU_FPGA_2025/CARAVEL/CARAVEL.srcs/sources_1/imports/src/debug_regs.v:2]
INFO: [Synth 8-6157] synthesizing module 'TopLevel' [D:/Github Repositories/Caravel_NPU_FPGA_2025/CARAVEL/CARAVEL.srcs/sources_1/imports/imports/TopLevel/TopLevel.v:15]
INFO: [Synth 8-6157] synthesizing module 'zipdma' [D:/Github Repositories/Caravel_NPU_FPGA_2025/CARAVEL/CARAVEL.srcs/sources_1/imports/imports/DMA_Module/zipdma.v:42]
INFO: [Synth 8-6157] synthesizing module 'zipdma_ctrl' [D:/Github Repositories/Caravel_NPU_FPGA_2025/CARAVEL/CARAVEL.srcs/sources_1/imports/imports/DMA_Module/zipdma_ctrl.v:41]
	Parameter ADDRESS_WIDTH bound to: 32 - type: integer 
	Parameter LGMEMLEN bound to: 10 - type: integer 
	Parameter LGDMALENGTH bound to: 32 - type: integer 
	Parameter OPT_LOWPOWER bound to: 1'b0 
INFO: [Synth 8-6155] done synthesizing module 'zipdma_ctrl' (0#1) [D:/Github Repositories/Caravel_NPU_FPGA_2025/CARAVEL/CARAVEL.srcs/sources_1/imports/imports/DMA_Module/zipdma_ctrl.v:41]
INFO: [Synth 8-6157] synthesizing module 'zipdma_fsm' [D:/Github Repositories/Caravel_NPU_FPGA_2025/CARAVEL/CARAVEL.srcs/sources_1/imports/imports/DMA_Module/zipdma_fsm.v:45]
	Parameter ADDRESS_WIDTH bound to: 32 - type: integer 
	Parameter LGDMALENGTH bound to: 32 - type: integer 
	Parameter LGSUBLENGTH bound to: 10 - type: integer 
INFO: [Synth 8-6155] done synthesizing module 'zipdma_fsm' (0#1) [D:/Github Repositories/Caravel_NPU_FPGA_2025/CARAVEL/CARAVEL.srcs/sources_1/imports/imports/DMA_Module/zipdma_fsm.v:45]
INFO: [Synth 8-6157] synthesizing module 'zipdma_mm2s' [D:/Github Repositories/Caravel_NPU_FPGA_2025/CARAVEL/CARAVEL.srcs/sources_1/imports/imports/DMA_Module/zipdma_mm2s.v:42]
	Parameter ADDRESS_WIDTH bound to: 32 - type: integer 
	Parameter BUS_WIDTH bound to: 32 - type: integer 
	Parameter LGLENGTH bound to: 10 - type: integer 
	Parameter OPT_LITTLE_ENDIAN bound to: 1'b0 
	Parameter OPT_LOWPOWER bound to: 1'b0 
INFO: [Synth 8-6155] done synthesizing module 'zipdma_mm2s' (0#1) [D:/Github Repositories/Caravel_NPU_FPGA_2025/CARAVEL/CARAVEL.srcs/sources_1/imports/imports/DMA_Module/zipdma_mm2s.v:42]
INFO: [Synth 8-6157] synthesizing module 'zipdma_rxgears' [D:/Github Repositories/Caravel_NPU_FPGA_2025/CARAVEL/CARAVEL.srcs/sources_1/imports/imports/DMA_Module/zipdma_rxgears.v:43]
	Parameter BUS_WIDTH bound to: 32 - type: integer 
	Parameter OPT_LITTLE_ENDIAN bound to: 1'b0 
INFO: [Synth 8-6155] done synthesizing module 'zipdma_rxgears' (0#1) [D:/Github Repositories/Caravel_NPU_FPGA_2025/CARAVEL/CARAVEL.srcs/sources_1/imports/imports/DMA_Module/zipdma_rxgears.v:43]
INFO: [Synth 8-6157] synthesizing module 'sfifo' [D:/Github Repositories/Caravel_NPU_FPGA_2025/CARAVEL/CARAVEL.srcs/sources_1/imports/imports/DMA_Module/sfifo.v:27]
	Parameter BW bound to: 36 - type: integer 
	Parameter LGFLEN bound to: 8 - type: integer 
	Parameter OPT_ASYNC_READ bound to: 1'b1 
	Parameter OPT_WRITE_ON_FULL bound to: 1'b0 
	Parameter OPT_READ_ON_EMPTY bound to: 1'b0 
INFO: [Synth 8-6155] done synthesizing module 'sfifo' (0#1) [D:/Github Repositories/Caravel_NPU_FPGA_2025/CARAVEL/CARAVEL.srcs/sources_1/imports/imports/DMA_Module/sfifo.v:27]
INFO: [Synth 8-6157] synthesizing module 'zipdma_txgears' [D:/Github Repositories/Caravel_NPU_FPGA_2025/CARAVEL/CARAVEL.srcs/sources_1/imports/imports/DMA_Module/zipdma_txgears.v:42]
	Parameter BUS_WIDTH bound to: 32 - type: integer 
	Parameter OPT_LITTLE_ENDIAN bound to: 1'b0 
INFO: [Synth 8-6155] done synthesizing module 'zipdma_txgears' (0#1) [D:/Github Repositories/Caravel_NPU_FPGA_2025/CARAVEL/CARAVEL.srcs/sources_1/imports/imports/DMA_Module/zipdma_txgears.v:42]
INFO: [Synth 8-6157] synthesizing module 'zipdma_s2mm' [D:/Github Repositories/Caravel_NPU_FPGA_2025/CARAVEL/CARAVEL.srcs/sources_1/imports/imports/DMA_Module/zipdma_s2mm.v:44]
	Parameter ADDRESS_WIDTH bound to: 32 - type: integer 
	Parameter BUS_WIDTH bound to: 32 - type: integer 
	Parameter OPT_LITTLE_ENDIAN bound to: 1'b0 
	Parameter LGPIPE bound to: 10 - type: integer 
INFO: [Synth 8-6155] done synthesizing module 'zipdma_s2mm' (0#1) [D:/Github Repositories/Caravel_NPU_FPGA_2025/CARAVEL/CARAVEL.srcs/sources_1/imports/imports/DMA_Module/zipdma_s2mm.v:44]
INFO: [Synth 8-6157] synthesizing module 'wbarbiter' [D:/Github Repositories/Caravel_NPU_FPGA_2025/CARAVEL/CARAVEL.srcs/sources_1/imports/imports/DMA_Module/wbarbiter.v:64]
	Parameter DW bound to: 32 - type: integer 
	Parameter AW bound to: 30 - type: integer 
	Parameter OPT_ZERO_ON_IDLE bound to: 1'b0 
INFO: [Synth 8-6155] done synthesizing module 'wbarbiter' (0#1) [D:/Github Repositories/Caravel_NPU_FPGA_2025/CARAVEL/CARAVEL.srcs/sources_1/imports/imports/DMA_Module/wbarbiter.v:64]
INFO: [Synth 8-6155] done synthesizing module 'zipdma' (0#1) [D:/Github Repositories/Caravel_NPU_FPGA_2025/CARAVEL/CARAVEL.srcs/sources_1/imports/imports/DMA_Module/zipdma.v:42]
INFO: [Synth 8-6157] synthesizing module 'memory_intf' [D:/Github Repositories/Caravel_NPU_FPGA_2025/CARAVEL/CARAVEL.srcs/sources_1/imports/imports/Memory/memory_intf.v:23]
INFO: [Synth 8-6157] synthesizing module 'bram' [D:/Github Repositories/Caravel_NPU_FPGA_2025/CARAVEL/CARAVEL.runs/synth_1/.Xil/Vivado-41424-RHIT-PW01EG6F/realtime/bram_stub.v:6]
INFO: [Synth 8-6155] done synthesizing module 'bram' (0#1) [D:/Github Repositories/Caravel_NPU_FPGA_2025/CARAVEL/CARAVEL.runs/synth_1/.Xil/Vivado-41424-RHIT-PW01EG6F/realtime/bram_stub.v:6]
INFO: [Synth 8-6157] synthesizing module 'WB3_Interface' [D:/Github Repositories/Caravel_NPU_FPGA_2025/CARAVEL/CARAVEL.srcs/sources_1/imports/imports/LUT_Module/WB3_Interface.v:19]
INFO: [Synth 8-6155] done synthesizing module 'WB3_Interface' (0#1) [D:/Github Repositories/Caravel_NPU_FPGA_2025/CARAVEL/CARAVEL.srcs/sources_1/imports/imports/LUT_Module/WB3_Interface.v:19]
INFO: [Synth 8-6157] synthesizing module 'WB4_Interface' [D:/Github Repositories/Caravel_NPU_FPGA_2025/CARAVEL/CARAVEL.srcs/sources_1/imports/imports/LUT_Module/WB4_Interface.v:23]
INFO: [Synth 8-6155] done synthesizing module 'WB4_Interface' (0#1) [D:/Github Repositories/Caravel_NPU_FPGA_2025/CARAVEL/CARAVEL.srcs/sources_1/imports/imports/LUT_Module/WB4_Interface.v:23]
INFO: [Synth 8-6157] synthesizing module 'Memory_Arbiter' [D:/Github Repositories/Caravel_NPU_FPGA_2025/CARAVEL/CARAVEL.srcs/sources_1/imports/imports/Memory/Memory_Arbiter.v:13]
	Parameter WAIT_TIME bound to: 0 - type: integer 
INFO: [Synth 8-6155] done synthesizing module 'Memory_Arbiter' (0#1) [D:/Github Repositories/Caravel_NPU_FPGA_2025/CARAVEL/CARAVEL.srcs/sources_1/imports/imports/Memory/Memory_Arbiter.v:13]
INFO: [Synth 8-6155] done synthesizing module 'memory_intf' (0#1) [D:/Github Repositories/Caravel_NPU_FPGA_2025/CARAVEL/CARAVEL.srcs/sources_1/imports/imports/Memory/memory_intf.v:23]
INFO: [Synth 8-6157] synthesizing module 'sdspi' [D:/Github Repositories/Caravel_NPU_FPGA_2025/CARAVEL/CARAVEL.srcs/sources_1/imports/imports/SD_Card_Interface_Module/sdspi.v:44]
INFO: [Synth 8-6157] synthesizing module 'llsdspi' [D:/Github Repositories/Caravel_NPU_FPGA_2025/CARAVEL/CARAVEL.srcs/sources_1/imports/imports/SD_Card_Interface_Module/llsdspi.v:92]
	Parameter SPDBITS bound to: 8 - type: integer 
	Parameter STARTUP_CLOCKS bound to: 0 - type: integer 
	Parameter POWERUP_IDLE bound to: 0 - type: integer 
	Parameter OPT_SPI_ARBITRATION bound to: 1'b0 
INFO: [Synth 8-6155] done synthesizing module 'llsdspi' (0#1) [D:/Github Repositories/Caravel_NPU_FPGA_2025/CARAVEL/CARAVEL.srcs/sources_1/imports/imports/SD_Card_Interface_Module/llsdspi.v:92]
INFO: [Synth 8-6157] synthesizing module 'spicmd' [D:/Github Repositories/Caravel_NPU_FPGA_2025/CARAVEL/CARAVEL.srcs/sources_1/imports/imports/SD_Card_Interface_Module/spicmd.v:41]
INFO: [Synth 8-6155] done synthesizing module 'spicmd' (0#1) [D:/Github Repositories/Caravel_NPU_FPGA_2025/CARAVEL/CARAVEL.srcs/sources_1/imports/imports/SD_Card_Interface_Module/spicmd.v:41]
INFO: [Synth 8-6157] synthesizing module 'spirxdata' [D:/Github Repositories/Caravel_NPU_FPGA_2025/CARAVEL/CARAVEL.srcs/sources_1/imports/imports/SD_Card_Interface_Module/spirxdata.v:43]
	Parameter OPT_LITTLE_ENDIAN bound to: 1'b0 
INFO: [Synth 8-6155] done synthesizing module 'spirxdata' (0#1) [D:/Github Repositories/Caravel_NPU_FPGA_2025/CARAVEL/CARAVEL.srcs/sources_1/imports/imports/SD_Card_Interface_Module/spirxdata.v:43]
INFO: [Synth 8-6157] synthesizing module 'spitxdata' [D:/Github Repositories/Caravel_NPU_FPGA_2025/CARAVEL/CARAVEL.srcs/sources_1/imports/imports/SD_Card_Interface_Module/spitxdata.v:41]
	Parameter RDDELAY bound to: 2 - type: integer 
	Parameter OPT_LITTLE_ENDIAN bound to: 1'b0 
INFO: [Synth 8-6155] done synthesizing module 'spitxdata' (0#1) [D:/Github Repositories/Caravel_NPU_FPGA_2025/CARAVEL/CARAVEL.srcs/sources_1/imports/imports/SD_Card_Interface_Module/spitxdata.v:41]
INFO: [Synth 8-6155] done synthesizing module 'sdspi' (0#1) [D:/Github Repositories/Caravel_NPU_FPGA_2025/CARAVEL/CARAVEL.srcs/sources_1/imports/imports/SD_Card_Interface_Module/sdspi.v:44]
INFO: [Synth 8-6157] synthesizing module 'LUT_Module' [D:/Github Repositories/Caravel_NPU_FPGA_2025/CARAVEL/CARAVEL.srcs/sources_1/imports/imports/LUT_Module/LUT_Module.v:13]
INFO: [Synth 8-6157] synthesizing module 'Parallel_Memory_Unit' [D:/Github Repositories/Caravel_NPU_FPGA_2025/CARAVEL/CARAVEL.srcs/sources_1/imports/imports/LUT_Module/Parallel_Memory_Unit.v:14]
INFO: [Synth 8-6155] done synthesizing module 'Parallel_Memory_Unit' (0#1) [D:/Github Repositories/Caravel_NPU_FPGA_2025/CARAVEL/CARAVEL.srcs/sources_1/imports/imports/LUT_Module/Parallel_Memory_Unit.v:14]
INFO: [Synth 8-6157] synthesizing module 'Indexing_Unit' [D:/Github Repositories/Caravel_NPU_FPGA_2025/CARAVEL/CARAVEL.srcs/sources_1/imports/imports/LUT_Module/Indexing_Unit.v:13]
INFO: [Synth 8-6157] synthesizing module 'FloatingCompare' [D:/Github Repositories/Caravel_NPU_FPGA_2025/CARAVEL/CARAVEL.srcs/sources_1/imports/imports/LUT_Module/FloatingCompare.v:8]
INFO: [Synth 8-6155] done synthesizing module 'FloatingCompare' (0#1) [D:/Github Repositories/Caravel_NPU_FPGA_2025/CARAVEL/CARAVEL.srcs/sources_1/imports/imports/LUT_Module/FloatingCompare.v:8]
INFO: [Synth 8-6155] done synthesizing module 'Indexing_Unit' (0#1) [D:/Github Repositories/Caravel_NPU_FPGA_2025/CARAVEL/CARAVEL.srcs/sources_1/imports/imports/LUT_Module/Indexing_Unit.v:13]
INFO: [Synth 8-6157] synthesizing module 'Memory_Unit' [D:/Github Repositories/Caravel_NPU_FPGA_2025/CARAVEL/CARAVEL.srcs/sources_1/imports/imports/LUT_Module/Memory_Unit.v:14]
INFO: [Synth 8-6155] done synthesizing module 'Memory_Unit' (0#1) [D:/Github Repositories/Caravel_NPU_FPGA_2025/CARAVEL/CARAVEL.srcs/sources_1/imports/imports/LUT_Module/Memory_Unit.v:14]
INFO: [Synth 8-6157] synthesizing module 'LUT_MAC_Module' [D:/Github Repositories/Caravel_NPU_FPGA_2025/CARAVEL/CARAVEL.srcs/sources_1/imports/imports/LUT_Module/LUT_MAC_Module.v:13]
INFO: [Synth 8-6157] synthesizing module 'FloatingMultiplication' [D:/Github Repositories/Caravel_NPU_FPGA_2025/CARAVEL/CARAVEL.srcs/sources_1/imports/imports/LUT_Module/FloatingMultiplication.v:4]
INFO: [Synth 8-6155] done synthesizing module 'FloatingMultiplication' (0#1) [D:/Github Repositories/Caravel_NPU_FPGA_2025/CARAVEL/CARAVEL.srcs/sources_1/imports/imports/LUT_Module/FloatingMultiplication.v:4]
INFO: [Synth 8-6157] synthesizing module 'FloatingAddition' [D:/Github Repositories/Caravel_NPU_FPGA_2025/CARAVEL/CARAVEL.srcs/sources_1/imports/imports/LUT_Module/FloatingAddition.v:4]
INFO: [Synth 8-6157] synthesizing module 'Priority_Encoder' [D:/Github Repositories/Caravel_NPU_FPGA_2025/CARAVEL/CARAVEL.srcs/sources_1/imports/imports/LUT_Module/Priority_Encoder.v:15]
INFO: [Synth 8-6155] done synthesizing module 'Priority_Encoder' (0#1) [D:/Github Repositories/Caravel_NPU_FPGA_2025/CARAVEL/CARAVEL.srcs/sources_1/imports/imports/LUT_Module/Priority_Encoder.v:15]
INFO: [Synth 8-6155] done synthesizing module 'FloatingAddition' (0#1) [D:/Github Repositories/Caravel_NPU_FPGA_2025/CARAVEL/CARAVEL.srcs/sources_1/imports/imports/LUT_Module/FloatingAddition.v:4]
INFO: [Synth 8-6155] done synthesizing module 'LUT_MAC_Module' (0#1) [D:/Github Repositories/Caravel_NPU_FPGA_2025/CARAVEL/CARAVEL.srcs/sources_1/imports/imports/LUT_Module/LUT_MAC_Module.v:13]
WARNING: [Synth 8-7071] port 'b3_int_select' of module 'WB3_Interface' is unconnected for instance 'wb3_intf' [D:/Github Repositories/Caravel_NPU_FPGA_2025/CARAVEL/CARAVEL.srcs/sources_1/imports/imports/LUT_Module/LUT_Module.v:298]
WARNING: [Synth 8-7023] instance 'wb3_intf' of module 'WB3_Interface' has 17 connections declared, but only 16 given [D:/Github Repositories/Caravel_NPU_FPGA_2025/CARAVEL/CARAVEL.srcs/sources_1/imports/imports/LUT_Module/LUT_Module.v:298]
WARNING: [Synth 8-7071] port 'b4_int_select' of module 'WB4_Interface' is unconnected for instance 'wb4_intf' [D:/Github Repositories/Caravel_NPU_FPGA_2025/CARAVEL/CARAVEL.srcs/sources_1/imports/imports/LUT_Module/LUT_Module.v:319]
WARNING: [Synth 8-7023] instance 'wb4_intf' of module 'WB4_Interface' has 18 connections declared, but only 17 given [D:/Github Repositories/Caravel_NPU_FPGA_2025/CARAVEL/CARAVEL.srcs/sources_1/imports/imports/LUT_Module/LUT_Module.v:319]
INFO: [Synth 8-6157] synthesizing module 'LUT_Arbiter' [D:/Github Repositories/Caravel_NPU_FPGA_2025/CARAVEL/CARAVEL.srcs/sources_1/imports/imports/LUT_Module/LUT_Arbiter.v:13]
INFO: [Synth 8-226] default block is never used [D:/Github Repositories/Caravel_NPU_FPGA_2025/CARAVEL/CARAVEL.srcs/sources_1/imports/imports/LUT_Module/LUT_Arbiter.v:122]
INFO: [Synth 8-226] default block is never used [D:/Github Repositories/Caravel_NPU_FPGA_2025/CARAVEL/CARAVEL.srcs/sources_1/imports/imports/LUT_Module/LUT_Arbiter.v:157]
INFO: [Synth 8-6155] done synthesizing module 'LUT_Arbiter' (0#1) [D:/Github Repositories/Caravel_NPU_FPGA_2025/CARAVEL/CARAVEL.srcs/sources_1/imports/imports/LUT_Module/LUT_Arbiter.v:13]
INFO: [Synth 8-6155] done synthesizing module 'LUT_Module' (0#1) [D:/Github Repositories/Caravel_NPU_FPGA_2025/CARAVEL/CARAVEL.srcs/sources_1/imports/imports/LUT_Module/LUT_Module.v:13]
INFO: [Synth 8-6155] done synthesizing module 'TopLevel' (0#1) [D:/Github Repositories/Caravel_NPU_FPGA_2025/CARAVEL/CARAVEL.srcs/sources_1/imports/imports/TopLevel/TopLevel.v:15]
INFO: [Synth 8-6155] done synthesizing module 'user_project_wrapper' (0#1) [D:/Github Repositories/Caravel_NPU_FPGA_2025/CARAVEL/CARAVEL.srcs/sources_1/imports/src/__user_project_wrapper.v:40]
INFO: [Synth 8-6157] synthesizing module 'caravel_clocking' [D:/Github Repositories/Caravel_NPU_FPGA_2025/CARAVEL/CARAVEL.srcs/sources_1/imports/src/caravel_clocking.v:25]
INFO: [Synth 8-6157] synthesizing module 'clock_div' [D:/Github Repositories/Caravel_NPU_FPGA_2025/CARAVEL/CARAVEL.srcs/sources_1/imports/src/clock_div.v:23]
	Parameter SIZE bound to: 3 - type: integer 
INFO: [Synth 8-6157] synthesizing module 'even' [D:/Github Repositories/Caravel_NPU_FPGA_2025/CARAVEL/CARAVEL.srcs/sources_1/imports/src/clock_div.v:177]
INFO: [Synth 8-6155] done synthesizing module 'even' (0#1) [D:/Github Repositories/Caravel_NPU_FPGA_2025/CARAVEL/CARAVEL.srcs/sources_1/imports/src/clock_div.v:177]
INFO: [Synth 8-6157] synthesizing module 'odd' [D:/Github Repositories/Caravel_NPU_FPGA_2025/CARAVEL/CARAVEL.srcs/sources_1/imports/src/clock_div.v:68]
INFO: [Synth 8-6155] done synthesizing module 'odd' (0#1) [D:/Github Repositories/Caravel_NPU_FPGA_2025/CARAVEL/CARAVEL.srcs/sources_1/imports/src/clock_div.v:68]
INFO: [Synth 8-6155] done synthesizing module 'clock_div' (0#1) [D:/Github Repositories/Caravel_NPU_FPGA_2025/CARAVEL/CARAVEL.srcs/sources_1/imports/src/clock_div.v:23]
INFO: [Synth 8-6155] done synthesizing module 'caravel_clocking' (0#1) [D:/Github Repositories/Caravel_NPU_FPGA_2025/CARAVEL/CARAVEL.srcs/sources_1/imports/src/caravel_clocking.v:25]
INFO: [Synth 8-6157] synthesizing module 'FPGA_POR' [D:/Github Repositories/Caravel_NPU_FPGA_2025/CARAVEL/CARAVEL.srcs/sources_1/imports/src/FPGA_POR.v:2]
INFO: [Synth 8-6155] done synthesizing module 'FPGA_POR' (0#1) [D:/Github Repositories/Caravel_NPU_FPGA_2025/CARAVEL/CARAVEL.srcs/sources_1/imports/src/FPGA_POR.v:2]
INFO: [Synth 8-6157] synthesizing module 'housekeeping' [D:/Github Repositories/Caravel_NPU_FPGA_2025/CARAVEL/CARAVEL.srcs/sources_1/imports/src/housekeeping.v:63]
INFO: [Synth 8-155] case statement is not full and has no default [D:/Github Repositories/Caravel_NPU_FPGA_2025/CARAVEL/CARAVEL.srcs/sources_1/imports/src/housekeeping.v:662]
INFO: [Synth 8-6157] synthesizing module 'housekeeping_spi' [D:/Github Repositories/Caravel_NPU_FPGA_2025/CARAVEL/CARAVEL.srcs/sources_1/imports/src/housekeeping_spi.v:81]
INFO: [Synth 8-6155] done synthesizing module 'housekeeping_spi' (0#1) [D:/Github Repositories/Caravel_NPU_FPGA_2025/CARAVEL/CARAVEL.srcs/sources_1/imports/src/housekeeping_spi.v:81]
INFO: [Synth 8-155] case statement is not full and has no default [D:/Github Repositories/Caravel_NPU_FPGA_2025/CARAVEL/CARAVEL.srcs/sources_1/imports/src/housekeeping.v:1132]
INFO: [Synth 8-6155] done synthesizing module 'housekeeping' (0#1) [D:/Github Repositories/Caravel_NPU_FPGA_2025/CARAVEL/CARAVEL.srcs/sources_1/imports/src/housekeeping.v:63]
INFO: [Synth 8-6157] synthesizing module 'mprj_io_buffer' [D:/Github Repositories/Caravel_NPU_FPGA_2025/CARAVEL/CARAVEL.srcs/sources_1/imports/src/mprj_io_buffer.v:16]
WARNING: [Synth 8-6104] Input port 'mgmt_gpio_in' has an internal driver [D:/Github Repositories/Caravel_NPU_FPGA_2025/CARAVEL/CARAVEL.srcs/sources_1/imports/src/mprj_io_buffer.v:41]
WARNING: [Synth 8-6104] Input port 'mgmt_gpio_oeb' has an internal driver [D:/Github Repositories/Caravel_NPU_FPGA_2025/CARAVEL/CARAVEL.srcs/sources_1/imports/src/mprj_io_buffer.v:42]
WARNING: [Synth 8-6104] Input port 'mgmt_gpio_out' has an internal driver [D:/Github Repositories/Caravel_NPU_FPGA_2025/CARAVEL/CARAVEL.srcs/sources_1/imports/src/mprj_io_buffer.v:43]
INFO: [Synth 8-6155] done synthesizing module 'mprj_io_buffer' (0#1) [D:/Github Repositories/Caravel_NPU_FPGA_2025/CARAVEL/CARAVEL.srcs/sources_1/imports/src/mprj_io_buffer.v:16]
INFO: [Synth 8-6157] synthesizing module 'gpio_defaults_block' [D:/Github Repositories/Caravel_NPU_FPGA_2025/CARAVEL/CARAVEL.srcs/sources_1/imports/src/gpio_defaults_block.v:30]
	Parameter GPIO_CONFIG_INIT bound to: 13'b0010000000011 
INFO: [Synth 8-6155] done synthesizing module 'gpio_defaults_block' (0#1) [D:/Github Repositories/Caravel_NPU_FPGA_2025/CARAVEL/CARAVEL.srcs/sources_1/imports/src/gpio_defaults_block.v:30]
INFO: [Synth 8-6157] synthesizing module 'gpio_defaults_block__parameterized0' [D:/Github Repositories/Caravel_NPU_FPGA_2025/CARAVEL/CARAVEL.srcs/sources_1/imports/src/gpio_defaults_block.v:30]
	Parameter GPIO_CONFIG_INIT bound to: 13'b1100000001001 
INFO: [Synth 8-6155] done synthesizing module 'gpio_defaults_block__parameterized0' (0#1) [D:/Github Repositories/Caravel_NPU_FPGA_2025/CARAVEL/CARAVEL.srcs/sources_1/imports/src/gpio_defaults_block.v:30]
INFO: [Synth 8-6157] synthesizing module 'gpio_control_block' [D:/Github Repositories/Caravel_NPU_FPGA_2025/CARAVEL/CARAVEL.srcs/sources_1/imports/src/gpio_control_block.v:59]
INFO: [Synth 8-6157] synthesizing module 'gpio_logic_high' [D:/Github Repositories/Caravel_NPU_FPGA_2025/CARAVEL/CARAVEL.srcs/sources_1/imports/src/gpio_logic_high.v:3]
INFO: [Synth 8-6155] done synthesizing module 'gpio_logic_high' (0#1) [D:/Github Repositories/Caravel_NPU_FPGA_2025/CARAVEL/CARAVEL.srcs/sources_1/imports/src/gpio_logic_high.v:3]
INFO: [Synth 8-6155] done synthesizing module 'gpio_control_block' (0#1) [D:/Github Repositories/Caravel_NPU_FPGA_2025/CARAVEL/CARAVEL.srcs/sources_1/imports/src/gpio_control_block.v:59]
INFO: [Synth 8-6157] synthesizing module 'user_id_programming' [D:/Github Repositories/Caravel_NPU_FPGA_2025/CARAVEL/CARAVEL.srcs/sources_1/imports/src/user_id_programming.v:28]
	Parameter USER_PROJECT_ID bound to: 0 - type: integer 
INFO: [Synth 8-6155] done synthesizing module 'user_id_programming' (0#1) [D:/Github Repositories/Caravel_NPU_FPGA_2025/CARAVEL/CARAVEL.srcs/sources_1/imports/src/user_id_programming.v:28]
INFO: [Synth 8-6155] done synthesizing module 'caravel_core' (0#1) [D:/Github Repositories/Caravel_NPU_FPGA_2025/CARAVEL/CARAVEL.srcs/sources_1/imports/src/caravel_core.v:45]
INFO: [Synth 8-6155] done synthesizing module 'caravel' (0#1) [D:/Github Repositories/Caravel_NPU_FPGA_2025/CARAVEL/CARAVEL.srcs/sources_1/imports/src/caravel.v:46]
WARNING: [Synth 8-6014] Unused sequential element decodeStage_mmuRsp_isIoAccess_reg was removed.  [D:/Github Repositories/Caravel_NPU_FPGA_2025/CARAVEL/CARAVEL.srcs/sources_1/imports/src/VexRiscv.v:5348]
WARNING: [Synth 8-6014] Unused sequential element decodeStage_mmuRsp_allowRead_reg was removed.  [D:/Github Repositories/Caravel_NPU_FPGA_2025/CARAVEL/CARAVEL.srcs/sources_1/imports/src/VexRiscv.v:5350]
WARNING: [Synth 8-6014] Unused sequential element decodeStage_mmuRsp_allowWrite_reg was removed.  [D:/Github Repositories/Caravel_NPU_FPGA_2025/CARAVEL/CARAVEL.srcs/sources_1/imports/src/VexRiscv.v:5351]
WARNING: [Synth 8-6014] Unused sequential element decodeStage_mmuRsp_bypassTranslation_reg was removed.  [D:/Github Repositories/Caravel_NPU_FPGA_2025/CARAVEL/CARAVEL.srcs/sources_1/imports/src/VexRiscv.v:5355]
WARNING: [Synth 8-6014] Unused sequential element IBusCachedPlugin_fetchPc_correctionReg_reg was removed.  [D:/Github Repositories/Caravel_NPU_FPGA_2025/CARAVEL/CARAVEL.srcs/sources_1/imports/src/VexRiscv.v:2902]
WARNING: [Synth 8-6014] Unused sequential element IBusCachedPlugin_injector_nextPcCalc_valids_2_reg was removed.  [D:/Github Repositories/Caravel_NPU_FPGA_2025/CARAVEL/CARAVEL.srcs/sources_1/imports/src/VexRiscv.v:3009]
WARNING: [Synth 8-6014] Unused sequential element IBusCachedPlugin_injector_nextPcCalc_valids_3_reg was removed.  [D:/Github Repositories/Caravel_NPU_FPGA_2025/CARAVEL/CARAVEL.srcs/sources_1/imports/src/VexRiscv.v:3010]
WARNING: [Synth 8-6014] Unused sequential element IBusCachedPlugin_injector_nextPcCalc_valids_4_reg was removed.  [D:/Github Repositories/Caravel_NPU_FPGA_2025/CARAVEL/CARAVEL.srcs/sources_1/imports/src/VexRiscv.v:3011]
WARNING: [Synth 8-6014] Unused sequential element IBusCachedPlugin_rspCounter_reg was removed.  [D:/Github Repositories/Caravel_NPU_FPGA_2025/CARAVEL/CARAVEL.srcs/sources_1/imports/src/VexRiscv.v:4411]
WARNING: [Synth 8-6014] Unused sequential element CsrPlugin_mcycle_reg was removed.  [D:/Github Repositories/Caravel_NPU_FPGA_2025/CARAVEL/CARAVEL.srcs/sources_1/imports/src/VexRiscv.v:4422]
WARNING: [Synth 8-6014] Unused sequential element CsrPlugin_minstret_reg was removed.  [D:/Github Repositories/Caravel_NPU_FPGA_2025/CARAVEL/CARAVEL.srcs/sources_1/imports/src/VexRiscv.v:4423]
WARNING: [Synth 8-6014] Unused sequential element execute_CsrPlugin_wfiWake_reg was removed.  [D:/Github Repositories/Caravel_NPU_FPGA_2025/CARAVEL/CARAVEL.srcs/sources_1/imports/src/VexRiscv.v:4433]
WARNING: [Synth 8-6014] Unused sequential element decode_to_execute_FORMAL_PC_NEXT_reg was removed.  [D:/Github Repositories/Caravel_NPU_FPGA_2025/CARAVEL/CARAVEL.srcs/sources_1/imports/src/VexRiscv.v:2234]
WARNING: [Synth 8-6014] Unused sequential element execute_to_memory_FORMAL_PC_NEXT_reg was removed.  [D:/Github Repositories/Caravel_NPU_FPGA_2025/CARAVEL/CARAVEL.srcs/sources_1/imports/src/VexRiscv.v:2233]
WARNING: [Synth 8-6014] Unused sequential element memory_to_writeBack_FORMAL_PC_NEXT_reg was removed.  [D:/Github Repositories/Caravel_NPU_FPGA_2025/CARAVEL/CARAVEL.srcs/sources_1/imports/src/VexRiscv.v:2232]
WARNING: [Synth 8-6014] Unused sequential element decode_to_execute_CSR_READ_OPCODE_reg was removed.  [D:/Github Repositories/Caravel_NPU_FPGA_2025/CARAVEL/CARAVEL.srcs/sources_1/imports/src/VexRiscv.v:2237]
WARNING: [Synth 8-6014] Unused sequential element dBus_cmd_rData_mask_reg was removed.  [D:/Github Repositories/Caravel_NPU_FPGA_2025/CARAVEL/CARAVEL.srcs/sources_1/imports/src/VexRiscv.v:4342]
WARNING: [Synth 8-6014] Unused sequential element DebugPlugin_firstCycle_reg was removed.  [D:/Github Repositories/Caravel_NPU_FPGA_2025/CARAVEL/CARAVEL.srcs/sources_1/imports/src/VexRiscv.v:4990]
WARNING: [Synth 8-6014] Unused sequential element DebugPlugin_secondCycle_reg was removed.  [D:/Github Repositories/Caravel_NPU_FPGA_2025/CARAVEL/CARAVEL.srcs/sources_1/imports/src/VexRiscv.v:4994]
WARNING: [Synth 8-3936] Found unconnected internal register 'memory_to_writeBack_INSTRUCTION_reg' and it is trimmed from '32' to '30' bits. [D:/Github Repositories/Caravel_NPU_FPGA_2025/CARAVEL/CARAVEL.srcs/sources_1/imports/src/VexRiscv.v:2468]
WARNING: [Synth 8-7137] Register IBusCachedPlugin_fetchPc_pcReg_reg in module VexRiscv has both Set and reset with same priority. This may cause simulation mismatches. Consider rewriting code  [D:/Github Repositories/Caravel_NPU_FPGA_2025/CARAVEL/CARAVEL.srcs/sources_1/imports/src/VexRiscv.v:2987]
WARNING: [Synth 8-3848] Net IBusCachedPlugin_cache_io_cpu_fetch_isRemoved in module/entity VexRiscv does not have driver. [D:/Github Repositories/Caravel_NPU_FPGA_2025/CARAVEL/CARAVEL.srcs/sources_1/imports/src/VexRiscv.v:74]
WARNING: [Synth 8-3848] Net IBusCachedPlugin_mmuBus_rsp_bypassTranslation in module/entity VexRiscv does not have driver. [D:/Github Repositories/Caravel_NPU_FPGA_2025/CARAVEL/CARAVEL.srcs/sources_1/imports/src/VexRiscv.v:560]
WARNING: [Synth 8-6014] Unused sequential element mgmtsoc_master_tx_fifo_source_first_reg was removed.  [D:/Github Repositories/Caravel_NPU_FPGA_2025/CARAVEL/CARAVEL.srcs/sources_1/imports/src/mgmt_core.v:2869]
WARNING: [Synth 8-6014] Unused sequential element mgmtsoc_master_tx_fifo_source_last_reg was removed.  [D:/Github Repositories/Caravel_NPU_FPGA_2025/CARAVEL/CARAVEL.srcs/sources_1/imports/src/mgmt_core.v:2870]
WARNING: [Synth 8-6014] Unused sequential element mgmtsoc_master_rx_fifo_source_first_reg was removed.  [D:/Github Repositories/Caravel_NPU_FPGA_2025/CARAVEL/CARAVEL.srcs/sources_1/imports/src/mgmt_core.v:6905]
WARNING: [Synth 8-6014] Unused sequential element mgmtsoc_master_rx_fifo_source_last_reg was removed.  [D:/Github Repositories/Caravel_NPU_FPGA_2025/CARAVEL/CARAVEL.srcs/sources_1/imports/src/mgmt_core.v:6906]
WARNING: [Synth 8-6014] Unused sequential element mgmtsoc_scratch_re_reg was removed.  [D:/Github Repositories/Caravel_NPU_FPGA_2025/CARAVEL/CARAVEL.srcs/sources_1/imports/src/mgmt_core.v:7200]
WARNING: [Synth 8-6014] Unused sequential element mgmtsoc_bus_errors_re_reg was removed.  [D:/Github Repositories/Caravel_NPU_FPGA_2025/CARAVEL/CARAVEL.srcs/sources_1/imports/src/mgmt_core.v:7201]
WARNING: [Synth 8-6014] Unused sequential element debug_mode_re_reg was removed.  [D:/Github Repositories/Caravel_NPU_FPGA_2025/CARAVEL/CARAVEL.srcs/sources_1/imports/src/mgmt_core.v:7213]
WARNING: [Synth 8-6014] Unused sequential element debug_oeb_re_reg was removed.  [D:/Github Repositories/Caravel_NPU_FPGA_2025/CARAVEL/CARAVEL.srcs/sources_1/imports/src/mgmt_core.v:7225]
WARNING: [Synth 8-6014] Unused sequential element mgmtsoc_litespimmap_re_reg was removed.  [D:/Github Repositories/Caravel_NPU_FPGA_2025/CARAVEL/CARAVEL.srcs/sources_1/imports/src/mgmt_core.v:7249]
WARNING: [Synth 8-6014] Unused sequential element mgmtsoc_master_cs_re_reg was removed.  [D:/Github Repositories/Caravel_NPU_FPGA_2025/CARAVEL/CARAVEL.srcs/sources_1/imports/src/mgmt_core.v:7253]
WARNING: [Synth 8-6014] Unused sequential element mgmtsoc_master_phyconfig_re_reg was removed.  [D:/Github Repositories/Caravel_NPU_FPGA_2025/CARAVEL/CARAVEL.srcs/sources_1/imports/src/mgmt_core.v:7257]
WARNING: [Synth 8-6014] Unused sequential element mgmtsoc_master_status_re_reg was removed.  [D:/Github Repositories/Caravel_NPU_FPGA_2025/CARAVEL/CARAVEL.srcs/sources_1/imports/src/mgmt_core.v:7258]
WARNING: [Synth 8-6014] Unused sequential element mgmtsoc_litespisdrphycore_re_reg was removed.  [D:/Github Repositories/Caravel_NPU_FPGA_2025/CARAVEL/CARAVEL.srcs/sources_1/imports/src/mgmt_core.v:7270]
WARNING: [Synth 8-6014] Unused sequential element gpio_mode1_re_reg was removed.  [D:/Github Repositories/Caravel_NPU_FPGA_2025/CARAVEL/CARAVEL.srcs/sources_1/imports/src/mgmt_core.v:7297]
WARNING: [Synth 8-6014] Unused sequential element gpio_mode0_re_reg was removed.  [D:/Github Repositories/Caravel_NPU_FPGA_2025/CARAVEL/CARAVEL.srcs/sources_1/imports/src/mgmt_core.v:7301]
WARNING: [Synth 8-6014] Unused sequential element gpio_ien_re_reg was removed.  [D:/Github Repositories/Caravel_NPU_FPGA_2025/CARAVEL/CARAVEL.srcs/sources_1/imports/src/mgmt_core.v:7305]
WARNING: [Synth 8-6014] Unused sequential element gpio_oe_re_reg was removed.  [D:/Github Repositories/Caravel_NPU_FPGA_2025/CARAVEL/CARAVEL.srcs/sources_1/imports/src/mgmt_core.v:7309]
WARNING: [Synth 8-6014] Unused sequential element gpio_in_re_reg was removed.  [D:/Github Repositories/Caravel_NPU_FPGA_2025/CARAVEL/CARAVEL.srcs/sources_1/imports/src/mgmt_core.v:7310]
WARNING: [Synth 8-6014] Unused sequential element gpio_out_re_reg was removed.  [D:/Github Repositories/Caravel_NPU_FPGA_2025/CARAVEL/CARAVEL.srcs/sources_1/imports/src/mgmt_core.v:7314]
WARNING: [Synth 8-6014] Unused sequential element la_ien_re_reg was removed.  [D:/Github Repositories/Caravel_NPU_FPGA_2025/CARAVEL/CARAVEL.srcs/sources_1/imports/src/mgmt_core.v:7380]
WARNING: [Synth 8-6014] Unused sequential element la_oe_re_reg was removed.  [D:/Github Repositories/Caravel_NPU_FPGA_2025/CARAVEL/CARAVEL.srcs/sources_1/imports/src/mgmt_core.v:7393]
WARNING: [Synth 8-6014] Unused sequential element la_in_re_reg was removed.  [D:/Github Repositories/Caravel_NPU_FPGA_2025/CARAVEL/CARAVEL.srcs/sources_1/imports/src/mgmt_core.v:7394]
WARNING: [Synth 8-6014] Unused sequential element la_out_re_reg was removed.  [D:/Github Repositories/Caravel_NPU_FPGA_2025/CARAVEL/CARAVEL.srcs/sources_1/imports/src/mgmt_core.v:7407]
WARNING: [Synth 8-6014] Unused sequential element mprj_wb_iena_re_reg was removed.  [D:/Github Repositories/Caravel_NPU_FPGA_2025/CARAVEL/CARAVEL.srcs/sources_1/imports/src/mgmt_core.v:7419]
WARNING: [Synth 8-6014] Unused sequential element spi_enabled_re_reg was removed.  [D:/Github Repositories/Caravel_NPU_FPGA_2025/CARAVEL/CARAVEL.srcs/sources_1/imports/src/mgmt_core.v:7431]
WARNING: [Synth 8-6014] Unused sequential element spi_master_status_re_reg was removed.  [D:/Github Repositories/Caravel_NPU_FPGA_2025/CARAVEL/CARAVEL.srcs/sources_1/imports/src/mgmt_core.v:7462]
WARNING: [Synth 8-6014] Unused sequential element spi_master_mosi_re_reg was removed.  [D:/Github Repositories/Caravel_NPU_FPGA_2025/CARAVEL/CARAVEL.srcs/sources_1/imports/src/mgmt_core.v:7466]
WARNING: [Synth 8-6014] Unused sequential element spi_master_miso_re_reg was removed.  [D:/Github Repositories/Caravel_NPU_FPGA_2025/CARAVEL/CARAVEL.srcs/sources_1/imports/src/mgmt_core.v:7467]
WARNING: [Synth 8-6014] Unused sequential element spi_master_cs_re_reg was removed.  [D:/Github Repositories/Caravel_NPU_FPGA_2025/CARAVEL/CARAVEL.srcs/sources_1/imports/src/mgmt_core.v:7471]
WARNING: [Synth 8-6014] Unused sequential element spi_master_loopback_re_reg was removed.  [D:/Github Repositories/Caravel_NPU_FPGA_2025/CARAVEL/CARAVEL.srcs/sources_1/imports/src/mgmt_core.v:7475]
WARNING: [Synth 8-6014] Unused sequential element spimaster_re_reg was removed.  [D:/Github Repositories/Caravel_NPU_FPGA_2025/CARAVEL/CARAVEL.srcs/sources_1/imports/src/mgmt_core.v:7479]
WARNING: [Synth 8-6014] Unused sequential element mgmtsoc_load_re_reg was removed.  [D:/Github Repositories/Caravel_NPU_FPGA_2025/CARAVEL/CARAVEL.srcs/sources_1/imports/src/mgmt_core.v:7512]
WARNING: [Synth 8-6014] Unused sequential element mgmtsoc_reload_re_reg was removed.  [D:/Github Repositories/Caravel_NPU_FPGA_2025/CARAVEL/CARAVEL.srcs/sources_1/imports/src/mgmt_core.v:7516]
WARNING: [Synth 8-6014] Unused sequential element mgmtsoc_en_re_reg was removed.  [D:/Github Repositories/Caravel_NPU_FPGA_2025/CARAVEL/CARAVEL.srcs/sources_1/imports/src/mgmt_core.v:7520]
WARNING: [Synth 8-6014] Unused sequential element mgmtsoc_value_re_reg was removed.  [D:/Github Repositories/Caravel_NPU_FPGA_2025/CARAVEL/CARAVEL.srcs/sources_1/imports/src/mgmt_core.v:7525]
WARNING: [Synth 8-6014] Unused sequential element mgmtsoc_status_re_reg was removed.  [D:/Github Repositories/Caravel_NPU_FPGA_2025/CARAVEL/CARAVEL.srcs/sources_1/imports/src/mgmt_core.v:7526]
WARNING: [Synth 8-6014] Unused sequential element mgmtsoc_enable_re_reg was removed.  [D:/Github Repositories/Caravel_NPU_FPGA_2025/CARAVEL/CARAVEL.srcs/sources_1/imports/src/mgmt_core.v:7534]
WARNING: [Synth 8-6014] Unused sequential element uart_txfull_re_reg was removed.  [D:/Github Repositories/Caravel_NPU_FPGA_2025/CARAVEL/CARAVEL.srcs/sources_1/imports/src/mgmt_core.v:7564]
WARNING: [Synth 8-6014] Unused sequential element uart_rxempty_re_reg was removed.  [D:/Github Repositories/Caravel_NPU_FPGA_2025/CARAVEL/CARAVEL.srcs/sources_1/imports/src/mgmt_core.v:7565]
WARNING: [Synth 8-6014] Unused sequential element uart_status_re_reg was removed.  [D:/Github Repositories/Caravel_NPU_FPGA_2025/CARAVEL/CARAVEL.srcs/sources_1/imports/src/mgmt_core.v:7566]
WARNING: [Synth 8-6014] Unused sequential element uart_enable_re_reg was removed.  [D:/Github Repositories/Caravel_NPU_FPGA_2025/CARAVEL/CARAVEL.srcs/sources_1/imports/src/mgmt_core.v:7574]
WARNING: [Synth 8-6014] Unused sequential element uart_txempty_re_reg was removed.  [D:/Github Repositories/Caravel_NPU_FPGA_2025/CARAVEL/CARAVEL.srcs/sources_1/imports/src/mgmt_core.v:7575]
WARNING: [Synth 8-6014] Unused sequential element uart_rxfull_re_reg was removed.  [D:/Github Repositories/Caravel_NPU_FPGA_2025/CARAVEL/CARAVEL.srcs/sources_1/imports/src/mgmt_core.v:7576]
WARNING: [Synth 8-6014] Unused sequential element uart_enabled_re_reg was removed.  [D:/Github Repositories/Caravel_NPU_FPGA_2025/CARAVEL/CARAVEL.srcs/sources_1/imports/src/mgmt_core.v:7588]
WARNING: [Synth 8-6014] Unused sequential element gpioin0_in_re_reg was removed.  [D:/Github Repositories/Caravel_NPU_FPGA_2025/CARAVEL/CARAVEL.srcs/sources_1/imports/src/mgmt_core.v:7612]
WARNING: [Synth 8-6014] Unused sequential element gpioin0_gpioin0_mode_re_reg was removed.  [D:/Github Repositories/Caravel_NPU_FPGA_2025/CARAVEL/CARAVEL.srcs/sources_1/imports/src/mgmt_core.v:7616]
WARNING: [Synth 8-6014] Unused sequential element gpioin0_gpioin0_edge_re_reg was removed.  [D:/Github Repositories/Caravel_NPU_FPGA_2025/CARAVEL/CARAVEL.srcs/sources_1/imports/src/mgmt_core.v:7620]
WARNING: [Synth 8-6014] Unused sequential element gpioin0_status_re_reg was removed.  [D:/Github Repositories/Caravel_NPU_FPGA_2025/CARAVEL/CARAVEL.srcs/sources_1/imports/src/mgmt_core.v:7621]
WARNING: [Synth 8-6014] Unused sequential element gpioin0_enable_re_reg was removed.  [D:/Github Repositories/Caravel_NPU_FPGA_2025/CARAVEL/CARAVEL.srcs/sources_1/imports/src/mgmt_core.v:7629]
WARNING: [Synth 8-6014] Unused sequential element gpioin1_in_re_reg was removed.  [D:/Github Repositories/Caravel_NPU_FPGA_2025/CARAVEL/CARAVEL.srcs/sources_1/imports/src/mgmt_core.v:7653]
WARNING: [Synth 8-6014] Unused sequential element gpioin1_gpioin1_mode_re_reg was removed.  [D:/Github Repositories/Caravel_NPU_FPGA_2025/CARAVEL/CARAVEL.srcs/sources_1/imports/src/mgmt_core.v:7657]
WARNING: [Synth 8-6014] Unused sequential element gpioin1_gpioin1_edge_re_reg was removed.  [D:/Github Repositories/Caravel_NPU_FPGA_2025/CARAVEL/CARAVEL.srcs/sources_1/imports/src/mgmt_core.v:7661]
WARNING: [Synth 8-6014] Unused sequential element gpioin1_status_re_reg was removed.  [D:/Github Repositories/Caravel_NPU_FPGA_2025/CARAVEL/CARAVEL.srcs/sources_1/imports/src/mgmt_core.v:7662]
WARNING: [Synth 8-6014] Unused sequential element gpioin1_enable_re_reg was removed.  [D:/Github Repositories/Caravel_NPU_FPGA_2025/CARAVEL/CARAVEL.srcs/sources_1/imports/src/mgmt_core.v:7670]
WARNING: [Synth 8-6014] Unused sequential element gpioin2_in_re_reg was removed.  [D:/Github Repositories/Caravel_NPU_FPGA_2025/CARAVEL/CARAVEL.srcs/sources_1/imports/src/mgmt_core.v:7694]
WARNING: [Synth 8-6014] Unused sequential element gpioin2_gpioin2_mode_re_reg was removed.  [D:/Github Repositories/Caravel_NPU_FPGA_2025/CARAVEL/CARAVEL.srcs/sources_1/imports/src/mgmt_core.v:7698]
WARNING: [Synth 8-6014] Unused sequential element gpioin2_gpioin2_edge_re_reg was removed.  [D:/Github Repositories/Caravel_NPU_FPGA_2025/CARAVEL/CARAVEL.srcs/sources_1/imports/src/mgmt_core.v:7702]
WARNING: [Synth 8-6014] Unused sequential element gpioin2_status_re_reg was removed.  [D:/Github Repositories/Caravel_NPU_FPGA_2025/CARAVEL/CARAVEL.srcs/sources_1/imports/src/mgmt_core.v:7703]
WARNING: [Synth 8-6014] Unused sequential element gpioin2_enable_re_reg was removed.  [D:/Github Repositories/Caravel_NPU_FPGA_2025/CARAVEL/CARAVEL.srcs/sources_1/imports/src/mgmt_core.v:7711]
WARNING: [Synth 8-6014] Unused sequential element gpioin3_in_re_reg was removed.  [D:/Github Repositories/Caravel_NPU_FPGA_2025/CARAVEL/CARAVEL.srcs/sources_1/imports/src/mgmt_core.v:7735]
WARNING: [Synth 8-6014] Unused sequential element gpioin3_gpioin3_mode_re_reg was removed.  [D:/Github Repositories/Caravel_NPU_FPGA_2025/CARAVEL/CARAVEL.srcs/sources_1/imports/src/mgmt_core.v:7739]
WARNING: [Synth 8-6014] Unused sequential element gpioin3_gpioin3_edge_re_reg was removed.  [D:/Github Repositories/Caravel_NPU_FPGA_2025/CARAVEL/CARAVEL.srcs/sources_1/imports/src/mgmt_core.v:7743]
WARNING: [Synth 8-6014] Unused sequential element gpioin3_status_re_reg was removed.  [D:/Github Repositories/Caravel_NPU_FPGA_2025/CARAVEL/CARAVEL.srcs/sources_1/imports/src/mgmt_core.v:7744]
WARNING: [Synth 8-6014] Unused sequential element gpioin3_enable_re_reg was removed.  [D:/Github Repositories/Caravel_NPU_FPGA_2025/CARAVEL/CARAVEL.srcs/sources_1/imports/src/mgmt_core.v:7752]
WARNING: [Synth 8-6014] Unused sequential element gpioin4_in_re_reg was removed.  [D:/Github Repositories/Caravel_NPU_FPGA_2025/CARAVEL/CARAVEL.srcs/sources_1/imports/src/mgmt_core.v:7776]
WARNING: [Synth 8-6014] Unused sequential element gpioin4_gpioin4_mode_re_reg was removed.  [D:/Github Repositories/Caravel_NPU_FPGA_2025/CARAVEL/CARAVEL.srcs/sources_1/imports/src/mgmt_core.v:7780]
WARNING: [Synth 8-6014] Unused sequential element gpioin4_gpioin4_edge_re_reg was removed.  [D:/Github Repositories/Caravel_NPU_FPGA_2025/CARAVEL/CARAVEL.srcs/sources_1/imports/src/mgmt_core.v:7784]
WARNING: [Synth 8-6014] Unused sequential element gpioin4_status_re_reg was removed.  [D:/Github Repositories/Caravel_NPU_FPGA_2025/CARAVEL/CARAVEL.srcs/sources_1/imports/src/mgmt_core.v:7785]
WARNING: [Synth 8-6014] Unused sequential element gpioin4_enable_re_reg was removed.  [D:/Github Repositories/Caravel_NPU_FPGA_2025/CARAVEL/CARAVEL.srcs/sources_1/imports/src/mgmt_core.v:7793]
WARNING: [Synth 8-6014] Unused sequential element gpioin5_in_re_reg was removed.  [D:/Github Repositories/Caravel_NPU_FPGA_2025/CARAVEL/CARAVEL.srcs/sources_1/imports/src/mgmt_core.v:7817]
WARNING: [Synth 8-6014] Unused sequential element gpioin5_gpioin5_mode_re_reg was removed.  [D:/Github Repositories/Caravel_NPU_FPGA_2025/CARAVEL/CARAVEL.srcs/sources_1/imports/src/mgmt_core.v:7821]
WARNING: [Synth 8-6014] Unused sequential element gpioin5_gpioin5_edge_re_reg was removed.  [D:/Github Repositories/Caravel_NPU_FPGA_2025/CARAVEL/CARAVEL.srcs/sources_1/imports/src/mgmt_core.v:7825]
WARNING: [Synth 8-6014] Unused sequential element gpioin5_status_re_reg was removed.  [D:/Github Repositories/Caravel_NPU_FPGA_2025/CARAVEL/CARAVEL.srcs/sources_1/imports/src/mgmt_core.v:7826]
WARNING: [Synth 8-6014] Unused sequential element gpioin5_enable_re_reg was removed.  [D:/Github Repositories/Caravel_NPU_FPGA_2025/CARAVEL/CARAVEL.srcs/sources_1/imports/src/mgmt_core.v:7834]
WARNING: [Synth 8-6014] Unused sequential element user_irq_ena_re_reg was removed.  [D:/Github Repositories/Caravel_NPU_FPGA_2025/CARAVEL/CARAVEL.srcs/sources_1/imports/src/mgmt_core.v:7846]
WARNING: [Synth 8-6014] Unused sequential element memdat_reg was removed.  [D:/Github Repositories/Caravel_NPU_FPGA_2025/CARAVEL/CARAVEL.srcs/sources_1/imports/src/mgmt_core.v:8398]
WARNING: [Synth 8-6014] Unused sequential element memdat_2_reg was removed.  [D:/Github Repositories/Caravel_NPU_FPGA_2025/CARAVEL/CARAVEL.srcs/sources_1/imports/src/mgmt_core.v:8415]
WARNING: [Synth 8-3936] Found unconnected internal register 'litespi_tx_mux_source_payload_mask_reg' and it is trimmed from '8' to '1' bits. [D:/Github Repositories/Caravel_NPU_FPGA_2025/CARAVEL/CARAVEL.srcs/sources_1/imports/src/mgmt_core.v:2187]
WARNING: [Synth 8-3936] Found unconnected internal register 'next_tlen_reg' and it is trimmed from '32' to '11' bits. [D:/Github Repositories/Caravel_NPU_FPGA_2025/CARAVEL/CARAVEL.srcs/sources_1/imports/imports/DMA_Module/zipdma_ctrl.v:198]
WARNING: [Synth 8-6014] Unused sequential element rdack_subaddr_reg was removed.  [D:/Github Repositories/Caravel_NPU_FPGA_2025/CARAVEL/CARAVEL.srcs/sources_1/imports/imports/DMA_Module/zipdma_mm2s.v:588]
WARNING: [Synth 8-6014] Unused sequential element counter_reg was removed.  [D:/Github Repositories/Caravel_NPU_FPGA_2025/CARAVEL/CARAVEL.srcs/sources_1/imports/imports/Memory/Memory_Arbiter.v:96]
WARNING: [Synth 8-3848] Net wb4_err_o in module/entity memory_intf does not have driver. [D:/Github Repositories/Caravel_NPU_FPGA_2025/CARAVEL/CARAVEL.srcs/sources_1/imports/imports/Memory/memory_intf.v:47]
WARNING: [Synth 8-6014] Unused sequential element dly_stb_reg was removed.  [D:/Github Repositories/Caravel_NPU_FPGA_2025/CARAVEL/CARAVEL.srcs/sources_1/imports/imports/SD_Card_Interface_Module/sdspi.v:683]
WARNING: [Synth 8-3848] Net wb4_err_o in module/entity LUT_Module does not have driver. [D:/Github Repositories/Caravel_NPU_FPGA_2025/CARAVEL/CARAVEL.srcs/sources_1/imports/imports/LUT_Module/LUT_Module.v:44]
WARNING: [Synth 8-3848] Net syn_stall_4 in module/entity TopLevel does not have driver. [D:/Github Repositories/Caravel_NPU_FPGA_2025/CARAVEL/CARAVEL.srcs/sources_1/imports/imports/TopLevel/TopLevel.v:207]
WARNING: [Synth 8-3848] Net syn_ack_4 in module/entity TopLevel does not have driver. [D:/Github Repositories/Caravel_NPU_FPGA_2025/CARAVEL/CARAVEL.srcs/sources_1/imports/imports/TopLevel/TopLevel.v:206]
WARNING: [Synth 8-3848] Net syn_dat_4 in module/entity TopLevel does not have driver. [D:/Github Repositories/Caravel_NPU_FPGA_2025/CARAVEL/CARAVEL.srcs/sources_1/imports/imports/TopLevel/TopLevel.v:208]
WARNING: [Synth 8-7137] Register ext_clk_syncd_pre_reg in module caravel_clocking has both Set and reset with same priority. This may cause simulation mismatches. Consider rewriting code  [D:/Github Repositories/Caravel_NPU_FPGA_2025/CARAVEL/CARAVEL.srcs/sources_1/imports/src/caravel_clocking.v:69]
WARNING: [Synth 8-7137] Register wb_dat_o_reg in module housekeeping has both Set and reset with same priority. This may cause simulation mismatches. Consider rewriting code  [D:/Github Repositories/Caravel_NPU_FPGA_2025/CARAVEL/CARAVEL.srcs/sources_1/imports/src/housekeeping.v:690]
WARNING: [Synth 8-3848] Net mgmt_gpio_in_buf in module/entity mprj_io_buffer does not have driver. [D:/Github Repositories/Caravel_NPU_FPGA_2025/CARAVEL/CARAVEL.srcs/sources_1/imports/src/mprj_io_buffer.v:22]
WARNING: [Synth 8-3848] Net mgmt_gpio_oeb_buf in module/entity mprj_io_buffer does not have driver. [D:/Github Repositories/Caravel_NPU_FPGA_2025/CARAVEL/CARAVEL.srcs/sources_1/imports/src/mprj_io_buffer.v:24]
WARNING: [Synth 8-3848] Net mgmt_gpio_out_buf in module/entity mprj_io_buffer does not have driver. [D:/Github Repositories/Caravel_NPU_FPGA_2025/CARAVEL/CARAVEL.srcs/sources_1/imports/src/mprj_io_buffer.v:26]
WARNING: [Synth 8-7137] Register mgmt_ena_reg in module gpio_control_block has both Set and reset with same priority. This may cause simulation mismatches. Consider rewriting code  [D:/Github Repositories/Caravel_NPU_FPGA_2025/CARAVEL/CARAVEL.srcs/sources_1/imports/src/gpio_control_block.v:193]
WARNING: [Synth 8-7137] Register gpio_holdover_reg in module gpio_control_block has both Set and reset with same priority. This may cause simulation mismatches. Consider rewriting code  [D:/Github Repositories/Caravel_NPU_FPGA_2025/CARAVEL/CARAVEL.srcs/sources_1/imports/src/gpio_control_block.v:194]
WARNING: [Synth 8-7137] Register gpio_slow_sel_reg in module gpio_control_block has both Set and reset with same priority. This may cause simulation mismatches. Consider rewriting code  [D:/Github Repositories/Caravel_NPU_FPGA_2025/CARAVEL/CARAVEL.srcs/sources_1/imports/src/gpio_control_block.v:195]
WARNING: [Synth 8-7137] Register gpio_vtrip_sel_reg in module gpio_control_block has both Set and reset with same priority. This may cause simulation mismatches. Consider rewriting code  [D:/Github Repositories/Caravel_NPU_FPGA_2025/CARAVEL/CARAVEL.srcs/sources_1/imports/src/gpio_control_block.v:196]
WARNING: [Synth 8-7137] Register gpio_ib_mode_sel_reg in module gpio_control_block has both Set and reset with same priority. This may cause simulation mismatches. Consider rewriting code  [D:/Github Repositories/Caravel_NPU_FPGA_2025/CARAVEL/CARAVEL.srcs/sources_1/imports/src/gpio_control_block.v:197]
WARNING: [Synth 8-7137] Register gpio_inenb_reg in module gpio_control_block has both Set and reset with same priority. This may cause simulation mismatches. Consider rewriting code  [D:/Github Repositories/Caravel_NPU_FPGA_2025/CARAVEL/CARAVEL.srcs/sources_1/imports/src/gpio_control_block.v:198]
WARNING: [Synth 8-7137] Register gpio_outenb_reg in module gpio_control_block has both Set and reset with same priority. This may cause simulation mismatches. Consider rewriting code  [D:/Github Repositories/Caravel_NPU_FPGA_2025/CARAVEL/CARAVEL.srcs/sources_1/imports/src/gpio_control_block.v:199]
WARNING: [Synth 8-7137] Register gpio_dm_reg in module gpio_control_block has both Set and reset with same priority. This may cause simulation mismatches. Consider rewriting code  [D:/Github Repositories/Caravel_NPU_FPGA_2025/CARAVEL/CARAVEL.srcs/sources_1/imports/src/gpio_control_block.v:200]
WARNING: [Synth 8-7137] Register gpio_ana_en_reg in module gpio_control_block has both Set and reset with same priority. This may cause simulation mismatches. Consider rewriting code  [D:/Github Repositories/Caravel_NPU_FPGA_2025/CARAVEL/CARAVEL.srcs/sources_1/imports/src/gpio_control_block.v:201]
WARNING: [Synth 8-7137] Register gpio_ana_sel_reg in module gpio_control_block has both Set and reset with same priority. This may cause simulation mismatches. Consider rewriting code  [D:/Github Repositories/Caravel_NPU_FPGA_2025/CARAVEL/CARAVEL.srcs/sources_1/imports/src/gpio_control_block.v:202]
WARNING: [Synth 8-7137] Register gpio_ana_pol_reg in module gpio_control_block has both Set and reset with same priority. This may cause simulation mismatches. Consider rewriting code  [D:/Github Repositories/Caravel_NPU_FPGA_2025/CARAVEL/CARAVEL.srcs/sources_1/imports/src/gpio_control_block.v:203]
WARNING: [Synth 8-7129] Port N[0] in module even is either unconnected or has no load
WARNING: [Synth 8-7129] Port wb4_err_o in module LUT_Module is either unconnected or has no load
WARNING: [Synth 8-7129] Port i_bus_grant in module llsdspi is either unconnected or has no load
WARNING: [Synth 8-7129] Port i_wb_cyc in module sdspi is either unconnected or has no load
WARNING: [Synth 8-7129] Port wb4_err_o in module memory_intf is either unconnected or has no load
WARNING: [Synth 8-7129] Port i_reset in module wbarbiter is either unconnected or has no load
WARNING: [Synth 8-7129] Port i_wr_data[31] in module zipdma_s2mm is either unconnected or has no load
WARNING: [Synth 8-7129] Port i_wr_data[30] in module zipdma_s2mm is either unconnected or has no load
WARNING: [Synth 8-7129] Port i_wr_data[29] in module zipdma_s2mm is either unconnected or has no load
WARNING: [Synth 8-7129] Port i_wr_data[28] in module zipdma_s2mm is either unconnected or has no load
WARNING: [Synth 8-7129] Port i_wr_data[27] in module zipdma_s2mm is either unconnected or has no load
WARNING: [Synth 8-7129] Port i_wr_data[26] in module zipdma_s2mm is either unconnected or has no load
WARNING: [Synth 8-7129] Port i_wr_data[25] in module zipdma_s2mm is either unconnected or has no load
WARNING: [Synth 8-7129] Port i_wr_data[24] in module zipdma_s2mm is either unconnected or has no load
WARNING: [Synth 8-7129] Port i_wr_data[23] in module zipdma_s2mm is either unconnected or has no load
WARNING: [Synth 8-7129] Port i_wr_data[22] in module zipdma_s2mm is either unconnected or has no load
WARNING: [Synth 8-7129] Port i_wr_data[21] in module zipdma_s2mm is either unconnected or has no load
WARNING: [Synth 8-7129] Port i_wr_data[20] in module zipdma_s2mm is either unconnected or has no load
WARNING: [Synth 8-7129] Port i_wr_data[19] in module zipdma_s2mm is either unconnected or has no load
WARNING: [Synth 8-7129] Port i_wr_data[18] in module zipdma_s2mm is either unconnected or has no load
WARNING: [Synth 8-7129] Port i_wr_data[17] in module zipdma_s2mm is either unconnected or has no load
WARNING: [Synth 8-7129] Port i_wr_data[16] in module zipdma_s2mm is either unconnected or has no load
WARNING: [Synth 8-7129] Port i_wr_data[15] in module zipdma_s2mm is either unconnected or has no load
WARNING: [Synth 8-7129] Port i_wr_data[14] in module zipdma_s2mm is either unconnected or has no load
WARNING: [Synth 8-7129] Port i_wr_data[13] in module zipdma_s2mm is either unconnected or has no load
WARNING: [Synth 8-7129] Port i_wr_data[12] in module zipdma_s2mm is either unconnected or has no load
WARNING: [Synth 8-7129] Port i_wr_data[11] in module zipdma_s2mm is either unconnected or has no load
WARNING: [Synth 8-7129] Port i_wr_data[10] in module zipdma_s2mm is either unconnected or has no load
WARNING: [Synth 8-7129] Port i_wr_data[9] in module zipdma_s2mm is either unconnected or has no load
WARNING: [Synth 8-7129] Port i_wr_data[8] in module zipdma_s2mm is either unconnected or has no load
WARNING: [Synth 8-7129] Port i_wr_data[7] in module zipdma_s2mm is either unconnected or has no load
WARNING: [Synth 8-7129] Port i_wr_data[6] in module zipdma_s2mm is either unconnected or has no load
WARNING: [Synth 8-7129] Port i_wr_data[5] in module zipdma_s2mm is either unconnected or has no load
WARNING: [Synth 8-7129] Port i_wr_data[4] in module zipdma_s2mm is either unconnected or has no load
WARNING: [Synth 8-7129] Port i_wr_data[3] in module zipdma_s2mm is either unconnected or has no load
WARNING: [Synth 8-7129] Port i_wr_data[2] in module zipdma_s2mm is either unconnected or has no load
WARNING: [Synth 8-7129] Port i_wr_data[1] in module zipdma_s2mm is either unconnected or has no load
WARNING: [Synth 8-7129] Port i_wr_data[0] in module zipdma_s2mm is either unconnected or has no load
WARNING: [Synth 8-7129] Port M_READY in module zipdma_mm2s is either unconnected or has no load
WARNING: [Synth 8-7129] Port i_cyc in module zipdma_ctrl is either unconnected or has no load
WARNING: [Synth 8-7129] Port la_data_in[127] in module TopLevel is either unconnected or has no load
WARNING: [Synth 8-7129] Port la_data_in[126] in module TopLevel is either unconnected or has no load
WARNING: [Synth 8-7129] Port la_data_in[125] in module TopLevel is either unconnected or has no load
WARNING: [Synth 8-7129] Port la_data_in[124] in module TopLevel is either unconnected or has no load
WARNING: [Synth 8-7129] Port la_data_in[123] in module TopLevel is either unconnected or has no load
WARNING: [Synth 8-7129] Port la_data_in[122] in module TopLevel is either unconnected or has no load
WARNING: [Synth 8-7129] Port la_data_in[121] in module TopLevel is either unconnected or has no load
WARNING: [Synth 8-7129] Port la_data_in[120] in module TopLevel is either unconnected or has no load
WARNING: [Synth 8-7129] Port la_data_in[119] in module TopLevel is either unconnected or has no load
WARNING: [Synth 8-7129] Port la_data_in[118] in module TopLevel is either unconnected or has no load
WARNING: [Synth 8-7129] Port la_data_in[117] in module TopLevel is either unconnected or has no load
WARNING: [Synth 8-7129] Port la_data_in[116] in module TopLevel is either unconnected or has no load
WARNING: [Synth 8-7129] Port la_data_in[115] in module TopLevel is either unconnected or has no load
WARNING: [Synth 8-7129] Port la_data_in[114] in module TopLevel is either unconnected or has no load
WARNING: [Synth 8-7129] Port la_data_in[113] in module TopLevel is either unconnected or has no load
WARNING: [Synth 8-7129] Port la_data_in[112] in module TopLevel is either unconnected or has no load
WARNING: [Synth 8-7129] Port la_data_in[111] in module TopLevel is either unconnected or has no load
WARNING: [Synth 8-7129] Port la_data_in[110] in module TopLevel is either unconnected or has no load
WARNING: [Synth 8-7129] Port la_data_in[109] in module TopLevel is either unconnected or has no load
WARNING: [Synth 8-7129] Port la_data_in[108] in module TopLevel is either unconnected or has no load
WARNING: [Synth 8-7129] Port la_data_in[107] in module TopLevel is either unconnected or has no load
WARNING: [Synth 8-7129] Port la_data_in[106] in module TopLevel is either unconnected or has no load
WARNING: [Synth 8-7129] Port la_data_in[105] in module TopLevel is either unconnected or has no load
WARNING: [Synth 8-7129] Port la_data_in[104] in module TopLevel is either unconnected or has no load
WARNING: [Synth 8-7129] Port la_data_in[103] in module TopLevel is either unconnected or has no load
WARNING: [Synth 8-7129] Port la_data_in[102] in module TopLevel is either unconnected or has no load
WARNING: [Synth 8-7129] Port la_data_in[101] in module TopLevel is either unconnected or has no load
WARNING: [Synth 8-7129] Port la_data_in[100] in module TopLevel is either unconnected or has no load
WARNING: [Synth 8-7129] Port la_data_in[99] in module TopLevel is either unconnected or has no load
WARNING: [Synth 8-7129] Port la_data_in[98] in module TopLevel is either unconnected or has no load
WARNING: [Synth 8-7129] Port la_data_in[97] in module TopLevel is either unconnected or has no load
WARNING: [Synth 8-7129] Port la_data_in[96] in module TopLevel is either unconnected or has no load
WARNING: [Synth 8-7129] Port la_data_in[95] in module TopLevel is either unconnected or has no load
WARNING: [Synth 8-7129] Port la_data_in[94] in module TopLevel is either unconnected or has no load
WARNING: [Synth 8-7129] Port la_data_in[93] in module TopLevel is either unconnected or has no load
WARNING: [Synth 8-7129] Port la_data_in[92] in module TopLevel is either unconnected or has no load
WARNING: [Synth 8-7129] Port la_data_in[91] in module TopLevel is either unconnected or has no load
WARNING: [Synth 8-7129] Port la_data_in[90] in module TopLevel is either unconnected or has no load
WARNING: [Synth 8-7129] Port la_data_in[89] in module TopLevel is either unconnected or has no load
WARNING: [Synth 8-7129] Port la_data_in[88] in module TopLevel is either unconnected or has no load
WARNING: [Synth 8-7129] Port la_data_in[87] in module TopLevel is either unconnected or has no load
WARNING: [Synth 8-7129] Port la_data_in[86] in module TopLevel is either unconnected or has no load
WARNING: [Synth 8-7129] Port la_data_in[85] in module TopLevel is either unconnected or has no load
WARNING: [Synth 8-7129] Port la_data_in[84] in module TopLevel is either unconnected or has no load
WARNING: [Synth 8-7129] Port la_data_in[83] in module TopLevel is either unconnected or has no load
WARNING: [Synth 8-7129] Port la_data_in[82] in module TopLevel is either unconnected or has no load
WARNING: [Synth 8-7129] Port la_data_in[81] in module TopLevel is either unconnected or has no load
WARNING: [Synth 8-7129] Port la_data_in[80] in module TopLevel is either unconnected or has no load
WARNING: [Synth 8-7129] Port la_data_in[79] in module TopLevel is either unconnected or has no load
WARNING: [Synth 8-7129] Port la_data_in[78] in module TopLevel is either unconnected or has no load
WARNING: [Synth 8-7129] Port la_data_in[77] in module TopLevel is either unconnected or has no load
WARNING: [Synth 8-7129] Port la_data_in[76] in module TopLevel is either unconnected or has no load
WARNING: [Synth 8-7129] Port la_data_in[75] in module TopLevel is either unconnected or has no load
WARNING: [Synth 8-7129] Port la_data_in[74] in module TopLevel is either unconnected or has no load
WARNING: [Synth 8-7129] Port la_data_in[73] in module TopLevel is either unconnected or has no load
WARNING: [Synth 8-7129] Port la_data_in[72] in module TopLevel is either unconnected or has no load
WARNING: [Synth 8-7129] Port la_data_in[71] in module TopLevel is either unconnected or has no load
WARNING: [Synth 8-7129] Port la_data_in[70] in module TopLevel is either unconnected or has no load
WARNING: [Synth 8-7129] Port la_data_in[69] in module TopLevel is either unconnected or has no load
WARNING: [Synth 8-7129] Port la_data_in[68] in module TopLevel is either unconnected or has no load
INFO: [Common 17-14] Message 'Synth 8-7129' appears 100 times and further instances of the messages will be disabled. Use the Tcl command set_msg_config to change the current settings.
---------------------------------------------------------------------------------
Finished RTL Elaboration : Time (s): cpu = 00:00:09 ; elapsed = 00:00:10 . Memory (MB): peak = 1695.461 ; gain = 705.145
---------------------------------------------------------------------------------
---------------------------------------------------------------------------------
Start Handling Custom Attributes
---------------------------------------------------------------------------------
---------------------------------------------------------------------------------
Finished Handling Custom Attributes : Time (s): cpu = 00:00:09 ; elapsed = 00:00:10 . Memory (MB): peak = 1695.461 ; gain = 705.145
---------------------------------------------------------------------------------
---------------------------------------------------------------------------------
Finished RTL Optimization Phase 1 : Time (s): cpu = 00:00:09 ; elapsed = 00:00:10 . Memory (MB): peak = 1695.461 ; gain = 705.145
---------------------------------------------------------------------------------
Netlist sorting complete. Time (s): cpu = 00:00:00 ; elapsed = 00:00:00.302 . Memory (MB): peak = 1697.773 ; gain = 0.000
INFO: [Netlist 29-17] Analyzing 1 Unisim elements for replacement
INFO: [Netlist 29-28] Unisim Transformation completed in 0 CPU seconds
INFO: [Project 1-570] Preparing netlist for logic optimization

Processing XDC Constraints
Initializing timing engine
Parsing XDC File [d:/Github Repositories/Caravel_NPU_FPGA_2025/CARAVEL/CARAVEL.gen/sources_1/ip/bram/bram/bram_in_context.xdc] for cell 'chip_core/mprj/TopLevel/Mem/bram_wb'
Finished Parsing XDC File [d:/Github Repositories/Caravel_NPU_FPGA_2025/CARAVEL/CARAVEL.gen/sources_1/ip/bram/bram/bram_in_context.xdc] for cell 'chip_core/mprj/TopLevel/Mem/bram_wb'
Parsing XDC File [d:/Github Repositories/Caravel_NPU_FPGA_2025/CARAVEL/CARAVEL.gen/sources_1/ip/clk_fix_1/clk_fix/clk_fix_in_context.xdc] for cell 'clk_fix'
Finished Parsing XDC File [d:/Github Repositories/Caravel_NPU_FPGA_2025/CARAVEL/CARAVEL.gen/sources_1/ip/clk_fix_1/clk_fix/clk_fix_in_context.xdc] for cell 'clk_fix'
Parsing XDC File [D:/Github Repositories/Caravel_NPU_FPGA_2025/CARAVEL/CARAVEL.srcs/constrs_1/imports/new/CARVEL.xdc]
WARNING: [Constraints 18-619] A clock with name 'clock100' already exists, overwriting the previous clock with the same name. [D:/Github Repositories/Caravel_NPU_FPGA_2025/CARAVEL/CARAVEL.srcs/constrs_1/imports/new/CARVEL.xdc:1]
WARNING: [Vivado 12-661] port or pin 'clk_fix/inst/mmcm_adv_inst/CLKOUT0' not found. [D:/Github Repositories/Caravel_NPU_FPGA_2025/CARAVEL/CARAVEL.srcs/constrs_1/imports/new/CARVEL.xdc:3]
WARNING: [Vivado 12-646] clock 'clock12' not found. [D:/Github Repositories/Caravel_NPU_FPGA_2025/CARAVEL/CARAVEL.srcs/constrs_1/imports/new/CARVEL.xdc:6]
WARNING: [Vivado 12-646] clock 'clock12' not found. [D:/Github Repositories/Caravel_NPU_FPGA_2025/CARAVEL/CARAVEL.srcs/constrs_1/imports/new/CARVEL.xdc:7]
WARNING: [Vivado 12-646] clock 'clock12' not found. [D:/Github Repositories/Caravel_NPU_FPGA_2025/CARAVEL/CARAVEL.srcs/constrs_1/imports/new/CARVEL.xdc:10]
WARNING: [Vivado 12-646] clock 'clock12' not found. [D:/Github Repositories/Caravel_NPU_FPGA_2025/CARAVEL/CARAVEL.srcs/constrs_1/imports/new/CARVEL.xdc:11]
WARNING: [Vivado 12-646] clock 'clock12' not found. [D:/Github Repositories/Caravel_NPU_FPGA_2025/CARAVEL/CARAVEL.srcs/constrs_1/imports/new/CARVEL.xdc:13]
WARNING: [Vivado 12-646] clock 'clock12' not found. [D:/Github Repositories/Caravel_NPU_FPGA_2025/CARAVEL/CARAVEL.srcs/constrs_1/imports/new/CARVEL.xdc:14]
WARNING: [Vivado 12-646] clock 'clock12' not found. [D:/Github Repositories/Caravel_NPU_FPGA_2025/CARAVEL/CARAVEL.srcs/constrs_1/imports/new/CARVEL.xdc:16]
WARNING: [Vivado 12-646] clock 'clock12' not found. [D:/Github Repositories/Caravel_NPU_FPGA_2025/CARAVEL/CARAVEL.srcs/constrs_1/imports/new/CARVEL.xdc:17]
WARNING: [Vivado 12-646] clock 'clock12' not found. [D:/Github Repositories/Caravel_NPU_FPGA_2025/CARAVEL/CARAVEL.srcs/constrs_1/imports/new/CARVEL.xdc:19]
WARNING: [Vivado 12-646] clock 'clock12' not found. [D:/Github Repositories/Caravel_NPU_FPGA_2025/CARAVEL/CARAVEL.srcs/constrs_1/imports/new/CARVEL.xdc:20]
WARNING: [Vivado 12-507] No nets matched 'mprj_io_IOBUF[4]_inst/O'. [D:/Github Repositories/Caravel_NPU_FPGA_2025/CARAVEL/CARAVEL.srcs/constrs_1/imports/new/CARVEL.xdc:22]
Finished Parsing XDC File [D:/Github Repositories/Caravel_NPU_FPGA_2025/CARAVEL/CARAVEL.srcs/constrs_1/imports/new/CARVEL.xdc]
WARNING: [Project 1-498] One or more constraints failed evaluation while reading constraint file [D:/Github Repositories/Caravel_NPU_FPGA_2025/CARAVEL/CARAVEL.srcs/constrs_1/imports/new/CARVEL.xdc] and the design contains unresolved black boxes. These constraints will be read post-synthesis (as long as their source constraint file is marked as used_in_implementation) and should be applied correctly then. You should review the constraints listed in the file [.Xil/caravel_propImpl.xdc] and check the run log file to verify that these constraints were correctly applied.
INFO: [Project 1-236] Implementation specific constraints were found while reading constraint file [D:/Github Repositories/Caravel_NPU_FPGA_2025/CARAVEL/CARAVEL.srcs/constrs_1/imports/new/CARVEL.xdc]. These constraints will be ignored for synthesis but will be used in implementation. Impacted constraints are listed in the file [.Xil/caravel_propImpl.xdc].
Resolution: To avoid this warning, move constraints listed in [.Xil/caravel_propImpl.xdc] to another XDC file and exclude this new file from synthesis with the used_in_synthesis property (File Properties dialog in GUI) and re-run elaboration/synthesis.
Completed Processing XDC Constraints

Netlist sorting complete. Time (s): cpu = 00:00:00 ; elapsed = 00:00:00.009 . Memory (MB): peak = 1809.816 ; gain = 0.000
INFO: [Project 1-111] Unisim Transformation Summary:
No Unisim elements were transformed.

The system cannot find the path specified.
Constraint Validation Runtime : Time (s): cpu = 00:00:00 ; elapsed = 00:00:00.140 . Memory (MB): peak = 1809.816 ; gain = 0.000
---------------------------------------------------------------------------------
Finished Constraint Validation : Time (s): cpu = 00:00:21 ; elapsed = 00:00:22 . Memory (MB): peak = 1809.816 ; gain = 819.500
---------------------------------------------------------------------------------
---------------------------------------------------------------------------------
Start Loading Part and Timing Information
---------------------------------------------------------------------------------
Loading part: xc7a100tcsg324-1
---------------------------------------------------------------------------------
Finished Loading Part and Timing Information : Time (s): cpu = 00:00:21 ; elapsed = 00:00:22 . Memory (MB): peak = 1809.816 ; gain = 819.500
---------------------------------------------------------------------------------
---------------------------------------------------------------------------------
Start Applying 'set_property' XDC Constraints
---------------------------------------------------------------------------------
Applied set_property IO_BUFFER_TYPE = NONE for clock100. (constraint file  {d:/Github Repositories/Caravel_NPU_FPGA_2025/CARAVEL/CARAVEL.gen/sources_1/ip/clk_fix_1/clk_fix/clk_fix_in_context.xdc}, line 3).
Applied set_property CLOCK_BUFFER_TYPE = NONE for clock100. (constraint file  {d:/Github Repositories/Caravel_NPU_FPGA_2025/CARAVEL/CARAVEL.gen/sources_1/ip/clk_fix_1/clk_fix/clk_fix_in_context.xdc}, line 4).
Applied set_property KEEP_HIERARCHY = SOFT for chip_core/mprj/TopLevel/Mem/bram_wb. (constraint file  auto generated constraint).
Applied set_property KEEP_HIERARCHY = SOFT for clk_fix. (constraint file  auto generated constraint).
---------------------------------------------------------------------------------
Finished applying 'set_property' XDC Constraints : Time (s): cpu = 00:00:21 ; elapsed = 00:00:22 . Memory (MB): peak = 1809.816 ; gain = 819.500
---------------------------------------------------------------------------------
WARNING: [Synth 8-3936] Found unconnected internal register 'execute_to_memory_INSTRUCTION_reg' and it is trimmed from '32' to '30' bits. [D:/Github Repositories/Caravel_NPU_FPGA_2025/CARAVEL/CARAVEL.srcs/sources_1/imports/src/VexRiscv.v:2328]
INFO: [Synth 8-802] inferred FSM for state register 'IBusCachedPlugin_injector_port_state_reg' in module 'VexRiscv'
WARNING: [Synth 8-3936] Found unconnected internal register 'memdat_1_reg' and it is trimmed from '10' to '8' bits. [D:/Github Repositories/Caravel_NPU_FPGA_2025/CARAVEL/CARAVEL.srcs/sources_1/imports/src/mgmt_core.v:8403]
WARNING: [Synth 8-3936] Found unconnected internal register 'memdat_3_reg' and it is trimmed from '10' to '8' bits. [D:/Github Repositories/Caravel_NPU_FPGA_2025/CARAVEL/CARAVEL.srcs/sources_1/imports/src/mgmt_core.v:8420]
INFO: [Synth 8-802] inferred FSM for state register 'litespiphy_state_reg' in module 'mgmt_core'
INFO: [Synth 8-802] inferred FSM for state register 'spimaster_state_reg' in module 'mgmt_core'
INFO: [Synth 8-802] inferred FSM for state register 'grant_reg' in module 'mgmt_core'
INFO: [Synth 8-802] inferred FSM for state register 'current_state_reg' in module 'WB3_Interface'
INFO: [Synth 8-802] inferred FSM for state register 'current_state_reg' in module 'WB4_Interface'
INFO: [Synth 8-802] inferred FSM for state register 'current_state_reg' in module 'Memory_Arbiter'
INFO: [Synth 8-802] inferred FSM for state register 'current_state_reg' in module 'LUT_Arbiter'
INFO: [Synth 8-802] inferred FSM for state register 'state_reg' in module 'housekeeping_spi'
INFO: [Synth 8-802] inferred FSM for state register 'wbbd_state_reg' in module 'housekeeping'
INFO: [Synth 8-802] inferred FSM for state register 'xfer_state_reg' in module 'housekeeping'
---------------------------------------------------------------------------------------------------
                   State |                     New Encoding |                Previous Encoding 
---------------------------------------------------------------------------------------------------
                  iSTATE |                              000 |                              000
                 iSTATE0 |                              001 |                              001
                 iSTATE1 |                              010 |                              010
                 iSTATE2 |                              011 |                              011
                 iSTATE3 |                              100 |                              100
---------------------------------------------------------------------------------------------------
INFO: [Synth 8-3354] encoded FSM with state register 'IBusCachedPlugin_injector_port_state_reg' using encoding 'sequential' in module 'VexRiscv'
---------------------------------------------------------------------------------------------------
                   State |                     New Encoding |                Previous Encoding 
---------------------------------------------------------------------------------------------------
                 iSTATE1 |                              001 |                               00
                  iSTATE |                              010 |                               10
                 iSTATE0 |                              100 |                               01
---------------------------------------------------------------------------------------------------
INFO: [Synth 8-3354] encoded FSM with state register 'grant_reg' using encoding 'one-hot' in module 'mgmt_core'
---------------------------------------------------------------------------------------------------
                   State |                     New Encoding |                Previous Encoding 
---------------------------------------------------------------------------------------------------
                 iSTATE1 |                               00 |                               00
*
                  iSTATE |                               01 |                               01
                 iSTATE0 |                               10 |                               10
                 iSTATE2 |                               11 |                               11
---------------------------------------------------------------------------------------------------
INFO: [Synth 8-3354] encoded FSM with state register 'spimaster_state_reg' using encoding 'sequential' in module 'mgmt_core'
---------------------------------------------------------------------------------------------------
                   State |                     New Encoding |                Previous Encoding 
---------------------------------------------------------------------------------------------------
                 iSTATE1 |                               00 |                               00
*
                  iSTATE |                               01 |                               01
                 iSTATE0 |                               10 |                               10
                 iSTATE2 |                               11 |                               11
---------------------------------------------------------------------------------------------------
INFO: [Synth 8-3354] encoded FSM with state register 'litespiphy_state_reg' using encoding 'sequential' in module 'mgmt_core'
---------------------------------------------------------------------------------------------------
                   State |                     New Encoding |                Previous Encoding 
---------------------------------------------------------------------------------------------------
                   READY |                              001 |                               00
               WRITE_ACK |                              010 |                               10
                READ_ACK |                              100 |                               01
---------------------------------------------------------------------------------------------------
INFO: [Synth 8-3354] encoded FSM with state register 'current_state_reg' using encoding 'one-hot' in module 'WB3_Interface'
---------------------------------------------------------------------------------------------------
                   State |                     New Encoding |                Previous Encoding 
---------------------------------------------------------------------------------------------------
                   READY |                               00 |                               00
                READ_ACK |                               01 |                               01
               WRITE_ACK |                               10 |                               10
---------------------------------------------------------------------------------------------------
INFO: [Synth 8-3354] encoded FSM with state register 'current_state_reg' using encoding 'sequential' in module 'WB4_Interface'
---------------------------------------------------------------------------------------------------
                   State |                     New Encoding |                Previous Encoding 
---------------------------------------------------------------------------------------------------
                    FREE |                               00 |                               00
              PROCESSING |                               01 |                               01
                     ACK |                               10 |                               10
---------------------------------------------------------------------------------------------------
INFO: [Synth 8-3354] encoded FSM with state register 'current_state_reg' using encoding 'sequential' in module 'Memory_Arbiter'
---------------------------------------------------------------------------------------------------
                   State |                     New Encoding |                Previous Encoding 
---------------------------------------------------------------------------------------------------
                    FREE |                             0001 |                               00
              PROCESSING |                             0010 |                               01
               WAIT_READ |                             0100 |                               10
                    READ |                             1000 |                               11
---------------------------------------------------------------------------------------------------
INFO: [Synth 8-3354] encoded FSM with state register 'current_state_reg' using encoding 'one-hot' in module 'LUT_Arbiter'
---------------------------------------------------------------------------------------------------
                   State |                     New Encoding |                Previous Encoding 
---------------------------------------------------------------------------------------------------
                 iSTATE0 |                            00001 |                              000
                 iSTATE1 |                            00010 |                              101
                 iSTATE3 |                            00100 |                              100
                 iSTATE2 |                            01000 |                              001
                  iSTATE |                            10000 |                              010
*
---------------------------------------------------------------------------------------------------
INFO: [Synth 8-3354] encoded FSM with state register 'state_reg' using encoding 'one-hot' in module 'housekeeping_spi'
---------------------------------------------------------------------------------------------------
                   State |                     New Encoding |                Previous Encoding 
---------------------------------------------------------------------------------------------------
                  iSTATE |                               00 |                               00
                 iSTATE1 |                               01 |                               01
                 iSTATE0 |                               10 |                               10
                 iSTATE2 |                               11 |                               11
---------------------------------------------------------------------------------------------------
INFO: [Synth 8-3354] encoded FSM with state register 'xfer_state_reg' using encoding 'sequential' in module 'housekeeping'
---------------------------------------------------------------------------------------------------
                   State |                     New Encoding |                Previous Encoding 
---------------------------------------------------------------------------------------------------
                 iSTATE4 |                             0000 |                             0000
                 iSTATE3 |                             0001 |                             0001
                 iSTATE1 |                             0010 |                             0010
                  iSTATE |                             0011 |                             0011
                 iSTATE0 |                             0100 |                             0100
                 iSTATE9 |                             0101 |                             0101
                 iSTATE8 |                             0110 |                             0110
                 iSTATE6 |                             0111 |                             0111
                 iSTATE7 |                             1000 |                             1000
                 iSTATE5 |                             1001 |                             1001
                 iSTATE2 |                             1010 |                             1010
---------------------------------------------------------------------------------------------------
INFO: [Synth 8-3354] encoded FSM with state register 'wbbd_state_reg' using encoding 'sequential' in module 'housekeeping'
---------------------------------------------------------------------------------
Finished RTL Optimization Phase 2 : Time (s): cpu = 00:00:29 ; elapsed = 00:00:30 . Memory (MB): peak = 1809.816 ; gain = 819.500
---------------------------------------------------------------------------------
INFO: [Synth 8-223] decloning instance 'chip_core/gpio_defaults_block_0' (gpio_defaults_block) to 'chip_core/gpio_defaults_block_2'
INFO: [Synth 8-223] decloning instance 'chip_core/gpio_defaults_block_0' (gpio_defaults_block) to 'chip_core/gpio_defaults_block_3'
INFO: [Synth 8-223] decloning instance 'chip_core/gpio_defaults_block_0' (gpio_defaults_block) to 'chip_core/gpio_defaults_block_4'
INFO: [Synth 8-223] decloning instance 'chip_core/gpio_defaults_block_0' (gpio_defaults_block) to 'chip_core/gpio_defaults_block_5'
INFO: [Synth 8-223] decloning instance 'chip_core/gpio_defaults_block_0' (gpio_defaults_block) to 'chip_core/gpio_defaults_block_7'
INFO: [Synth 8-223] decloning instance 'chip_core/gpio_defaults_block_0' (gpio_defaults_block) to 'chip_core/gpio_defaults_block_8'
INFO: [Synth 8-223] decloning instance 'chip_core/gpio_defaults_block_0' (gpio_defaults_block) to 'chip_core/gpio_defaults_block_9'
INFO: [Synth 8-223] decloning instance 'chip_core/gpio_defaults_block_0' (gpio_defaults_block) to 'chip_core/gpio_defaults_block_10'
INFO: [Synth 8-223] decloning instance 'chip_core/gpio_defaults_block_0' (gpio_defaults_block) to 'chip_core/gpio_defaults_block_11'
INFO: [Synth 8-223] decloning instance 'chip_core/gpio_defaults_block_0' (gpio_defaults_block) to 'chip_core/gpio_defaults_block_12'
INFO: [Synth 8-223] decloning instance 'chip_core/gpio_defaults_block_0' (gpio_defaults_block) to 'chip_core/gpio_defaults_block_13'
INFO: [Synth 8-223] decloning instance 'chip_core/gpio_defaults_block_0' (gpio_defaults_block) to 'chip_core/gpio_defaults_block_14'
INFO: [Synth 8-223] decloning instance 'chip_core/gpio_defaults_block_0' (gpio_defaults_block) to 'chip_core/gpio_defaults_block_15'
INFO: [Synth 8-223] decloning instance 'chip_core/gpio_defaults_block_0' (gpio_defaults_block) to 'chip_core/gpio_defaults_block_16'
INFO: [Synth 8-223] decloning instance 'chip_core/gpio_defaults_block_0' (gpio_defaults_block) to 'chip_core/gpio_defaults_block_17'
INFO: [Synth 8-223] decloning instance 'chip_core/gpio_defaults_block_0' (gpio_defaults_block) to 'chip_core/gpio_defaults_block_18'
INFO: [Synth 8-223] decloning instance 'chip_core/gpio_defaults_block_0' (gpio_defaults_block) to 'chip_core/gpio_defaults_block_19'
INFO: [Synth 8-223] decloning instance 'chip_core/gpio_defaults_block_0' (gpio_defaults_block) to 'chip_core/gpio_defaults_block_20'
INFO: [Synth 8-223] decloning instance 'chip_core/gpio_defaults_block_0' (gpio_defaults_block) to 'chip_core/gpio_defaults_block_21'
INFO: [Synth 8-223] decloning instance 'chip_core/gpio_defaults_block_0' (gpio_defaults_block) to 'chip_core/gpio_defaults_block_22'
INFO: [Synth 8-223] decloning instance 'chip_core/gpio_defaults_block_0' (gpio_defaults_block) to 'chip_core/gpio_defaults_block_23'
INFO: [Synth 8-223] decloning instance 'chip_core/gpio_defaults_block_0' (gpio_defaults_block) to 'chip_core/gpio_defaults_block_24'
INFO: [Synth 8-223] decloning instance 'chip_core/gpio_defaults_block_0' (gpio_defaults_block) to 'chip_core/gpio_defaults_block_25'
INFO: [Synth 8-223] decloning instance 'chip_core/gpio_defaults_block_0' (gpio_defaults_block) to 'chip_core/gpio_defaults_block_26'
INFO: [Synth 8-223] decloning instance 'chip_core/gpio_defaults_block_0' (gpio_defaults_block) to 'chip_core/gpio_defaults_block_27'
INFO: [Synth 8-223] decloning instance 'chip_core/gpio_defaults_block_0' (gpio_defaults_block) to 'chip_core/gpio_defaults_block_28'
INFO: [Synth 8-223] decloning instance 'chip_core/gpio_defaults_block_0' (gpio_defaults_block) to 'chip_core/gpio_defaults_block_29'
INFO: [Synth 8-223] decloning instance 'chip_core/gpio_defaults_block_0' (gpio_defaults_block) to 'chip_core/gpio_defaults_block_30'
INFO: [Synth 8-223] decloning instance 'chip_core/gpio_defaults_block_0' (gpio_defaults_block) to 'chip_core/gpio_defaults_block_31'
INFO: [Synth 8-223] decloning instance 'chip_core/gpio_defaults_block_0' (gpio_defaults_block) to 'chip_core/gpio_defaults_block_32'
INFO: [Synth 8-223] decloning instance 'chip_core/gpio_defaults_block_0' (gpio_defaults_block) to 'chip_core/gpio_defaults_block_33'
INFO: [Synth 8-223] decloning instance 'chip_core/gpio_defaults_block_0' (gpio_defaults_block) to 'chip_core/gpio_defaults_block_34'
INFO: [Synth 8-223] decloning instance 'chip_core/gpio_defaults_block_0' (gpio_defaults_block) to 'chip_core/gpio_defaults_block_35'
INFO: [Synth 8-223] decloning instance 'chip_core/gpio_defaults_block_0' (gpio_defaults_block) to 'chip_core/gpio_defaults_block_36'
INFO: [Synth 8-223] decloning instance 'chip_core/gpio_defaults_block_0' (gpio_defaults_block) to 'chip_core/gpio_defaults_block_37'
INFO: [Synth 8-223] decloning instance 'chip_core/gpio_defaults_block_1' (gpio_defaults_block__parameterized0) to 'chip_core/gpio_defaults_block_6'
